('', '华兴荣小区 3室2厅 116万', '华兴荣小区  ', '中楼层(共8层)暂无数据  -  琼山', '116万', '单价10513元/平米')
('', '佳元▪江畔人家 3室2厅 280万', '佳元▪江畔人家  ', '低楼层(共14层)暂无数据  -  琼山', '280万', '单价21875元/平米')
('', '东盛名苑位于高铁东战出行方便。', '东盛名苑  ', '高楼层(共18层)暂无数据  -  琼山', '216万', '单价15198元/平米')
('https://image1.ljcdn.com/460100-inspection/701b175d-95e5-44eb-9e3b-217ba9efa30a.jpg.296x216.jpg', '红城湖国际广场 2室2厅 160万', '红城湖国际广场  ', '中楼层(共26层)暂无数据  -  琼山', '160万', '单价16157元/平米')
('', '琼山 联华翡翠水城 三房两厅 朝南户型 小区坏境好', '联华翡翠水城  ', '低楼层(共24层)板塔结合  -  琼山', '178万', '单价17800元/平米')
('', '琼州大道135号 1室0厅 65.7万', '琼州大道135号  ', '高楼层(共17层)暂无数据  -  琼山', '65.7万', '单价14501元/平米')
('', '海南省干部疗养院一房精装修出售', '海南省干部疗养院  ', '低楼层(共9层)暂无数据  -  琼山', '62.5万', '单价17858元/平米')
('https://image1.ljcdn.com/460100-inspection/cabffcf8-629b-446b-b3be-fef5633331ce.jpg.296x216.jpg', '琼山区政府三角公园旁 嵩阳大厦  精装一房 高层', '嵩阳大厦  ', '高楼层(共11层)暂无数据  -  琼山', '38.8万', '单价11677元/平米')
('', '港苑 1房2厅1厨1卫 满二 看房方便 采光充足', '港苑  ', '高楼层(共16层)暂无数据  -  琼山', '98万', '单价15147元/平米')
('', '龙昆南路 龙昆雅居 3房2厅1厨1卫 满二年 交通便利', '龍昆雅居  ', '中楼层(共17层)暂无数据  -  琼山', '208万', '单价16911元/平米')
('https://image1.ljcdn.com/460100-inspection/0466dab6-a74f-4409-91cd-4c33d03b43fe.jpg.296x216.jpg', '琼山区  电梯精装2房  出行便利', '龙湖公寓  ', '高楼层(共7层)暂无数据  -  琼山', '72万', '单价16850元/平米')
('', '户型方正 采光充足 高楼层 视野开阔 出行方便', '下洋路9号  ', '低楼层(共11层)暂无数据  -  美兰', '220万', '单价14247元/平米')
('https://image1.ljcdn.com/460100-inspection/5bb6b5e3-ceab-4ff4-b025-48d36f4dfcb8.jpg.296x216.jpg', '龙昆南《佳宝花园》龙昆南主路旁 椰岛华庭隔壁', '佳宝花园  ', '高楼层(共18层)暂无数据  -  琼山', '198万', '单价15866元/平米')
('', '滨江公园旁  近国兴大润发  大三房  毛坯  明厨明卫', '和风江岸  ', '高楼层(共33层)暂无数据  -  美兰', '370万', '单价23871元/平米')
('https://image1.ljcdn.com/460100-inspection/eb14b037-ba78-43f8-afb3-ff51a7360bef.jpg.296x216.jpg', '龙昆南路 港苑小区 交通便利 精装三房', '港苑  ', '中楼层(共27层)暂无数据  -  琼山', '130.8万', '单价12296元/平米')
('', '福祥家园 3室2厅 220万', '福祥家园  ', '低楼层(共12层)暂无数据  -  琼山', '220万', '单价18793元/平米')
('https://image1.ljcdn.com/460100-inspection/997fa060-6f43-418e-87a7-099d0e97a13e.jpg.296x216.jpg', '高登东街 攀枝花苑 正规大三房 一梯2户', '攀枝花苑  ', '低楼层(共8层)暂无数据  -  琼山', '148万', '单价14358元/平米')
('', '龙昆南，高铁站旁边。正规二房诚意出售', '景怡苑  ', '中楼层(共14层)暂无数据  -  琼山', '130万', '单价16829元/平米')
('https://image1.ljcdn.com/460100-inspection/2d00f126-189d-4591-98e3-2c3159472c45.jpg.296x216.jpg', '琼山土产日杂公司 4房2厅1厨2卫 中等装修 满五多套', '海口琼山土产日杂公司  ', '中楼层(共8层)暂无数据  -  琼山', '135万', '单价10547元/平米')
('', '府城大型小区《金鹿花园》电梯四房 高层 满五唯一', '金鹿花园  ', '中楼层(共8层)暂无数据  -  琼山', '208万', '单价13199元/平米')
('', '3室2厅1卫 朝向南北采光好，无遮挡', '印刷厂宿舍  ', '中楼层(共8层)暂无数据  -  琼山', '155万', '单价14273元/平米')
('https://image1.ljcdn.com/460100-inspection/e4f01a2c-729e-4ec0-8ca9-984f2c7e3c27.jpg.296x216.jpg', '江南公寓2004年小区，产权清晰，随时签约看房方便', '江南公寓  ', '低楼层(共20层)暂无数据  -  琼山', '39万', '单价14291元/平米')
('https://image1.ljcdn.com/460100-inspection/962a620d-1e0e-403c-b41d-78d67823dfca.jpg.296x216.jpg', '高登大厦 153.3平 167万 精装修 采光充足，视野宽阔。', '高登大厦  ', '高楼层(共11层)暂无数据  -  琼山', '167万', '单价10894元/平米')
('', '凤翔东路，次新小区，中间楼层，大空间采光好。', '绿色佳园  ', '中楼层(共6层)暂无数据  -  琼山', '275万', '单价18294元/平米')
('', '中豪花园  电梯三房  采光通风充足', '中豪花園  ', '中楼层(共6层)暂无数据  -  琼山', '170万', '单价15233元/平米')
('https://image1.ljcdn.com/460100-inspection/1dade803-710b-4bcb-9ca7-bc6420bd9a04.jpg.296x216.jpg', '荣静大厦 满五年唯一 视野开阔 采光充足', '荣静大厦  ', '高楼层(共20层)暂无数据  -  琼山', '130万', '单价12126元/平米')
('https://image1.ljcdn.com/460100-inspection/d06e27d6-65fe-4ee1-8ecb-4ed701bc8910.jpg.296x216.jpg', '榜铭小区，正规两房两厅，精装修！', '榜铭小区  ', '低楼层(共19层)暂无数据  -  琼山', '138万', '单价16098元/平米')
('', '此房位置地段繁华，居住很好的选择，产权清晰看房方便', '红城湖国际广场  ', '低楼层(共26层)暂无数据  -  琼山', '205万', '单价16142元/平米')
('', '国兴商圈 精装一房 户型方正 生活便利 满二', '盛达景都（一期）  ', '中楼层(共33层)暂无数据  -  美兰', '97万', '单价23096元/平米')
('https://image1.ljcdn.com/460100-inspection/d720b63d-f5e9-4fa8-a511-f391d374c5a0.jpg.296x216.jpg', '府城凤翔东路 绿色佳园 精装大三房', '绿色佳园  ', '低楼层(共6层)暂无数据  -  琼山', '239.8万', '单价15701元/平米')
('https://image1.ljcdn.com/460100-inspection/05555698-1074-45f1-9539-69c9c1180e6a.jpg.296x216.jpg', '国兴商圈，正规三房，看房方便，小区环境优美。', '学苑公馆  ', '中楼层(共21层)暂无数据  -  琼山', '220万', '单价18017元/平米')
('', '小户型，高楼层，前方无遮挡，视野开阔', '滨江熙岸  ', '中楼层(共26层)暂无数据  -  琼山', '75万', '单价19036元/平米')
('', '海口琼山区 滨河华庭 两房 8楼  看房提前约', '滨河华庭  ', '低楼层(共26层)塔楼  -  琼山', '165万', '单价18750元/平米')
('https://image1.ljcdn.com/460100-inspection/16e6990c-04a0-4149-ab5b-b5abfa0753d0.jpg.296x216.jpg', '滨江路 佳元·江畔人家 成熟小区  管理好  诚心卖房', '佳元▪江畔人家  ', '低楼层(共13层)暂无数据  -  琼山', '128万', '单价20500元/平米')
('https://image1.ljcdn.com/460100-inspection/dc84fd52-f41a-4ea2-a00e-222fcbc00043.jpg.296x216.jpg', '满五唯一，税费少，精装修 业主诚心出售', '帝和华庭  ', '中楼层(共11层)暂无数据  -  琼山', '260万', '单价19597元/平米')
('', '泽丰花园精装四房业主诚心出售 国兴CBD', '泽丰花园  ', '高楼层(共18层)塔楼  -  美兰', '280万', '单价20000元/平米')
('', '佳宝花园 三房两厅 高登西街户型方正实用通风采光好', '佳宝花园  ', '中楼层(共18层)暂无数据  -  琼山', '187.3万', '单价15000元/平米')
('', '琼山区 龙昆南路 宜家广场 2房', '宜家广场  ', '中楼层(共30层)暂无数据  -  琼山', '120万', '单价17143元/平米')
('', '佳元天上人间 3室2厅 230万', '佳元天上人间  ', '中楼层(共9层)暂无数据  -  琼山', '230万', '单价13295元/平米')
('', '三林怡和园小区 正规小两房 户型方正', '怡和园小区  ', '中楼层(共17层)暂无数据  -  琼山', '116万', '单价17847元/平米')
('', '国兴兴丹路德盛华庭精装修3房2厅', '德盛华庭  ', '低楼层(共26层)暂无数据  -  琼山', '188万', '单价15935元/平米')
('https://image1.ljcdn.com/460100-inspection/4836af9e-5417-4844-98cb-eb5f4f74e1f9.jpg.296x216.jpg', '滨江路 天上人间3房2厅1厨两卫 142平售227万', '佳元天上人间  ', '低楼层(共9层)暂无数据  -  琼山', '216万', '单价19669元/平米')
('', '三房两厅，格局方正，采光通风效果好，南北通透', '天龙湾  ', '中楼层(共19层)暂无数据  -  琼山', '188万', '单价13926元/平米')
('https://image1.ljcdn.com/460100-inspection/ecf54424-6647-49df-9a3e-a1ddba8edbb4.jpg.296x216.jpg', '天鹅花园 3室2厅 155万', '天鹅花园  ', '中楼层(共24层)暂无数据  -  琼山', '155万', '单价11982元/平米')
('', '国托公寓2房2厅精装修拎包入住', '国托公寓  ', '高楼层(共26层)暂无数据  -  琼山', '168万', '单价16800元/平米')
('https://image1.ljcdn.com/460100-inspection/249bd85c-5ec6-4dfb-9ce8-a89133025d53.jpg.296x216.jpg', '琼山五小旁 精装三房 低层 户型方正', '江南公寓  ', '低楼层(共20层)暂无数据  -  琼山', '142.8万', '单价15019元/平米')
('', '中景花园，精装修，采光好，户型正。', '中景花园  ', '高楼层(共24层)暂无数据  -  琼山', '160万', '单价18391元/平米')
('https://image1.ljcdn.com/460100-inspection/5a62537c-f14c-425b-a736-a345113ee32f.jpg.296x216.jpg', '华兴荣小区 府城精装三房 98平仅售121万！', '华兴荣小区  ', '高楼层(共8层)暂无数据  -  琼山', '121万', '单价12347元/平米')
('https://image1.ljcdn.com/460100-inspection/e1ec1ffc-8b32-4569-b3ed-3a798e903470.jpg.296x216.jpg', '2010年左右的新校区，正规两房加小书房', '海阳小区  ', '低楼层(共9层)暂无数据  -  琼山', '135.8万', '单价16988元/平米')
('', '皇家花园 4室2厅 168万', '皇家花园  ', '高楼层(共28层)暂无数据  -  琼山', '168万', '单价14359元/平米')
('https://image1.ljcdn.com/460100-inspection/9851c6bf-291d-4048-90d7-16c50bf3c073.jpg.296x216.jpg', '五公祠旁 汽车东站 画苑小区3房98万', '画苑小区  ', '高楼层(共6层)暂无数据  -  琼山', '98万', '单价11620元/平米')
('', '隆基大厦 户型好  采光通风棒', '隆基大厦  ', '高楼层(共17层)塔楼  -  琼山', '150万', '单价11381元/平米')
('https://image1.ljcdn.com/460100-inspection/a4f48e8d-faff-4f49-8726-f7cba991f8f9.jpg.296x216.jpg', '凤翔大夏三房楼层风景好，停车充足，即可拎包入住。', '凤翔大厦  ', '低楼层(共24层)塔楼  -  琼山', '170万', '单价12891元/平米')
('', '琼山大道 邻美舍河 精装4房两厅', '宝利名都  ', '低楼层(共13层)暂无数据  -  琼山', '180万', '单价12500元/平米')
('https://image1.ljcdn.com/460100-inspection/704ee10a-6ef1-4d7c-9fe4-c9cae326b0da.jpg.296x216.jpg', '龙湖公寓 2室1厅 82.8万', '龙湖公寓  ', '高楼层(共9层)暂无数据  -  琼山', '82.8万', '单价16919元/平米')
('', '嵩阳大厦 大开间 满五年唯一 采光充足', '嵩阳大厦  ', '中楼层(共11层)暂无数据  -  琼山', '39万', '单价11819元/平米')
('https://image1.ljcdn.com/460100-inspection/95dc4042-7657-4738-8130-db26f621253f.jpg.296x216.jpg', '汇隆广场中楼层2室2厅，满五唯一房', '汇隆广场  ', '中楼层(共21层)暂无数据  -  琼山', '98万', '单价10897元/平米')
('', '广物滨江帝景Ⅱ期 3室2厅 335.8万', '广物滨江帝景Ⅱ期  ', '高楼层(共24层)暂无数据  -  琼山', '335.8万', '单价23000元/平米')
('https://image1.ljcdn.com/460100-inspection/cb8991fc-776f-4085-a1a8-99149d5d2798.jpg.296x216.jpg', '福成大社区 金鹿花园  四房两卫三阳台 满五多套', '金鹿花园  ', '中楼层(共8层)暂无数据  -  琼山', '208万', '单价13249元/平米')
('', '经典3房2厅设计，全明户型，采光充足，通风好', '福祥家园  ', '低楼层(共12层)暂无数据  -  琼山', '238万', '单价15726元/平米')
('https://image1.ljcdn.com/460100-inspection/4e27d84e-52ba-406c-8d62-d1854853fc41.jpg.296x216.jpg', '琼山区 天鹅花园  103平 2房  欢迎来电咨询', '天鹅花园  ', '高楼层(共24层)暂无数据  -  琼山', '153万', '单价14786元/平米')
('', '中间楼层，视野好，采光充足。。', '春江壹号  ', '中楼层(共18层)暂无数据  -  美兰', '218万', '单价19154元/平米')
('https://image1.ljcdn.com/460100-inspection/e1534e8b-7fdc-4398-bdb9-da490fe7c225.jpg.296x216.jpg', '琼建大楼 四房两厅一厨两卫 满五多套 可按揭', '琼建大楼  ', '中楼层(共9层)暂无数据  -  琼山', '198万', '单价13494元/平米')
('', '3房2厅1卫的经典户型，采光充足，通风良好。', '泽丰花园  ', '中楼层(共8层)塔楼  -  美兰', '285万', '单价20008元/平米')
('https://image1.ljcdn.com/460100-inspection/5c824456-bceb-4ba1-a266-f9f9b221083d.jpg.296x216.jpg', '美舍香槟  房子户型方正，采光充足  通风透气', '美舍香槟  ', '中楼层(共14层)暂无数据  -  琼山', '173万', '单价18603元/平米')
('', '大型小区，自成体系，配套都已成熟。', '南国威尼斯城  ', '中楼层(共16层)板楼  -  琼山', '98万', '单价17346元/平米')
('https://image1.ljcdn.com/460100-inspection/020ed45a-52ed-48a2-9876-ab755bdcb03c.jpg.296x216.jpg', '海口 琼山 府城 高铁东站 水果市场 超市 旁 天鹅花园', '天鹅花园  ', '低楼层(共9层)暂无数据  -  琼山', '128.8万', '单价15539元/平米')
('', '此房格局好  户型方正 通风采光 好', '榕景苑  ', '中楼层(共9层)板塔结合  -  龙华', '155万', '单价17211元/平米')
('https://image1.ljcdn.com/460100-inspection/1aeba7e1-a3c4-4a6c-847b-3e4122c98308.jpg.296x216.jpg', '中等装修，高楼层，满五唯一，采光好', '榜铭小区  ', '高楼层(共19层)暂无数据  -  琼山', '150万', '单价17499元/平米')
('', '国兴大润发旁 盛达景都二期 南北格局 三房 满二', '盛达景都二期  ', '低楼层(共33层)板楼  -  美兰', '290万', '单价20963元/平米')
('https://image1.ljcdn.com/460100-inspection/b1e62d05-c819-48d2-a97d-64666ada11ea.jpg.296x216.jpg', '天鹅花园 3室2厅 113万', '天鹅花园  ', '中楼层(共9层)暂无数据  -  琼山', '113万', '单价13279元/平米')
('', '嵩阳大厦位临琼山区政府，正面三角公园，位于步行街。', '嵩阳大厦  ', '高楼层(共11层)暂无数据  -  琼山', '36万', '单价10910元/平米')
('https://image1.ljcdn.com/460100-inspection/c8bc5727-560f-4e7a-a58e-107b56614896.jpg.296x216.jpg', '澳华大厦，朝南采光充足，满五多套。', '澳华大厦  ', '中楼层(共18层)暂无数据  -  琼山', '89.8万', '单价16630元/平米')
('https://image1.ljcdn.com/460100-inspection/271202f1-a2b9-4432-8176-eb4f865a1955.jpg.296x216.jpg', '龙昆南国际广场精装3房，户型通透，提前来电', '红城湖国际广场  ', '低楼层(共26层)暂无数据  -  琼山', '168万', '单价16800元/平米')
('', '江南公寓 04年小区 简单装修单价低', '江南公寓  ', '低楼层(共20层)暂无数据  -  琼山', '175万', '单价14049元/平米')
('https://image1.ljcdn.com/460100-inspection/88524bec-82fe-4808-b2cf-32d25996509a.jpg.296x216.jpg', '海口市琼山区司法局 四房两厅 精装修 全明房 无暗房', '海口市琼山区司法局  ', '中楼层(共9层)暂无数据  -  琼山', '125万', '单价15244元/平米')
('https://image1.ljcdn.com/460100-inspection/d839c008-d1d8-4309-8cf6-04ab1e2eaf5b.jpg.296x216.jpg', '天鹅花园 3室2厅 103万', '天鹅花园  ', '高楼层(共9层)暂无数据  -  琼山', '103万', '单价11835元/平米')
('', '龙昆南大厦  142平三房  高铁东站和吾悦广场', '东盛名苑  ', '中楼层(共18层)暂无数据  -  琼山', '256万', '单价18029元/平米')
('https://image1.ljcdn.com/460100-inspection/64a5aea5-4e5e-4424-b59f-906efef08155.jpg.296x216.jpg', '满五多套，坐北朝南，有阳台，路段好', '海口市琼山区青少年宫  ', '中楼层(共9层)暂无数据  -  琼山', '138万', '单价12242元/平米')
('https://image1.ljcdn.com/460100-inspection/9032c0c9-3841-4dd3-b4dd-24066a6c2db3.jpg.296x216.jpg', '龙昆南 明光酒店旁 精装正规2房', '皇家花园  ', '中楼层(共28层)暂无数据  -  琼山', '118万', '单价16057元/平米')
('', '广物滨江帝景Ⅱ期 4室2厅 385万', '广物滨江帝景Ⅱ期  ', '中楼层(共17层)暂无数据  -  琼山', '385万', '单价22000元/平米')
('https://image1.ljcdn.com/460100-inspection/5c8738d5-71f8-4405-b31b-dea0dc0af8f3.jpg.296x216.jpg', '恒昌花园 3室2厅 125万', '恒昌花园  ', '高楼层(共8层)暂无数据  -  琼山', '125万', '单价10124元/平米')
('https://image1.ljcdn.com/460100-inspection/c8add025-440e-4093-acca-53d8fb646c1a.jpg.296x216.jpg', '滨江路佳元地产 94平 非顶楼 看房方便 诚心出售', '佳元▪江畔人家  ', '高楼层(共7层)暂无数据  -  琼山', '215万', '单价22873元/平米')
('', '天鹅花园 3室2厅 145万', '天鹅花园  ', '高楼层(共24层)暂无数据  -  琼山', '145万', '单价14078元/平米')
('https://image1.ljcdn.com/460100-inspection/6b034772-477c-4b4f-b4af-6ade85c7ea0d.jpg.296x216.jpg', '琼山区 节能大厦 正规大4房 采光好', '节能大厦  ', '中楼层(共17层)暂无数据  -  琼山', '136万', '单价9587元/平米')
('https://image1.ljcdn.com/460100-inspection/6a9ded5c-bd05-489f-8cf4-38f557fc7dc8.jpg.296x216.jpg', '国托公寓 正规大三房 普通装修 采光充足', '国托公寓  ', '高楼层(共26层)暂无数据  -  琼山', '163万', '单价15128元/平米')
('', '采光充足  全明格局 通透户型 成熟小区', '绿色佳园  ', '中楼层(共6层)暂无数据  -  琼山', '172万', '单价14701元/平米')
('https://image1.ljcdn.com/460100-inspection/795cb7da-1e9e-485c-a890-d5a793857801.jpg.296x216.jpg', '钟诚大厦   位于海南海口市龙昆南路', '钟诚大厦  ', '中楼层(共20层)暂无数据  -  琼山', '120万', '单价13794元/平米')
('https://image1.ljcdn.com/460100-inspection/a447392d-7a84-4956-b46b-8da4529c7e85.jpg.296x216.jpg', '凤翔山庄 大型社区 配套成熟 户型方正', '凤翔山庄  ', '高楼层(共10层)板楼  -  琼山', '94万', '单价10904元/平米')
('', '一线江景空中别墅，实际面积132平米，送家具家电', '滨江度假城  ', '高楼层(共19层)暂无数据  -  琼山', '216万', '单价22482元/平米')
('https://image1.ljcdn.com/460100-inspection/7f69086b-017e-46a3-97ca-213112526f49.jpg.296x216.jpg', '正规的3室2厅1厨1卫，南北通风，全明户型', '泉水山庄  ', '中楼层(共8层)暂无数据  -  琼山', '139万', '单价13496元/平米')
('https://image1.ljcdn.com/460100-inspection/b6b68791-bf5a-48be-ada2-b6efec93246b.jpg.296x216.jpg', '龙昆南路 四季华庭龙城 正规两房 精装修', '四季华庭·龙城  ', '高楼层(共24层)暂无数据  -  琼山', '145万', '单价17544元/平米')
('https://image1.ljcdn.com/460100-inspection/bdad2a71-0c5b-4558-9030-1e4e8de42e62.jpg.296x216.jpg', '府城水果市场旁天鹅花园精装3房126万', '天鹅花园  ', '低楼层(共9层)暂无数据  -  琼山', '126万', '单价15495元/平米')
('', '满五多套 税费少 看房需要提前预约 小区环境好', '桐林阁  ', '低楼层(共21层)暂无数据  -  琼山', '196万', '单价15935元/平米')
('https://image1.ljcdn.com/460100-inspection/4764a7ae-2bc7-412d-8b61-25040fb35b8d.jpg.296x216.jpg', '江畔人家，交通方便，配套齐全，业主诚心卖房', '佳元▪江畔人家  ', '中楼层(共13层)暂无数据  -  琼山', '138万', '单价21905元/平米')
('https://image1.ljcdn.com/460100-inspection/c0fd1e1a-0870-4d3c-a4ab-b768e3a8489b.jpg.296x216.jpg', '乾坤湖满二，通风采光好，家具家电全送', '乾坤湖  ', '中楼层(共16层)暂无数据  -  琼山', '97万', '单价18165元/平米')
('https://image1.ljcdn.com/460100-inspection/140357b8-f285-47ec-8383-f1d4ae62b02b.jpg.296x216.jpg', '海汽东站小区，南北通透，精简装修', '海汽东站小区  ', '低楼层(共9层)暂无数据  -  琼山', '126.8万', '单价15709元/平米')
('', '府城地段，精装二房，未满二年。', '龙泉雅居  ', '中楼层(共17层)暂无数据  -  琼山', '195万', '单价23781元/平米')
('https://image1.ljcdn.com/460100-inspection/d135b44d-bfcc-45f1-8900-ac5febf803d0.jpg.296x216.jpg', '适合老人养老  属于底楼层 出门方便。', '佳元天上人间  ', '低楼层(共9层)暂无数据  -  琼山', '265万', '单价18083元/平米')
('https://image1.ljcdn.com/460100-inspection/8d8ff3ba-34ae-4bfa-9729-1e4e3ba98b55.jpg.296x216.jpg', '琼山区大园路，凤翔新村，正规三房，大客厅精装修。', '凤翔新村  ', '低楼层(共9层)板塔结合  -  琼山', '148万', '单价14744元/平米')
('https://image1.ljcdn.com/460100-inspection/d1155552-bc56-4c47-b0fc-ba68def114d7.jpg.296x216.jpg', '高登东街 精装小两房 只要66万 低税费 随时看房', '立达花苑  ', '中楼层(共9层)暂无数据  -  琼山', '66万', '单价13954元/平米')
('', '琼山农业局宿舍  126平  140万 三房', '海口市琼山区农业局凤翔宿舍区  ', '高楼层(共8层)暂无数据  -  琼山', '140万', '单价11033元/平米')
('https://image1.ljcdn.com/460100-inspection/ed453ec9-9196-40a0-af2c-30ae14cc2259.jpg.296x216.jpg', '金竹花园 2室1厅 90万', '金竹花园  ', '中楼层(共8层)暂无数据  -  琼山', '90万', '单价12858元/平米')
('https://image1.ljcdn.com/460100-inspection/9069c16a-3bf3-494d-a8e6-895a4ec70366.jpg.296x216.jpg', '佳元天上人间 精装 三房两厅一厨两卫 满五多套', '佳元天上人间  ', '中楼层(共6层)暂无数据  -  琼山', '245万', '单价19759元/平米')
('https://image1.ljcdn.com/460100-inspection/6f3b6146-6126-4e19-a722-f3004a0768b0.jpg.296x216.jpg', '和贵公馆 两房一厅 楼层好 一线江景房', '和贵公馆  ', '高楼层(共25层)暂无数据  -  琼山', '135万', '单价19084元/平米')
('https://image1.ljcdn.com/460100-inspection/1a09590f-6ab1-47ef-a14c-c9e5a2ed9bf7.JPG.296x216.jpg', '南北朝向 精装修大三房出售 看房便利', '绿色佳园  ', '低楼层(共6层)暂无数据  -  琼山', '260万', '单价17334元/平米')
('', '翡翠水城 230平 340万 户型方正 采光充足 视野宽阔', '联华翡翠水城  ', '高楼层(共4层)板塔结合  -  琼山', '340万', '单价14783元/平米')
('https://image1.ljcdn.com/460100-inspection/785705ca-6eb0-451d-9603-17bc5365afcb.jpg.296x216.jpg', '琼山区府城地段大型小区佳园地产绿色家园', '绿色佳园  ', '中楼层(共6层)暂无数据  -  琼山', '243万', '单价13566元/平米')
('https://image1.ljcdn.com/460100-inspection/3def4347-37d5-49f5-aeb3-c6cbc1041c8e.jpg.296x216.jpg', '钟城大厦 价格合适 靠着龙昆南大润发 2房 145W', '钟诚大厦  ', '中楼层(共20层)暂无数据  -  琼山', '145万', '单价14796元/平米')
('https://image1.ljcdn.com/460100-inspection/01ed4aba-d7fb-4ea1-ba39-353ca80ec4ed.jpg.296x216.jpg', '龙昆南商圈 装修小三房  欢迎看房', '皇家花园  ', '高楼层(共28层)暂无数据  -  琼山', '128万', '单价14383元/平米')
('https://image1.ljcdn.com/460100-inspection/b1dcb29c-7c3b-4bc2-b002-595a83d998a6.jpg.296x216.jpg', '琼山区龙昆南 恒昌花园 正规三房 公摊小得房率高。', '恒昌花园  ', '中楼层(共8层)暂无数据  -  琼山', '139万', '单价13615元/平米')
('', '琼山 凤翔西 高铁东站裕通花园。', '裕通花园  ', '中楼层(共8层)暂无数据  -  琼山', '170万', '单价10614元/平米')
('https://image1.ljcdn.com/460100-inspection/8f7680e7-aa28-4b3a-94c5-c76f3d84ef84.jpg.296x216.jpg', '滨河华庭  精装修 满五年多套 采光充足', '滨河华庭  ', '中楼层(共26层)塔楼  -  琼山', '75万', '单价16667元/平米')
('https://image1.ljcdn.com/460100-inspection/ddd39f3e-5105-4913-b632-e12dfd77aec4.jpg.296x216.jpg', '龙昆南商圈 华丰大厦 毛坯 新小区', '华丰大厦  ', '低楼层(共20层)暂无数据  -  琼山', '200万', '单价12548元/平米')
('https://image1.ljcdn.com/460100-inspection/672fb4f8-870c-43de-b764-5954c1fbd04a.jpg.296x216.jpg', '怡和园小区 2室1厅 120万', '怡和园小区  ', '中楼层(共17层)暂无数据  -  琼山', '120万', '单价19343元/平米')
('https://image1.ljcdn.com/460100-inspection/92f032a1-446d-49dd-8ec3-2d0baf977e57.jpg.296x216.jpg', '乾坤湖 小两房，户型好，采光好 93W', '乾坤湖  ', '低楼层(共16层)暂无数据  -  琼山', '93万', '单价17501元/平米')
('https://image1.ljcdn.com/460100-inspection/d45254af-4286-4355-8ec1-e455dab64b61.jpg.296x216.jpg', '地中海式的装修风格，3房2厅2卫的经典设计。', '椰海新城  ', '中楼层(共17层)暂无数据  -  琼山', '280万', '单价22765元/平米')
('', '高品质小区 滨江帝景 3房 国兴商圈周 边', '广物滨江帝景1期  ', '低楼层(共18层)板楼  -  琼山', '220万', '单价20184元/平米')
('https://image1.ljcdn.com/460100-inspection/b162d1ab-361a-47d6-a5a5-696be0d405bd.jpg.296x216.jpg', '此房满五多套，两房， 单价低 ，采光好', '节能大厦  ', '高楼层(共17层)暂无数据  -  琼山', '88万', '单价13206元/平米')
('https://image1.ljcdn.com/460100-inspection/bf60bcf9-caf0-4862-bb85-46c7ed079dcd.jpg.296x216.jpg', '新小区 单位楼 公摊小 大正三房 南北朝向 通风采光好', '琼山食品公司住宅楼  ', '低楼层(共9层)暂无数据  -  琼山', '145万', '单价13990元/平米')
('https://image1.ljcdn.com/460100-inspection/2c243743-8bc9-4e1d-8403-147bcc3a8ff3.jpg.296x216.jpg', '龙昆南路 四季华庭龙城 大开间 采光充足', '四季华庭·龙城  ', '中楼层(共24层)暂无数据  -  琼山', '88万', '单价18033元/平米')
('https://image1.ljcdn.com/460100-inspection/2bddb346-cdc7-49d1-b260-d683e80beac6.jpg.296x216.jpg', '华侨之家精装修两房税费低总价低', '华侨之家  ', '中楼层(共12层)暂无数据  -  琼山', '108.8万', '单价15198元/平米')
('https://image1.ljcdn.com/460100-inspection/fc04e68c-fc66-4ae8-a942-ec90c4df3652.jpg.296x216.jpg', '隆基大厦 三房两厅一厨两卫 采光充足', '隆基大厦  ', '高楼层(共17层)塔楼  -  琼山', '165万', '单价12500元/平米')
('', '祥和园小区 2室2厅 130万', '祥和园小区  ', '高楼层(共11层)暂无数据  -  琼山', '130万', '单价16714元/平米')
('https://image1.ljcdn.com/460100-inspection/7833694e-2484-40a6-bfd4-01ff0d7ffaa7.jpg.296x216.jpg', '琼山区 兴丹路 长润商务大厦  1房', '长润商务大厦  ', '高楼层(共9层)暂无数据  -  琼山', '56万', '单价16042元/平米')
('https://image1.ljcdn.com/460100-inspection/b2e3b0dd-9d96-4cc6-aa69-f944aed067b4.jpg.296x216.jpg', '层好，视野宽阔，配套完善，交通便利', '金竹花园  ', '低楼层(共8层)暂无数据  -  琼山', '95万', '单价13527元/平米')
('https://image1.ljcdn.com/460100-inspection/70dc13c2-0bf6-496d-8d4c-fb0ed3c5ad2d.jpg.296x216.jpg', '龙塘糖厂宿舍 3房2厅1厨1卫 精装修 满五唯一', '龙塘糖厂宿舍  ', '低楼层(共8层)暂无数据  -  琼山', '122万', '单价11552元/平米')
('', '次新房，装修未入住，看房方便，', '金源小区  ', '高楼层(共25层)暂无数据  -  美兰', '160万', '单价19278元/平米')
('https://image1.ljcdn.com/460100-inspection/cafe4637-db08-4b06-91f2-209f7ea84057.jpg.296x216.jpg', '首付48万 龙昆南路 红城湖 港苑 正规三房 采光好', '港苑  ', '中楼层(共27层)暂无数据  -  琼山', '145万', '单价13680元/平米')
('', '琼山区滨江路 滨江绿都   103平3房  精装修', '滨江绿都  ', '低楼层(共30层)暂无数据  -  琼山', '230万', '单价21101元/平米')
('https://image1.ljcdn.com/460100-inspection/57b9fc9e-b67d-4e6d-b695-c3d0f3d89582.jpg.296x216.jpg', '琼山区  乾坤湖挨美舍河凤翔湿地公园  出行方便', '乾坤湖  ', '低楼层(共16层)暂无数据  -  琼山', '147万', '单价18230元/平米')
('https://image1.ljcdn.com/460100-inspection/02bc8e16-339e-4b7f-9ffe-9e5b18160d59.jpg.296x216.jpg', '龙昆南路段，高铁站，省高院，187医院', '玉龙公寓  ', '低楼层(共6层)暂无数据  -  琼山', '132万', '单价13200元/平米')
('https://image1.ljcdn.com/460100-inspection/652799bb-1424-482c-ae33-c7e085a5208c.jpg.296x216.jpg', '板桥路隆基大厦精装1房 采光好随时看房', '隆基大厦  ', '高楼层(共17层)塔楼  -  琼山', '38.8万', '单价16386元/平米')
('', '海阳小区 户型方正 一房一厅 采光好', '海阳小区  ', '高楼层(共9层)暂无数据  -  琼山', '102万', '单价17833元/平米')
('https://image1.ljcdn.com/460100-inspection/ea0f1c5d-1aa4-4b15-9a78-306ed64baf47.jpg.296x216.jpg', '经典的四房设计，采光充足，视野好。', '广物滨江帝景Ⅱ期  ', '中楼层(共17层)暂无数据  -  琼山', '415万', '单价23715元/平米')
('', '琼山区南北水果市场   滨河华庭80平两房 机不可失', '滨河华庭  ', '低楼层(共26层)塔楼  -  琼山', '150万', '单价16854元/平米')
('https://image1.ljcdn.com/460100-inspection/16db2128-42c9-43c6-8532-432eae8e9796.jpg.296x216.jpg', '楼梯房，精装修，正规的3室2厅1厨1卫', '尚书直街宿舍区  ', '中楼层(共8层)暂无数据  -  琼山', '89.8万', '单价14254元/平米')
('https://image1.ljcdn.com/460100-inspection/cbae90b7-6907-49db-9cfa-20d28dc631d4.jpg.296x216.jpg', '椰树新村55.3平 84.5万，户型方正。', '椰树新村  ', '中楼层(共10层)暂无数据  -  琼山', '98万', '单价17722元/平米')
('https://image1.ljcdn.com/460100-inspection/872deb11-7365-49a2-aa95-552eca5dcb5c.jpg.296x216.jpg', '永春花园 1室1厅 63.5万', '永春花园  ', '中楼层(共4层)暂无数据  -  琼山', '63.5万', '单价13230元/平米')
('', '2015年新小区  别具匠心的装修  一线江景  拎包入住', '滨江度假城  ', '中楼层(共17层)暂无数据  -  琼山', '135万', '单价16875元/平米')
('https://image1.ljcdn.com/460100-inspection/e3141bf8-407a-489f-8bb7-e7f33f0b0e41.jpg.296x216.jpg', '一线江景房，单价1.3万电梯房，精装修四房，户型方正', '宝利名都  ', '低楼层(共13层)暂无数据  -  琼山', '190万', '单价13202元/平米')
('', '滨河花苑  满五多套  领包入住', '滨河花苑  ', '中楼层(共15层)暂无数据  -  琼山', '128万', '单价16843元/平米')
('https://image1.ljcdn.com/460100-inspection/705b76c2-a270-48be-aed0-73d25a4fc1ab.jpg.296x216.jpg', '凤翔湿地公园 乾坤湖正规两房 精装拎包入住', '乾坤湖  ', '中楼层(共16层)暂无数据  -  琼山', '178万', '单价22074元/平米')
('https://image1.ljcdn.com/460100-inspection/46a7ec90-1270-4725-95f2-6925f8fcc037.jpg.296x216.jpg', '滨河花苑 2室2厅 120万', '滨河花苑  ', '低楼层(共15层)暂无数据  -  琼山', '120万', '单价15470元/平米')
('https://image1.ljcdn.com/460100-inspection/5e6c76c1-156a-495c-b90f-79b8d658a161.jpg.296x216.jpg', '高楼层 采光通风好 业主诚意出售', '省高院法官公寓  ', '高楼层(共24层)暂无数据  -  琼山', '142万', '单价15778元/平米')
('', '白驹学 校旁的中景花园  87平两房  精装修', '中景花园  ', '中楼层(共17层)暂无数据  -  琼山', '180万', '单价20619元/平米')
('https://image1.ljcdn.com/460100-inspection/256ebd83-4f08-4680-9c6a-c6b4586ff4ea.jpg.296x216.jpg', '江南公寓 两房两厅一厨一卫 琼山五小旁', '江南公寓  ', '低楼层(共20层)暂无数据  -  琼山', '140万', '单价13593元/平米')
('', '滨江熙岸  毛坯大三房 230万 中间楼层', '滨江熙岸  ', '中楼层(共26层)暂无数据  -  琼山', '230万', '单价18700元/平米')
('https://image1.ljcdn.com/460100-inspection/e390f18b-a1d5-415f-82d8-26545910acc9.jpg.296x216.jpg', '凤翔路 凤翔山庄 凤翔湿地公园旁', '凤翔山庄  ', '中楼层(共9层)板楼  -  琼山', '115万', '单价12238元/平米')
('https://image1.ljcdn.com/460100-inspection/1e30f1b5-196b-40a1-9406-72822a850618.jpg.296x216.jpg', '龙昆南大润发旁 电梯房 交通生活便利', '钟诚大厦  ', '中楼层(共20层)暂无数据  -  琼山', '115万', '单价11924元/平米')
('https://image1.ljcdn.com/460100-inspection/32d63411-652b-4607-b6b6-6a8d85cab5b7.jpg.296x216.jpg', '一层带花园方正大户型，精装修，看房方便，满五年。', '江南公寓  ', '低楼层(共20层)暂无数据  -  琼山', '228.8万', '单价18816元/平米')
('', '正规两房一厅送入户花园 价格低', '南国威尼斯城  ', '高楼层(共11层)暂无数据  -  琼山', '129.8万', '单价15681元/平米')
('', '户型方正，正规三房，成熟小区，绿化高', '玉龙公寓  ', '低楼层(共16层)暂无数据  -  琼山', '170万', '单价15045元/平米')
('https://image1.ljcdn.com/460100-inspection/cafaa8b5-520d-4441-a275-24e5d7e9b67b.jpg.296x216.jpg', '海府路 大三房 精装修 采光充足', '海府路140-1号  ', '中楼层(共19层)暂无数据  -  琼山', '169万', '单价12343元/平米')
('https://image1.ljcdn.com/460100-inspection/1d4729d9-39ef-40f9-a346-9b5018c56b78.jpg.296x216.jpg', '龙昆南大润发超市对 面 宜家广场 2009年小区', '宜家广场  ', '低楼层(共30层)暂无数据  -  琼山', '88万', '单价16924元/平米')
('https://image1.ljcdn.com/460100-inspection/583d294a-5839-41f3-ba04-31db33d16f4b.jpg.296x216.jpg', '高路华琼山大型小区，配套齐全，交通便利高层视野', '高路华小区  ', '高楼层(共16层)暂无数据  -  琼山', '165万', '单价16145元/平米')
('', '皇 家花园 房子是高楼层 采光视野较好', '皇家花园  ', '高楼层(共28层)暂无数据  -  琼山', '143万', '单价16328元/平米')
('', '户型方正，正规三房，成熟小区，绿化高', '皇家花园  ', '低楼层(共28层)暂无数据  -  琼山', '155万', '单价13717元/平米')
('https://image1.ljcdn.com/460100-inspection/92d90e48-9cd3-4127-901c-9fc5395dd851.jpg.296x216.jpg', '德盛华庭 大三房带一个小书房 采光充足', '德盛华庭  ', '高楼层(共26层)暂无数据  -  琼山', '200万', '单价15164元/平米')
('https://image1.ljcdn.com/460100-inspection/ac8b66af-1800-4943-a1d6-41a871c0c2e4.jpg.296x216.jpg', '中山南路 中景花园 两房 低落层', '中景花园  ', '低楼层(共17层)暂无数据  -  琼山', '150万', '单价17183元/平米')
('', '德盛华庭 1室0厅 45万', '德盛华庭  ', '低楼层(共3层)暂无数据  -  琼山', '45万', '单价14268元/平米')
('', '海阳小区 两房两厅一厨一卫 有小区环境', '海阳小区  ', '高楼层(共9层)暂无数据  -  琼山', '128万', '单价17535元/平米')
('', '大园路单位房  明厨明卫 通风采光好', '司法厅大园宿舍  ', '低楼层(共8层)暂无数据  -  琼山', '162万', '单价16531元/平米')
('https://image1.ljcdn.com/460100-inspection/7835c178-f3b8-4dcf-acec-b09f6b519c21.jpg.296x216.jpg', '龙昆南路 金竹花园 3房1厅1厨1卫 满五多套', '金竹花园  ', '低楼层(共8层)暂无数据  -  琼山', '99.9万', '单价14290元/平米')
('https://image1.ljcdn.com/460100-inspection/6d4f0b40-33bc-4ac3-9c1d-01cfa99b6613.jpg.296x216.jpg', '红城湖路 四季华庭龙城 大开间 格局好', '四季华庭·龙城  ', '低楼层(共24层)暂无数据  -  琼山', '60万', '单价16186元/平米')
('https://image1.ljcdn.com/460100-inspection/f057f97b-6391-4433-b0b2-e255054883fe.jpg.296x216.jpg', '采光充足，交通生活便利，满五多套', '澳华大厦  ', '低楼层(共18层)暂无数据  -  琼山', '58万', '单价14617元/平米')
('', '滨江绿都 产证满两年 精装修 采光充足', '滨江绿都  ', '中楼层(共29层)暂无数据  -  琼山', '245万', '单价19600元/平米')
('', '江畔人家，交通方便，配套齐全，业主诚心卖房', '佳元▪江畔人家  ', '中楼层(共18层)暂无数据  -  琼山', '160万', '单价25397元/平米')
('https://image1.ljcdn.com/460100-inspection/638b8dc7-e1df-4136-b391-e9dffd47f679.jpg.296x216.jpg', '滨江路 117.4平 复式 毛坯 业主诚心出售 看房联系', '佳元▪江畔人家  ', '高楼层(共18层)暂无数据  -  琼山', '298万', '单价25311元/平米')
('https://image1.ljcdn.com/460100-inspection/f2ac822d-cea5-44e4-8a37-aa1234e79b51.jpg.296x216.jpg', '凤翔东路 标准2房2厅 拎包入住满五年出售', '佳尚公寓  ', '低楼层(共15层)暂无数据  -  琼山', '100万', '单价14252元/平米')
('https://image1.ljcdn.com/460100-inspection/2d21ec36-a237-41db-a62f-fe2650326302.jpg.296x216.jpg', '龙昆南路旁边  东盛名苑 2房2厅1厨1卫', '东盛名苑  ', '低楼层(共18层)暂无数据  -  琼山', '169.8万', '单价17222元/平米')
('', '凤翔路 乾坤湖小区 正规二房 拎包入住', '乾坤湖  ', '低楼层(共16层)暂无数据  -  琼山', '147万', '单价18230元/平米')
('', '江畔人家，交通方便，配套齐全，业主诚心卖房', '佳元▪江畔人家  ', '中楼层(共20层)暂无数据  -  琼山', '170万', '单价17888元/平米')
('https://image1.ljcdn.com/460100-inspection/a01dd071-d54e-439b-aeb4-c4e438d5b8a4.jpg.296x216.jpg', '绿色佳园  绿化高，成熟小区  安静适宜老人', '绿色佳园  ', '中楼层(共11层)暂无数据  -  琼山', '240万', '单价17143元/平米')
('https://image1.ljcdn.com/460100-inspection/269fff6a-2d45-44ec-b675-be671bee5838.jpg.296x216.jpg', '业主诚心出售   高楼层 户型方正 视野开阔', '帝和华庭  ', '高楼层(共17层)暂无数据  -  琼山', '205万', '单价18013元/平米')
('https://image1.ljcdn.com/460100-inspection/d9daf0a0-3fa3-4064-b763-3c751a7d843b.jpg.296x216.jpg', '和贵公馆   户型方正 南北通透', '和贵公馆  ', '中楼层(共18层)暂无数据  -  琼山', '128.8万', '单价19584元/平米')
('', '红城湖国际广场 满五年唯一 采光充足', '红城湖国际广场  ', '中楼层(共26层)暂无数据  -  琼山', '250万', '单价16448元/平米')
('', '海中旁东盛名苑，精装修三房，可改四房，省高院旁', '东盛名苑  ', '高楼层(共18层)暂无数据  -  琼山', '227万', '单价15986元/平米')
('https://image1.ljcdn.com/460100-inspection/f7767017-5c53-45a1-8dce-2037311745cc.jpg.296x216.jpg', '2000年小区，随时看房，带电梯高层视野采光，产权清晰', '钟诚大厦  ', '中楼层(共18层)塔楼  -  琼山', '38万', '单价18972元/平米')
('https://image1.ljcdn.com/460100-inspection/26a07ce2-cce5-472c-b5f4-55f4c84a10d9.jpg.296x216.jpg', '东盛名苑 精装修 3房2厅1厨2卫 龙昆南路旁', '东盛名苑  ', '高楼层(共18层)暂无数据  -  琼山', '284万', '单价20000元/平米')
('https://image1.ljcdn.com/460100-inspection/351b14c6-59fb-43f4-a93a-308963d735ce.jpg.296x216.jpg', '海口国公馆 1室1厅 68万', '海口国公馆  ', '中楼层(共18层)板塔结合  -  琼山', '68万', '单价15455元/平米')
('', '中间楼层，采光充足，南北通透，满二唯一', '千禧郎8号  ', '中楼层(共24层)塔楼  -  琼山', '195万', '单价16811元/平米')
('', '椰海大道 和贵公馆 2房2厅精装修', '和贵公馆  ', '中楼层(共25层)暂无数据  -  琼山', '148万', '单价18709元/平米')
('https://image1.ljcdn.com/460100-inspection/eaab8856-2c59-4762-a632-cd7a100309c7.jpg.296x216.jpg', '朝南 采光充足 户型方正 楼梯房', '凤翔山庄  ', '高楼层(共9层)板楼  -  琼山', '148万', '单价9972元/平米')
('https://image1.ljcdn.com/460100-inspection/068da989-79f5-43d1-9f22-fcf8b02aa98f.jpg.296x216.jpg', '中景花园2室2厅，户型方正，南北通透', '中景花园  ', '中楼层(共17层)暂无数据  -  琼山', '170万', '单价19474元/平米')
('https://image1.ljcdn.com/460100-inspection/rsp_pic_upload59f0c205-ca3c-46c2-8c52-0f7e14710323.jpg.296x216.jpg', '户型明朗 视野开阔 配套完善 交通便利', '琼山华侨大厦  ', '高楼层(共19层)板塔结合  -  琼山', '76万', '单价12957元/平米')
('', '荣静大厦 琼山区全新装修大三房，五公祠红城湖路', '荣静大厦  ', '中楼层(共20层)暂无数据  -  琼山', '139.8万', '单价13040元/平米')
('', '方正两居室，高层带电梯，2012年小区很新，产权清晰。', '滨江绿都  ', '高楼层(共29层)暂无数据  -  琼山', '170万', '单价21530元/平米')
('https://image1.ljcdn.com/460100-inspection/37cdc23b-7904-4cc3-8b75-889d935fdd17.jpg.296x216.jpg', '琼山好房，正规一房，户型方正，采光通风好', '凤侨家园  ', '中楼层(共9层)暂无数据  -  琼山', '71.8万', '单价16168元/平米')
('https://image1.ljcdn.com/460100-inspection/fffe415f-56fa-446d-8eb5-d38ee285f502.jpg.296x216.jpg', '楼层好，视野宽阔，配套完善，交通便利', '翡翠水城  ', '中楼层(共30层)暂无数据  -  琼山', '216万', '单价17043元/平米')
('https://image1.ljcdn.com/460100-inspection/bd980e18-cee5-4942-afb2-c23ce63a9a26.jpg.296x216.jpg', '高楼层 视野开阔  户型方正三房两厅精装修', '外贸大厦  ', '高楼层(共16层)暂无数据  -  琼山', '150万', '单价10639元/平米')
('', '千禧郎8号84平156万精装修，视野宽阔，小区环境幽美。', '千禧郎8号  ', '中楼层(共24层)塔楼  -  琼山', '156万', '单价18572元/平米')
('', '振发路 龙泉雅居 精装三房 诚心出售', '龙泉雅居  ', '高楼层(共17层)暂无数据  -  琼山', '182万', '单价15530元/平米')
('https://image1.ljcdn.com/460100-inspection/fb58a3d0-31c4-433e-a599-f282b177047a.jpg.296x216.jpg', '港苑 精装3房 面积66平 109万 户型方正 采光充足', '港苑  ', '高楼层(共27层)暂无数据  -  琼山', '109万', '单价16516元/平米')
('https://image1.ljcdn.com/460100-inspection/594f7392-9069-4149-a585-3e6fd6e65a5c.jpg.296x216.jpg', '滨江帝景Ⅱ期 毛坯 3房2厅1厨2卫 满二', '广物滨江帝景Ⅱ期  ', '低楼层(共24层)暂无数据  -  琼山', '265万', '单价21014元/平米')
('https://image1.ljcdn.com/460100-inspection/619ea9a6-c593-4b7e-8b81-5cc226b61e0f.jpg.296x216.jpg', '龙昆南大润发省妇幼附 近 三青大厦精装三房  满五唯一', '三青大厦  ', '中楼层(共18层)暂无数据  -  琼山', '239万', '单价16702元/平米')
('', '满五唯一，正规1房， 户型方正', '绿岛小区（绿岛新居）  ', '高楼层(共15层)暂无数据  -  琼山', '65万', '单价17039元/平米')
('', '江畔人家三房，交通方便，配套齐全', '佳元▪江畔人家  ', '低楼层(共20层)暂无数据  -  琼山', '290万', '单价20280元/平米')
('https://image1.ljcdn.com/460100-inspection/67256ef0-1c7d-4f1c-b4c4-389344cd3a08.jpg.296x216.jpg', '广物滨江帝景1期 6室2厅 520万', '广物滨江帝景1期  ', '高楼层(共15层)板楼  -  琼山', '520万', '单价24692元/平米')
('https://image1.ljcdn.com/460100-inspection/44fe127b-938e-4dc3-af97-0b4eab748183.jpg.296x216.jpg', '大四房环境优美小区康馨花园满五年出售', '衍宏·康馨花园  ', '低楼层(共22层)塔楼  -  琼山', '210万', '单价14889元/平米')
('https://image1.ljcdn.com/460100-inspection/ce81ec5b-17f3-4d73-8996-c4bb30e0b29f.jpg.296x216.jpg', '龙昆南大润发 精装4房精装修 南北通透', '皇家花园  ', '高楼层(共28层)暂无数据  -  琼山', '168万', '单价14483元/平米')
('', '琼山南北水果市场大开间带大阳台，拎包入住，欢迎致电', '滨河华庭  ', '高楼层(共26层)塔楼  -  琼山', '80万', '单价16000元/平米')
('', '江畔人家交通方便，满二唯一，看房联系，', '佳元▪江畔人家  ', '中楼层(共14层)暂无数据  -  琼山', '360万', '单价28125元/平米')
('https://image1.ljcdn.com/460100-inspection/6c2d67f9-4c08-4916-9fe0-7e07c7eaa725.jpg.296x216.jpg', '琼山侨中旁，中景花园两房板楼。', '中景花园  ', '高楼层(共17层)暂无数据  -  琼山', '168万', '单价19244元/平米')
('https://image1.ljcdn.com/460100-inspection/c6e6f63a-d685-43ea-a672-021ed5593673.jpg.296x216.jpg', '视野开阔  通风采光好 看房方便', '榆海华庭  ', '低楼层(共13层)暂无数据  -  琼山', '169万', '单价13009元/平米')
('', '凤翔东路荔苑公寓四房两厅两卫（套内160平）', '荔苑公寓楼  ', '低楼层(共9层)暂无数据  -  琼山', '196万', '单价12250元/平米')
('', '椰子郎花园 产证不满两年 交通便利', '椰子郎花园  ', '中楼层(共18层)暂无数据  -  琼山', '170万', '单价20239元/平米')
('', '经典的四房设计，采光充足，视野好。', '广物滨江帝景Ⅱ期  ', '中楼层(共22层)暂无数据  -  琼山', '345万', '单价23016元/平米')
('https://image1.ljcdn.com/460100-inspection/3f6e9baf-9e33-43a4-8ae6-dd9028732f90.jpg.296x216.jpg', '四季华庭龙城，08年小区，正规两房，户型方正', '四季华庭·龙城  ', '低楼层(共24层)暂无数据  -  琼山', '148万', '单价19474元/平米')
('https://image1.ljcdn.com/460100-inspection/6f45206d-256c-4afc-bfc4-8ca2afaf29e1.jpg.296x216.jpg', '交通便利   高楼层 视野开阔  装修好', '华荣府  ', '中楼层(共23层)暂无数据  -  琼山', '200万', '单价18102元/平米')
('', '美舍香槟 3室2厅 145万', '美舍香槟  ', '中楼层(共14层)暂无数据  -  琼山', '145万', '单价15426元/平米')
('', '琼山正规三房 全明格局 户型方正 业主诚意出售', '高登花苑  ', '低楼层(共14层)暂无数据  -  琼山', '185万', '单价16518元/平米')
('', '红城湖路 国托公寓 正规三房 看房方便', '国托公寓  ', '中楼层(共26层)暂无数据  -  琼山', '163.8万', '单价14625元/平米')
('https://image1.ljcdn.com/460100-inspection/a588e60b-98cc-4e9a-aacf-79b0adb54a08.jpg.296x216.jpg', '高登东省干部疗养院128.5万精装三房中间楼层 拎包入住', '海南省干部疗养院  ', '低楼层(共9层)暂无数据  -  琼山', '116万', '单价16339元/平米')
('https://image1.ljcdn.com/460100-inspection/e6e6c7e0-e09c-461d-9bec-5b0cbc295e97.jpg.296x216.jpg', '高层 一线江景 采光充足 视野无遮挡 全实木家具', '锦江丽都  ', '高楼层(共27层)塔楼  -  琼山', '220万', '单价21848元/平米')
('', '龙昆南 国和苑 精装三房 户型方正 南北格局配套成熟', '国和苑  ', '中楼层(共22层)塔楼  -  琼山', '200万', '单价18332元/平米')
('', '龙昆南海德路现代花园旁带装修南北通透', '佳元天上人间  ', '中楼层(共6层)暂无数据  -  琼山', '236万', '单价16488元/平米')
('', '凤翔东路 美湖美舍 一线湖景小两房 采光充足', '美湖美舍  ', '中楼层(共15层)暂无数据  -  琼山', '175万', '单价22436元/平米')
('https://image1.ljcdn.com/460100-inspection/012574ea-0858-41a2-9eef-13cb9b17bf01.jpg.296x216.jpg', '户型方正设计好，精装修，无浪费，业主诚意出售', '绿色佳园  ', '中楼层(共6层)暂无数据  -  琼山', '245万', '单价15218元/平米')
('https://image1.ljcdn.com/460100-inspection/3caaa6cd-f987-4188-8b66-857d53e78f41.jpg.296x216.jpg', '汇隆广场 繁华地段 出行便利 随时看房！', '汇隆广场  ', '低楼层(共21层)暂无数据  -  琼山', '162万', '单价11655元/平米')
('', '海口琼山区 高登大厦  琼山区繁华地段', '高登大厦  ', '高楼层(共11层)暂无数据  -  琼山', '167万', '单价10894元/平米')
('', '琼山区滨江路 滨江绿都 毛坯 3房 看房', '滨江绿都  ', '中楼层(共29层)暂无数据  -  琼山', '220万', '单价17461元/平米')
('', '高档小区（盛达景都）精装修 视野开阔 看房便利', '盛达景都（一期）  ', '中楼层(共21层)暂无数据  -  美兰', '195万', '单价21429元/平米')
('https://image1.ljcdn.com/460100-inspection/454f28ea-9140-478d-8c79-732b1e4d13e1.jpg.296x216.jpg', '楼层好，视野宽阔，配套完善，交通便利', '和贵公馆  ', '低楼层(共18层)暂无数据  -  琼山', '150万', '单价17907元/平米')
('https://image1.ljcdn.com/460100-inspection/83287504-130b-42f4-8e77-402c0f48b987.jpg.296x216.jpg', '汇隆广场 3房2厅1厨2卫 交通便利', '汇隆广场  ', '低楼层(共21层)暂无数据  -  琼山', '162万', '单价11660元/平米')
('https://image1.ljcdn.com/460100-inspection/bf838eae-701d-4781-b049-eb8d056aef48.jpg.296x216.jpg', '恒昌花园 3室2厅 135万', '恒昌花园  ', '中楼层(共8层)暂无数据  -  琼山', '135万', '单价12981元/平米')
('', '龙昆南大润发旁 电梯房 一房一厅出售', '钟诚大厦  ', '中楼层(共18层)塔楼  -  琼山', '65万', '单价14183元/平米')
('', '高品质小区 滨江帝景 三房两厅两卫+入户花园', '广物滨江帝景1期  ', '高楼层(共18层)板楼  -  琼山', '198万', '单价18239元/平米')
('https://image1.ljcdn.com/460100-inspection/fac9bec8-833a-4e04-a315-9b3bcd04aaa1.jpg.296x216.jpg', '汇隆广场 2房2厅1厨2卫 看房方便', '汇隆广场  ', '高楼层(共21层)暂无数据  -  琼山', '186万', '单价13409元/平米')
('https://image1.ljcdn.com/460100-inspection/5b2c1736-228b-45e5-b78a-b81e97ad750a.jpg.296x216.jpg', '凤翔路高铁东站天鹅花园满五多套四房二厅单价1.3万内', '天鹅花园  ', '中楼层(共24层)暂无数据  -  琼山', '189.8万', '单价12791元/平米')
('https://image1.ljcdn.com/460100-inspection/cf4b200c-934e-465b-8b08-fe4bc1d8b854.jpg.296x216.jpg', '11年电梯房 德盛华庭 视野采光优越 居家', '德盛华庭  ', '中楼层(共26层)暂无数据  -  琼山', '182万', '单价16546元/平米')
('', '小区环境好  户型方正 通风采光好 业主诚心出售', '帝和华庭  ', '高楼层(共17层)暂无数据  -  琼山', '200万', '单价22472元/平米')
('', '鑫元中公寓 3室2厅 208万', '鑫元中公寓  ', '高楼层(共15层)暂无数据  -  琼山', '208万', '单价15758元/平米')
('https://image1.ljcdn.com/460100-inspection/ae36717f-059b-4ab5-a610-b4433b5db521.jpg.296x216.jpg', '府城中山南路有小区环境房三房二厅满五多套福祥家园', '福祥家园  ', '中楼层(共12层)暂无数据  -  琼山', '200万', '单价16950元/平米')
('https://image1.ljcdn.com/460100-inspection/74604597-ceb3-4c67-93b3-060c3f8e4522.jpg.296x216.jpg', '国兴大道和风江岸 153平 超大3房 周 边 配 套 齐 全', '和风江岸  ', '高楼层(共33层)暂无数据  -  美兰', '368万', '单价23934元/平米')
('', '琼山区大型小区天上人间精装3房拎包入住南北通透', '佳元天上人间  ', '中楼层(共9层)暂无数据  -  琼山', '210万', '单价19981元/平米')
('', '国兴片区 交通便利 生活便捷 到国兴大润发超市800米', '锦江丽都  ', '中楼层(共27层)塔楼  -  琼山', '280万', '单价18824元/平米')
('', '联华翡翠水城 3室2厅 230万', '联华翡翠水城  ', '中楼层(共30层)板塔结合  -  琼山', '230万', '单价17165元/平米')
('https://image1.ljcdn.com/460100-inspection/aa416f5f-89be-4cd7-897f-0f95eb8f22f3.jpg.296x216.jpg', '海口海泰大厦 凤翔路 1房1厅1厨1卫', '海泰大厦  ', '中楼层(共20层)暂无数据  -  琼山', '61.8万', '单价15762元/平米')
('https://image1.ljcdn.com/460100-inspection/0322b5e9-503a-46e9-8abe-64b54b06c8ed.jpg.296x216.jpg', '佳元天上人间 2室2厅 199万', '佳元天上人间  ', '低楼层(共9层)暂无数据  -  琼山', '199万', '单价22743元/平米')
('', '南江广场 正规2房户型 朝向采光好 无遮挡！', '南江广场  ', '低楼层(共17层)暂无数据  -  琼山', '126万', '单价16736元/平米')
('', '海口滨江路江景大型小区滨江帝景毛坯3房', '广物滨江帝景1期  ', '中楼层(共18层)板楼  -  琼山', '369万', '单价32947元/平米')
('https://image1.ljcdn.com/460100-inspection/f99dd5b2-294f-42a5-9652-7eb92c0075cc.jpg.296x216.jpg', '广物滨江帝景Ⅱ期 5室2厅 284.8万', '广物滨江帝景Ⅱ期  ', '低楼层(共17层)暂无数据  -  琼山', '284.8万', '单价18987元/平米')
('https://image1.ljcdn.com/460100-inspection/37deb862-3af3-45ab-ab3f-49a60efb3e91.jpg.296x216.jpg', '龙昆南大瑞发钟城大厦1房1厅，交通便利', '钟诚大厦  ', '中楼层(共18层)塔楼  -  琼山', '54万', '单价12858元/平米')
('', '青年路 滨江花园 近国兴大润发 生活便利', '滨江花园  ', '低楼层(共12层)暂无数据  -  美兰', '225万', '单价15411元/平米')
('', '国兴大道  盛达景都 毛坯三房 南北通透', '盛达景都（一期）  ', '低楼层(共21层)暂无数据  -  美兰', '339万', '单价22951元/平米')
('', '凤翔山庄 4室1厅 170万', '凤翔山庄  ', '低楼层(共9层)板楼  -  琼山', '170万', '单价11485元/平米')
('https://image1.ljcdn.com/460100-inspection/01f30cbf-ad00-485f-9d37-22da36317af1.jpg.296x216.jpg', '德盛华庭 电梯房 海工商学院旁', '德盛华庭  ', '中楼层(共14层)暂无数据  -  琼山', '139万', '单价19042元/平米')
('', '滨江路 滨江度假城 新小区 江景房', '滨江度假城  ', '低楼层(共17层)暂无数据  -  琼山', '149万', '单价18625元/平米')
('', '此房南北通透，采光效果好，板式楼房。', '佳元天上人间  ', '高楼层(共6层)暂无数据  -  琼山', '360万', '单价19086元/平米')
('', '衍宏·康馨花园 3室2厅 179.8万', '衍宏·康馨花园  ', '高楼层(共11层)塔楼  -  琼山', '179.8万', '单价19759元/平米')
('https://image1.ljcdn.com/460100-inspection/5e63ca33-f19e-459d-b165-c04f2876705b.jpg.296x216.jpg', '龙湖公寓 电梯房 温馨2房 居家装修 看房方便', '龙湖公寓  ', '高楼层(共9层)暂无数据  -  琼山', '56.8万', '单价16976元/平米')
('', '香榭花园 3室2厅 240万', '香榭花园  ', '低楼层(共24层)暂无数据  -  琼山', '240万', '单价19513元/平米')
('', '红城湖与龙昆南的交界处，2008年小区房', '四季华庭·龙城  ', '低楼层(共16层)暂无数据  -  琼山', '260万', '单价18841元/平米')
('', '宜家广场 市区龙昆南 精装修大两房', '宜家广场  ', '高楼层(共30层)暂无数据  -  琼山', '200万', '单价17858元/平米')
('https://image1.ljcdn.com/460100-inspection/f5ed2cc8-10ab-454f-821f-f9bc507d4674.jpg.296x216.jpg', '配套完善，交通便利，步行180米到大润发', '金竹花园  ', '中楼层(共8层)暂无数据  -  琼山', '85.8万', '单价16500元/平米')
('https://image1.ljcdn.com/460100-inspection/cc13829a-35b0-483c-971b-276ca078ac1f.jpg.296x216.jpg', '佳元天上人间 3室2厅 175万', '佳元天上人间  ', '中楼层(共7层)暂无数据  -  琼山', '175万', '单价18230元/平米')
('', '南国维尼斯城 生态环境 富氧离子高 养生度假颐居', '南国威尼斯城  ', '低楼层(共9层)板楼  -  琼山', '100万', '单价16901元/平米')
('https://image1.ljcdn.com/460100-inspection/65c15e40-4bdd-4dff-adf1-67b541f5ad8e.jpg.296x216.jpg', '皇家花园 3室2厅 165万', '皇家花园  ', '低楼层(共28层)暂无数据  -  琼山', '165万', '单价13307元/平米')
('', '佳润小区 2室2厅 160万', '佳润小区  ', '高楼层(共18层)暂无数据  -  琼山', '160万', '单价17978元/平米')
('', '此房子户型通透，看房方便，楼层在中高层，无遮拦。', '汇隆广场  ', '中楼层(共21层)暂无数据  -  琼山', '110万', '单价12189元/平米')
('', '龙湖公寓 3室2厅 109万', '龙湖公寓  ', '中楼层(共9层)暂无数据  -  琼山', '109万', '单价14758元/平米')
('', '绿色佳旁凤侨家园 户型方正 采光通风好', '凤侨家园  ', '高楼层(共9层)暂无数据  -  琼山', '75万', '单价16667元/平米')
('', '福祥家园 3室2厅 208万', '福祥家园  ', '高楼层(共12层)暂无数据  -  琼山', '208万', '单价17778元/平米')
('', '翔龙小区处琼山区振发路，距离高铁东站近，出行方便。', '翔龙小区  ', '高楼层(共12层)暂无数据  -  琼山', '208万', '单价14445元/平米')
('', '富源佳园 3室2厅 180万', '富源佳园  ', '高楼层(共8层)暂无数据  -  琼山', '180万', '单价13981元/平米')
('', '四季华庭·龙城 1室1厅 90万', '四季华庭·龙城  ', '低楼层(共24层)暂无数据  -  琼山', '90万', '单价19084元/平米')
('', '玉龙湾 1室1厅 108万', '玉龙湾  ', '中楼层(共23层)板楼  -  琼山', '108万', '单价18121元/平米')
