('https://image1.ljcdn.com/460100-inspection/39ddd9f4-793f-4036-bc18-d62208cc56e8.jpg.296x216.jpg', '满五唯一 拎包入住 生活便利 诚心出售', '蓝海佳园  ', '低楼层(共8层)暂无数据  -  秀英', '101万', '单价13997元/平米')
('', '户型方正 总价低 精装修 拎包入住 中间楼层采光好', '鑫汇大厦  ', '中楼层(共19层)板楼  -  龙华', '130万', '单价15663元/平米')
('https://image1.ljcdn.com/460100-inspection/61f87ab1-0904-470f-9440-032c94760758.jpg.296x216.jpg', '金域湾畔 户型方正采光通风充足  三房  美式装修', '金域湾畔  ', '高楼层(共30层)暂无数据  -  秀英', '245万', '单价19328元/平米')
('', '秀英区 丘海大道 水云天 3房', '水云天  ', '高楼层(共10层)暂无数据  -  秀英', '248万', '单价17465元/平米')
('https://image1.ljcdn.com/460100-inspection/b0037714-5812-49d7-b58a-5e5ded385993.jpg.296x216.jpg', '海口湾  户型方正大三房 看房有钥匙', '丽晶维港  ', '中楼层(共17层)暂无数据  -  秀英', '295万', '单价20206元/平米')
('', '诚心出售！西海岸好楼盘，晨晖帝景，拎包入住两房', '晨晖帝景  ', '低楼层(共15层)板楼  -  西海岸', '248万', '单价26667元/平米')
('', '山海苑 带车位 满二唯一  环境宜人', '山海苑  ', '高楼层(共17层)暂无数据  -  西海岸', '157万', '单价19985元/平米')
('', '华洋公寓满五多套 随时看房 4房2厅1卫1厨2阳 产权清晰', '华洋公寓  ', '中楼层(共8层)暂无数据  -  秀英', '140万', '单价10713元/平米')
('https://image1.ljcdn.com/460100-inspection/7726db0c-0f15-4833-a13b-1fbdc041aa36.jpg.296x216.jpg', '西海岸秀英区观澜公寓，环境优美，单价低', '观澜公寓  ', '低楼层(共7层)暂无数据  -  西海岸', '199万', '单价18294元/平米')
('', '急售！西海岸好楼盘，鲁能钓鱼台美高梅，毛坯三房', '鲁能·钓鱼台·美高梅  ', '中楼层(共20层)板楼  -  西海岸', '221万', '单价22552元/平米')
('https://image1.ljcdn.com/460100-inspection/fb817701-2e26-4d3e-9027-4c9979fd4b40.jpg.296x216.jpg', '满五多套，精装修，业主诚意出售，产证在手，价格可谈', '铭盛檀香洲  ', '中楼层(共8层)暂无数据  -  秀英', '166万', '单价15399元/平米')
('', '西海岸 政府旁 滨海新天地 毛坯三房 小区中间 纯板楼', '滨海新天地  ', '高楼层(共17层)板塔结合  -  西海岸', '220万', '单价19081元/平米')
('', '正规3房2厅2卫3阳台 一梯两户南北通', '海滨花园  ', '中楼层(共8层)暂无数据  -  秀英', '177万', '单价15000元/平米')
('', '锦地翰城 3室2厅 238.5万', '锦地翰城  ', '低楼层(共16层)塔楼  -  秀英', '238.5万', '单价18000元/平米')
('https://image1.ljcdn.com/460100-inspection/96291dee-cb8e-4639-ab68-ed25ae15caea.jpg.296x216.jpg', '正规3房，海口湾，毛坯，带入户花园', '丽晶维港  ', '中楼层(共17层)暂无数据  -  秀英', '295万', '单价20069元/平米')
('', '滨海新天地 2室2厅 259万', '滨海新天地  ', '低楼层(共17层)板塔结合  -  西海岸', '259万', '单价26980元/平米')
('https://image1.ljcdn.com/460100-inspection/65096233-2a01-4792-b268-a5d817df8e69.jpg.296x216.jpg', '丽晶维港 3室2厅 295万', '丽晶维港  ', '中楼层(共17层)暂无数据  -  秀英', '295万', '单价20206元/平米')
('', '房主诚心卖房，成交后随时可以拎包入住', '文博府B区  ', '高楼层(共18层)暂无数据  -  秀英', '230万', '单价18197元/平米')
('https://image1.ljcdn.com/460100-inspection/11a53399-b5db-4d18-8215-0987c9781b86.jpg.296x216.jpg', '配套齐全，交通方便，南北朝向，满五多套。', '宝源花园  ', '高楼层(共9层)暂无数据  -  秀英', '236万', '单价18519元/平米')
('', '业主诚意出售 环境优美 拎包入住 品质精装4房', '万花坊  ', '中楼层(共16层)暂无数据  -  秀英', '370万', '单价23134元/平米')
('https://image1.ljcdn.com/460100-inspection/87ba8c5c-2067-4067-baac-426c39e45c25.jpg.296x216.jpg', '福隆广场 3室2厅 235万', '福隆广场  ', '中楼层(共25层)暂无数据  -  秀英', '235万', '单价16667元/平米')
('', '诚心出售！南光西海湾，大三房，拎包入住，户型方正', '南光·西海湾  ', '中楼层(共5层)板楼  -  西海岸', '520万', '单价27808元/平米')
('https://image1.ljcdn.com/460100-inspection/ef9e7524-a415-43d6-af3e-4e4b03f24bf4.jpg.296x216.jpg', '秀英大型小区水云天精装4房 加超大阳台 税费低', '水云天  ', '中楼层(共11层)暂无数据  -  秀英', '280万', '单价17092元/平米')
('', '铭盛檀香洲 海秀西路 汽车西站边', '铭盛檀香洲  ', '高楼层(共25层)暂无数据  -  秀英', '206万', '单价20000元/平米')
('https://image1.ljcdn.com/460100-inspection/dd2c8ba2-ab92-40d5-82a5-0576558295e7.jpg.296x216.jpg', '秀英 金楚小区板楼 一梯两户 公摊少 两房南北通透', '金楚小区  ', '高楼层(共6层)暂无数据  -  秀英', '100万', '单价12574元/平米')
('', '远大购物广场品质小区，华府蓝湾，标准两房，毛坯急售', '华府蓝湾  ', '中楼层(共24层)塔楼  -  西海岸', '199万', '单价22248元/平米')
('https://image1.ljcdn.com/460100-inspection/6c97d2b8-2464-4c04-b903-8dd5e49249b2.jpg.296x216.jpg', '金海大厦，精装电梯房，满五年，带飘窗', '金海大厦  ', '中楼层(共21层)暂无数据  -  秀英', '78.5万', '单价16355元/平米')
('', '小区门前就是大道，交通便利出行方便', '紫园  ', '中楼层(共10层)暂无数据  -  西海岸', '260万', '单价29214元/平米')
('https://image1.ljcdn.com/460100-inspection/7baee38f-46bf-4815-9413-b535cddb0f1c.jpg.296x216.jpg', '滨海大道，正规3房，明厨明卫！', '银通花园  ', '中楼层(共22层)暂无数据  -  秀英', '250万', '单价17362元/平米')
('', '西海岸 朝南两房 户型方正 适合居家', '龙光海云天  ', '中楼层(共18层)板塔结合  -  西海岸', '170万', '单价20712元/平米')
('https://image1.ljcdn.com/460100-inspection/5fc28b2f-72da-4f7c-91e5-c2535e04a3e4.jpg.296x216.jpg', '金侨大厦 2室1厅 58万', '金侨大厦  ', '中楼层(共26层)暂无数据  -  秀英', '58万', '单价17434元/平米')
('', '户型方正，采光好，业主诚心出卖', '金华苑  ', '中楼层(共20层)暂无数据  -  秀英', '182万', '单价14000元/平米')
('https://image1.ljcdn.com/460100-inspection/15880bb9-6956-4e90-953f-0d275eecb363.jpg.296x216.jpg', '秀英区省医院旁精致小户型，总价低，度假老人的选择！', '蓝海佳园  ', '低楼层(共11层)暂无数据  -  秀英', '73.8万', '单价18450元/平米')
('', '泰达天海国际 3室2厅 510万', '泰达天海国际  ', '低楼层(共6层)板楼  -  西海岸', '510万', '单价28652元/平米')
('https://image1.ljcdn.com/460100-inspection/39e2f49f-857d-4e88-b800-7f83b02f3a05.jpg.296x216.jpg', '锦湖花苑 3室2厅 168万', '锦湖花苑  ', '高楼层(共15层)暂无数据  -  秀英', '168万', '单价16154元/平米')
('', '龙光海云天 3室2厅 210万', '龙光海云天  ', '中楼层(共18层)板塔结合  -  西海岸', '210万', '单价19846元/平米')
('https://image1.ljcdn.com/460100-inspection/8b9e2b0d-ea6b-4b35-a1c3-262b914c8cf5.jpg.296x216.jpg', '正规2房精装修带有阳台交通便利', '蓝海佳园  ', '低楼层(共11层)暂无数据  -  秀英', '93.8万', '单价18985元/平米')
('', '大华·锦绣海岸 3室2厅 290万', '大华·锦绣海岸  ', '低楼层(共21层)塔楼  -  西海岸', '290万', '单价25540元/平米')
('https://image1.ljcdn.com/460100-inspection/6af9639f-0829-488b-a762-eaa55d6c9d55.jpg.296x216.jpg', '锦地翰城 精装三房 南北朝向 拎包入住', '锦地翰城  ', '中楼层(共23层)暂无数据  -  秀英', '190万', '单价20000元/平米')
('', '凯撒豪庭，南北通三房，通风采光好', '凯撒豪庭  ', '中楼层(共12层)暂无数据  -  西海岸', '208万', '单价16508元/平米')
('https://image1.ljcdn.com/460100-inspection/52cdb0dd-d2a3-48e0-8f77-37667e126eda.jpg.296x216.jpg', '秀英小街，通透正规3房，交通便利！', '机关第三宿舍区  ', '中楼层(共7层)暂无数据  -  秀英', '122万', '单价13687元/平米')
('https://image1.ljcdn.com/460100-inspection/15a50a3d-2db4-4643-961a-70782f69a5ef.JPG.296x216.jpg', '秀英南海大道 西城1号 精装2房朝南可改小3房 家具齐全', '西城1号  ', '低楼层(共19层)暂无数据  -  秀英', '140万', '单价16371元/平米')
('https://image1.ljcdn.com/460100-inspection/d96b676f-b39d-4abd-8373-84b8000cd56a.jpg.296x216.jpg', '金侨大厦 三房 户型方正 通透采光充足 业主诚心出售', '金侨大厦  ', '中楼层(共26层)暂无数据  -  秀英', '138万', '单价11500元/平米')
('https://image1.ljcdn.com/460100-inspection/rsp_pic_uploadba886c78-7f53-4618-92d1-8cde5e09b59e.JPG.296x216.jpg', '顶楼视野开阔  一线海景南北通透户型 地段好安静', '西雅图丽湾  ', '高楼层(共11层)暂无数据  -  西海岸', '750万', '单价29814元/平米')
('https://image1.ljcdn.com/460100-inspection/8b2cfa63-92dd-45c9-bf9e-f64d16d6e22b.jpg.296x216.jpg', '西海岸 凯撒豪庭  海景房 满五年  接受按揭', '凯撒豪庭  ', '中楼层(共12层)暂无数据  -  西海岸', '550万', '单价25000元/平米')
('https://image1.ljcdn.com/460100-inspection/1a58c560-4930-43a9-87f1-9b567aa027c2.jpg.296x216.jpg', '瑞园二期；满2年，毛坯两房，看房随时，产权清晰', '瑞园二期  ', '中楼层(共21层)塔楼  -  秀英', '150万', '单价18264元/平米')
('https://image1.ljcdn.com/460100-inspection/9041671f-fede-423f-b0ef-5001f0b89db3.jpg.296x216.jpg', '满五多套，复式三层70平小户型，大型小区', '城市海岸  ', '高楼层(共7层)暂无数据  -  西海岸', '200万', '单价28531元/平米')
('https://image1.ljcdn.com/460100-inspection/8790363d-f477-4276-97f7-1f7af1e63c4b.jpg.296x216.jpg', '建筑密度低，小高层带电梯，环境安静清幽', '阳光巴洛克小区  ', '中楼层(共6层)暂无数据  -  秀英', '260万', '单价24216元/平米')
('https://image1.ljcdn.com/460100-inspection/f8ce2ae1-6d9c-4a9c-933a-7ad8666916db.jpg.296x216.jpg', '交通方便，配套齐全，环境好，生活方便', '锦地翰城  ', '中楼层(共24层)塔楼  -  秀英', '207万', '单价17609元/平米')
('https://image1.ljcdn.com/460100-inspection/c5581bfb-8bdc-415f-bffc-2cfa9d89444a.jpg.296x216.jpg', '金城万花坊 高档小区，精装修。业主诚心卖', '金城万花坊  ', '中楼层(共18层)暂无数据  -  秀英', '190万', '单价17925元/平米')
('https://image1.ljcdn.com/460100-inspection/3295e10a-cd5e-4d9f-829c-7ae857fb6a5a.jpg.296x216.jpg', '金环大厦 2室1厅 160万', '金环大厦  ', '高楼层(共24层)暂无数据  -  秀英', '160万', '单价18391元/平米')
('https://image1.ljcdn.com/460100-inspection/ee79538d-1369-4418-9f93-ae3770556003.jpg.296x216.jpg', '满二多套，阳台外有两百多平大露台', '丽晶维港  ', '低楼层(共21层)暂无数据  -  秀英', '300万', '单价20000元/平米')
('https://image1.ljcdn.com/460100-inspection/625442f3-f622-4347-8d8f-a39fa7608382.jpg.296x216.jpg', '配套成熟，采光充足 适宜居住。', '长信·海岸水城  ', '中楼层(共6层)暂无数据  -  西海岸', '500万', '单价20162元/平米')
('', '丽晶维港 3室3厅 290万', '丽晶维港  ', '高楼层(共24层)暂无数据  -  秀英', '290万', '单价19131元/平米')
('', '毛坯大三房 采光通风好 业主诚意出售', '天伦誉海湾  ', '低楼层(共30层)塔楼  -  西海岸', '225万', '单价18750元/平米')
('https://image1.ljcdn.com/460100-inspection/8efca43a-d4c0-43c7-a6c0-4ed4836f4c41.jpg.296x216.jpg', '天利龙腾湾 2015年新小区 此房可观海景。', '梦享·龙腾湾  ', '中楼层(共30层)暂无数据  -  西海岸', '188万', '单价21186元/平米')
('', '南北通透格局方正，带电梯适合各类人群居住。', '龙光海云天  ', '高楼层(共18层)板塔结合  -  西海岸', '210万', '单价25891元/平米')
('', '新景立大厦 电梯 房 大5房 居家装修 看房方便', '新景立大厦  ', '低楼层(共15层)暂无数据  -  西海岸', '218万', '单价12037元/平米')
('https://image1.ljcdn.com/460100-inspection/b5791d3b-e47d-4139-b2ed-aa10703cbf09.jpg.296x216.jpg', '南北通透，精装修，随时看房的方正两居室，诚心卖房。', '龙光海云天  ', '高楼层(共17层)板塔结合  -  西海岸', '178万', '单价20942元/平米')
('', '西海岸 华盛中 央公园 中低楼层 方正三房', '华盛中央公园  ', '中楼层(共34层)塔楼  -  西海岸', '170万', '单价17709元/平米')
('', '永万路 电梯三房 天伦誉海湾 业主诚心出售', '天伦誉海湾  ', '中楼层(共30层)塔楼  -  西海岸', '235万', '单价19798元/平米')
('', '西海岸 华盛中 央公园  近远大购物商场！', '华盛中央公园  ', '高楼层(共34层)塔楼  -  西海岸', '187万', '单价20108元/平米')
('https://image1.ljcdn.com/460100-inspection/cf7a628b-3990-4d15-bbc2-8324432fa312.jpg.296x216.jpg', '此房产证满二年，采光充足通风好', '阳光西海岸  ', '16层暂无数据  -  西海岸', '220万', '单价20184元/平米')
('', '海岸赛拉维 4室2厅 230万', '海岸赛拉维  ', '低楼层(共18层)塔楼  -  西海岸', '230万', '单价15674元/平米')
('', '高档小区，生活便利，装修好，社区素质高', '东汇西海岸  ', '高楼层(共17层)板塔结合  -  西海岸', '165万', '单价18334元/平米')
('', '四房三厅，户型方正采光良好，全新装修', '泉海好家园  ', '低楼层(共16层)暂无数据  -  秀英', '290万', '单价19079元/平米')
('https://image1.ljcdn.com/460100-inspection/66369332-8dac-4c8e-9c3f-98676b35d16b.jpg.296x216.jpg', '秀英 秀山观海苑 海景房  06年小区', '秀山观海苑  ', '中楼层(共18层)暂无数据  -  西海岸', '169.8万', '单价19473元/平米')
('', '通风采光好，正规3房，明厨明卫，户型方正，产权清晰', '海岸赛拉维  ', '低楼层(共19层)塔楼  -  西海岸', '210万', '单价17560元/平米')
('', '西海岸长信海岸水城，配套成熟，环境优越，适合居住。', '长信·海岸水城  ', '高楼层(共8层)暂无数据  -  西海岸', '1200万', '单价37736元/平米')
('', '西海岸正规大三房，精装修，可拎包入住', '夏威夷海岸  ', '中楼层(共6层)板楼  -  西海岸', '270万', '单价20997元/平米')
('https://image1.ljcdn.com/460100-inspection/23e886a5-f8ad-4303-8736-456d782349e0.jpg.296x216.jpg', '海口汽车西站，3房，复式，精装修', '金侨大厦  ', '中楼层(共26层)暂无数据  -  秀英', '91.8万', '单价16780元/平米')
('', '锦湖花苑 3室2厅 195万', '锦湖花苑  ', '低楼层(共15层)暂无数据  -  秀英', '195万', '单价15633元/平米')
('', '秀英区海秀快速路毛坯三房三阳台，小区有泳池!', '瑞园二期  ', '中楼层(共20层)塔楼  -  秀英', '200万', '单价18019元/平米')
('', '正规 三房两厅一卫 南北对流 满五年多套，税费少！', '七彩阳光  ', '高楼层(共15层)暂无数据  -  秀英', '193万', '单价14847元/平米')
('https://image1.ljcdn.com/460100-inspection/023715d2-3001-43c2-814d-dd10fbb4e608.jpg.296x216.jpg', '东汇森语林 视野好 户型方正 精装修正规一室一厅', '东汇·森语林  ', '高楼层(共18层)暂无数据  -  秀英', '80万', '单价13945元/平米')
('', '滨海新天地 西海岸 小户型 总价低', '滨海新天地  ', '高楼层(共17层)板塔结合  -  西海岸', '96万', '单价19976元/平米')
('', '正规一居室，产权清晰，满2年免征增值税5.6%', '梦享·龙腾湾  ', '高楼层(共30层)板楼  -  西海岸', '115万', '单价18549元/平米')
('', '西海岸片区，小区配套，正规2房', '大华·锦绣海岸  ', '低楼层(共20层)板楼  -  西海岸', '260万', '单价27206元/平米')
('https://image1.ljcdn.com/460100-inspection/dff6ba49-3391-4818-b64d-9e03706c63d8.JPG.296x216.jpg', '金桥大厦 户型方正 采光通风好', '金侨大厦  ', '中楼层(共26层)暂无数据  -  秀英', '165万', '单价11000元/平米')
('', '梦享龙腾湾，一线海景，小户型，毛坯房', '梦享·龙腾湾  ', '低楼层(共30层)板楼  -  西海岸', '102万', '单价16838元/平米')
('', '西海岸 海岸赛拉维  毛坯大三房', '海岸赛拉维  ', '高楼层(共19层)塔楼  -  西海岸', '220万', '单价19820元/平米')
('', '滨海新天地精装3房2厅，全明户型', '滨海新天地  ', '高楼层(共17层)板塔结合  -  西海岸', '287万', '单价24892元/平米')
('https://image1.ljcdn.com/460100-inspection/055368b0-2695-49a9-8034-ce3074e27f50.jpg.296x216.jpg', '蓝海佳园 不满两年 正规一室一厅', '蓝海佳园  ', '低楼层(共11层)暂无数据  -  秀英', '100万', '单价16950元/平米')
('https://image1.ljcdn.com/460100-inspection/eed71a5d-6118-4b35-b933-f69bb1681fe9.jpg.296x216.jpg', '金侨大厦 西站旁 电梯房 看房方便', '金侨大厦  ', '高楼层(共26层)暂无数据  -  秀英', '59.8万', '单价13811元/平米')
('', '秀英大道32号 海岛阳光一期 4房', '海岛阳光一期  ', '低楼层(共7层)暂无数据  -  秀英', '225万', '单价17422元/平米')
('', '西海岸片区，小区配套，正规2房', '大华·锦绣海岸  ', '中楼层(共18层)塔楼  -  西海岸', '176万', '单价22573元/平米')
('https://image1.ljcdn.com/460100-inspection/95ec1e3e-7e74-4dcd-ba87-302bfeef8516.jpg.296x216.jpg', '此房是难得的海景房，视野开阔，采光好', '海域阳光  ', '低楼层(共32层)板塔结合  -  西海岸', '230万', '单价17038元/平米')
('', '世贸 金华苑 二房二厅 带超大阳台', '金华苑  ', '中楼层(共19层)暂无数据  -  秀英', '145万', '单价16112元/平米')
('', '户型方正设计好，无浪费，采光通风效果好。', '新景立大厦  ', '低楼层(共15层)暂无数据  -  西海岸', '134万', '单价11978元/平米')
('', '蓝城印象，南北通透，四房，带车位', '城投•蓝城印象二期  ', '低楼层(共30层)暂无数据  -  西海岸', '330万', '单价22074元/平米')
('https://image1.ljcdn.com/460100-inspection/a8cf3b4e-aebe-417e-a301-99eecac0a16f.jpg.296x216.jpg', '凤凰雅苑 毛坯房 正规三房 采光充足 视野开阔', '凤凰雅苑  ', '低楼层(共23层)暂无数据  -  秀英', '200万', '单价17095元/平米')
('', '配套成熟，西海岸配套全享受，方便', '华府蓝湾  ', '中楼层(共25层)塔楼  -  西海岸', '145万', '单价16478元/平米')
('', '此房满两年，高层，采光好，视野宽阔。', '梦享·龙腾湾  ', '中楼层(共30层)板楼  -  西海岸', '110万', '单价23395元/平米')
('', '西海岸毛坯房带花园 可以按揭 养 老 投 资', '夏威夷海岸  ', '低楼层(共6层)板楼  -  西海岸', '320万', '单价27119元/平米')
('https://image1.ljcdn.com/460100-inspection/dfae6be4-a638-4522-aa97-2b4f5a9ef752.jpg.296x216.jpg', '展兴高新花园正规2房，产证满二可按揭，楼层舒适', '展兴高新花园  ', '高楼层(共22层)暂无数据  -  秀英', '153万', '单价16660元/平米')
('', '业主诚心出售!西海岸绿地文化城，精装两房，高楼层', '绿地文化城  ', '高楼层(共26层)板塔结合  -  西海岸', '154万', '单价20000元/平米')
('', '金外滩花园，户型方正，采光充足', '金外滩花园  ', '低楼层(共12层)暂无数据  -  秀英', '88万', '单价20000元/平米')
('', '西海岸塞拉维 高楼层 视野开阔 采光充足', '海岸赛拉维  ', '中楼层(共18层)塔楼  -  西海岸', '260万', '单价26531元/平米')
('https://image1.ljcdn.com/460100-inspection/8410fe9c-577a-4353-a914-9916d10f0b43.jpg.296x216.jpg', '水云天，一梯两户，精装送家具家电，可以按揭', '水云天  ', '中楼层(共11层)暂无数据  -  秀英', '260万', '单价17898元/平米')
('', '铭盛檀香洲 3室2厅 168万', '铭盛檀香洲  ', '中楼层(共25层)暂无数据  -  秀英', '168万', '单价16000元/平米')
('', '西海岸 五源河 精装两房 超大阳台', '华盛中央公园  ', '中楼层(共34层)塔楼  -  西海岸', '165万', '单价22021元/平米')
('https://image1.ljcdn.com/460100-inspection/fc44e3d0-41fc-41c1-b1e9-115b5e8d4062.jpg.296x216.jpg', '秀英省医院旁毛坯二房二厅低价出售', '秀华旺居  ', '高楼层(共9层)暂无数据  -  秀英', '152万', '单价16000元/平米')
('https://image1.ljcdn.com/460100-inspection/2713393f-4e50-425f-8287-4b0a99cfab46.jpg.296x216.jpg', '西海岸片区，视野宽阔，采光充足，精装修', '华盛中央公园  ', '低楼层(共34层)塔楼  -  西海岸', '118万', '单价20458元/平米')
('', '锦湖花苑 2室2厅 175万', '锦湖花苑  ', '高楼层(共15层)暂无数据  -  秀英', '175万', '单价15987元/平米')
('', '大华锦绣海岸 西海岸片区，户型方正，明厨明卫！', '大华·锦绣海岸  ', '中楼层(共21层)塔楼  -  西海岸', '180万', '单价21177元/平米')
('', '方正两居室，南北通透户型，产权清晰，业主诚心出售。', '龙光海云天  ', '高楼层(共18层)板塔结合  -  西海岸', '165万', '单价20122元/平米')
('https://image1.ljcdn.com/460100-inspection/c0b11b96-f88b-4447-84d0-cd6735c1d6a1.jpg.296x216.jpg', '阳光西海岸 两房两卫海景房 南北通透 配套齐全', '阳光西海岸  ', '16层暂无数据  -  西海岸', '255万', '单价23275元/平米')
('', '正规的大2房，五源河校区，步行到购物广场，生活方便', '晨晖帝景  ', '高楼层(共17层)板楼  -  西海岸', '228万', '单价24511元/平米')
('', '永万路 凯撒豪庭 精装小两房户型 64平仅售115万！', '凯撒豪庭  ', '低楼层(共12层)暂无数据  -  西海岸', '115万', '单价17830元/平米')
('', '南光西海湾，联排跃层洋房，可以按揭！70年产权', '南光·西海湾  ', '中楼层(共5层)板楼  -  西海岸', '638万', '单价24589元/平米')
('https://image1.ljcdn.com/460100-inspection/3f66936f-496f-413d-800c-611ddceb613f.jpg.296x216.jpg', '满二免增值 精装拎包入住 生活便利', '万科浪琴湾  ', '低楼层(共5层)暂无数据  -  西海岸', '120万', '单价17911元/平米')
('', '丽晶花园  房子户型方正 精装修', '丽晶花园  ', '高楼层(共12层)暂无数据  -  秀英', '180万', '单价14562元/平米')
('', '房屋满2年，现在毛坯出售，经典2房设计。', '西海瑞园  ', '中楼层(共16层)板塔结合  -  西海岸', '193万', '单价20316元/平米')
('', '正规2房，交通便利，配套齐全！', '洛杉矶城  ', '中楼层(共30层)暂无数据  -  秀英', '210万', '单价24706元/平米')
('https://image1.ljcdn.com/460100-inspection/cdcf172b-5482-43f7-9dfe-a4eb98b81d86.jpg.296x216.jpg', '远大购物广场旁，海长流一期精装两房，售价165万', '绿地海长流  ', '低楼层(共12层)暂无数据  -  西海岸', '165万', '单价17363元/平米')
('', '小户型，正规1房，环境优美！！', '长信蓝郡  ', '高楼层(共14层)暂无数据  -  西海岸', '120万', '单价30849元/平米')
('', '宝安滨海豪庭 滨海九小旁 大四房 南北通透', '宝安滨海豪庭  ', '中楼层(共30层)暂无数据  -  秀英', '385万', '单价20158元/平米')
('', '金章华府（秀英区）精装3房1厅1卫1 中层 户型方正', '金章华府  ', '中楼层(共25层)暂无数据  -  秀英', '198万', '单价13470元/平米')
('https://image1.ljcdn.com/460100-inspection/d1f8c630-2c50-455f-8370-c705642ac721.jpg.296x216.jpg', '水岸珈蓝精装两房拎包入住家电赠送产权清晰', '水岸珈蓝  ', '中楼层(共11层)暂无数据  -  秀英', '195万', '单价21957元/平米')
('', '海岛阳光三期 精装两房家具家电全送 拎包入住全新装修', '海岛阳光三期  ', '中楼层(共8层)暂无数据  -  秀英', '150万', '单价17442元/平米')
('', '海口市 白水塘 锦地翰城 精装3房', '锦地翰城  ', '中楼层(共26层)塔楼  -  秀英', '300万', '单价24194元/平米')
('', '金章华府（秀英区）精装3房1厅1卫1 中层 户型方正', '金章华府  ', '低楼层(共25层)暂无数据  -  秀英', '198万', '单价13470元/平米')
('https://image1.ljcdn.com/460100-inspection/6eb6c6a1-8f1b-43fe-a258-32311e020915.jpg.296x216.jpg', '小户型2房，带阳台，户型方正！', '金侨大厦  ', '中楼层(共26层)暂无数据  -  秀英', '79万', '单价14440元/平米')
('', '电梯，方正户型，看房方便，业主诚心出售，随时签约', '金域湾畔  ', '中楼层(共29层)暂无数据  -  秀英', '190万', '单价17658元/平米')
('', '海岸豪庭2房2厅，精装修，可以看到海', '海岸豪庭  ', '中楼层(共24层)塔楼  -  西海岸', '276万', '单价30043元/平米')
('', '金章华府（秀英区）精装3房1厅1卫1 中层 户型方正', '金章华府  ', '低楼层(共25层)暂无数据  -  秀英', '198万', '单价13470元/平米')
('https://image1.ljcdn.com/460100-inspection/dd6155a7-a01c-44ec-adbf-0fe2ff681e38.jpg.296x216.jpg', '此房满五唯一，看房方便，户型方正', '铭盛檀香洲  ', '高楼层(共25层)暂无数据  -  秀英', '60万', '单价17143元/平米')
('', '通风采光好，正规2房，明厨明卫，户型方正，产权清晰', '海岸赛拉维  ', '中楼层(共19层)塔楼  -  西海岸', '145万', '单价17632元/平米')
('', '海秀大厦，正规3房两厅，户型方正，采光充足', '华秀大厦  ', '中楼层(共18层)暂无数据  -  秀英', '230万', '单价17333元/平米')
('', '滨海新天地3房精装修，家具齐全直接入住', '滨海新天地  ', '高楼层(共17层)板塔结合  -  西海岸', '253万', '单价22000元/平米')
('https://image1.ljcdn.com/460100-inspection/ab836d33-1ed2-45d3-95c2-5e6f6b07b965.jpg.296x216.jpg', '金桥大厦 满五唯一  精装 一室一厅', '金侨大厦  ', '中楼层(共26层)暂无数据  -  秀英', '54万', '单价15883元/平米')
('https://image1.ljcdn.com/460100-inspection/830bf2f1-0c8f-42c1-a4ba-387ce493da60.jpg.296x216.jpg', '宝源花园 3室2厅 210万', '宝源花园  ', '中楼层(共11层)暂无数据  -  秀英', '210万', '单价16536元/平米')
('', '西海岸绿地长流 标准户型 环境好', '绿地海长流  ', '中楼层(共21层)塔楼  -  西海岸', '165万', '单价17483元/平米')
('', '西海岸海长流   200万 离海边1.4公里  赠产权车位', '绿地海长流  ', '低楼层(共21层)塔楼  -  西海岸', '240万', '单价25532元/平米')
('', '秀华路金海大厦一房，交通便利拎包入住，可按揭', '金海大厦  ', '高楼层(共21层)暂无数据  -  秀英', '36.8万', '单价12158元/平米')
('', '房子是小户型，价钱不贵，适合小两口过渡使用', '金侨大厦  ', '中楼层(共26层)暂无数据  -  秀英', '54万', '单价14211元/平米')
('', '西海岸 南方明珠旁 独栋海景别墅 442.73㎡', '蔚蓝海岸  ', '低楼层(共3层)暂无数据  -  西海岸', '1100万', '单价24846元/平米')
('', '海秀路  汽车总站《金桥大厦》大户型小区房', '金侨大厦  ', '高楼层(共26层)暂无数据  -  秀英', '185万', '单价12417元/平米')
('https://image1.ljcdn.com/460100-inspection/rsp_pic_upload84f4a37d-ed81-4a91-8de7-7c7238f40c96.jpg.296x216.jpg', '精装海景房  高楼层 无遮挡 视野棒', '海域阳光  ', '高楼层(共32层)板塔结合  -  西海岸', '300万', '单价23621元/平米')
('https://image1.ljcdn.com/460100-inspection/543e0a55-b3ab-44cf-8859-4ece54cb209b.jpg.296x216.jpg', '此房是三房，户型方正，通透采光充足', '金侨大厦  ', '高楼层(共26层)暂无数据  -  秀英', '115万', '单价13069元/平米')
('', '花城锦苑双创广场旁位于海口市龙华区南海大道精装4房', '花城锦苑  ', '低楼层(共14层)暂无数据  -  秀英', '188.8万', '单价14637元/平米')
('', '置地御海公馆 正规1房 精装修 67万', '置地·御海公馆  ', '低楼层(共26层)板塔结合  -  西海岸', '70万', '单价18402元/平米')
('https://image1.ljcdn.com/460100-inspection/e3a2901d-fab5-4227-8c5c-08e9c806ef4c.jpg.296x216.jpg', '小户型1房，小区配套，有泳池！', '蓝海佳园  ', '中楼层(共6层)暂无数据  -  秀英', '73万', '单价17381元/平米')
('', '万花坊 152.37平304.7万 明厨明卫 视野宽阔', '万花坊  ', '高楼层(共18层)暂无数据  -  秀英', '304.7万', '单价19998元/平米')
('', '美林谷大型小区 带院子 满五年税费低', '慧远美林谷  ', '低楼层(共6层)板楼  -  西海岸', '1500万', '单价35715元/平米')
('', '西海岸一线海景，到海边直线距离300米', '夏威夷海岸  ', '中楼层(共6层)板楼  -  西海岸', '220万', '单价22000元/平米')
('https://image1.ljcdn.com/460100-inspection/6e3a2643-c74a-40df-a0dd-240dd8a1d2a8.jpg.296x216.jpg', '正规2房，明厨明卫，户型方正，产权清晰', '海岸赛拉维  ', '中楼层(共18层)塔楼  -  西海岸', '178万', '单价21708元/平米')
('', '东方洋路 海悦东方 正规三房二厅', '海悦东方  ', '低楼层(共32层)塔楼  -  秀英', '200万', '单价22536元/平米')
('', '高档小区  海口湾 大户型南北朝向 采光通风好', '宝安滨海豪庭  ', '低楼层(共32层)暂无数据  -  秀英', '436万', '单价20503元/平米')
('', '西海岸一线海景房，精装修，拎包入住', '夏威夷海岸  ', '中楼层(共6层)板楼  -  西海岸', '350万', '单价26516元/平米')
('https://image1.ljcdn.com/460100-inspection/6b5cf7eb-e448-4a4c-94b2-f939ef929ff5.jpg.296x216.jpg', '此房是难得的海景房，视野开阔，采光好', '海域阳光  ', '中楼层(共32层)板塔结合  -  西海岸', '333万', '单价23856元/平米')
('', '西海岸片区，小区配套，正规2房', '大华·锦绣海岸  ', '低楼层(共20层)塔楼  -  西海岸', '175万', '单价22152元/平米')
('', '洛杉矶城 近滨海九小 正规2房 精装修 地段好！', '洛杉矶城  ', '高楼层(共30层)暂无数据  -  秀英', '260万', '单价27084元/平米')
('', '高档小区，生活便利，装修好，社区素质高。', '海岛阳光一期  ', '低楼层(共7层)暂无数据  -  秀英', '175万', '单价15487元/平米')
('https://image1.ljcdn.com/460100-inspection/f48771e8-09c0-485d-8bce-69708de1bf36.jpg.296x216.jpg', '丘海大道 全新装修 精装2房 看房提前预约', '文汇雅居  ', '中楼层(共17层)暂无数据  -  秀英', '162万', '单价18203元/平米')
('', '海岸赛拉维 高档小区 生活便利', '海岸赛拉维  ', '高楼层(共19层)塔楼  -  西海岸', '195万', '单价23712元/平米')
('', '水云天满五唯一，交通方便，产证在手', '水云天  ', '中楼层(共10层)暂无数据  -  秀英', '220万', '单价18334元/平米')
('', '滨海大道以北 楼层高景观好 近海边 交通便利', '梦享·龙腾湾  ', '中楼层(共30层)板楼  -  西海岸', '110万', '单价18033元/平米')
('https://image1.ljcdn.com/460100-inspection/5be87107-1f8b-4d0f-87ab-5cc093b9301a.jpg.296x216.jpg', '海口金外滩，一室一厅 户型方正，采光通亮', '金外滩花园  ', '中楼层(共12层)暂无数据  -  秀英', '120万', '单价25000元/平米')
('', '华盛公园 两房 小区绿化高 采光通风充足', '华盛中央公园  ', '高楼层(共34层)塔楼  -  西海岸', '150.3万', '单价19998元/平米')
('', '绿地海长流，满两年，精装修，产证在手', '绿地海长流  ', '低楼层(共23层)暂无数据  -  西海岸', '195万', '单价20527元/平米')
('', '海岸豪庭 高档小区，生活便利，装修好，社区素质高', '海岸豪庭  ', '低楼层(共25层)塔楼  -  西海岸', '220万', '单价23372元/平米')
('', '锦地翰城 满五年唯一 税费少 产证在手', '锦地翰城  ', '中楼层(共24层)塔楼  -  秀英', '200万', '单价17392元/平米')
('', '西海岸 秀山观海苑 102平双阳台两房 业主诚意出售', '秀山观海苑  ', '中楼层(共10层)暂无数据  -  西海岸', '180万', '单价17648元/平米')
('', '白水塘 锦地翰城  2房 户型方正', '锦地翰城  ', '中楼层(共24层)塔楼  -  秀英', '165万', '单价20424元/平米')
('', '此房满五唯一，税费低，北边是海口湾，出行居住便利。', '金域湾畔  ', '高楼层(共29层)暂无数据  -  秀英', '215万', '单价19729元/平米')
('', '锦地翰城二期 精装三房拎包入住，全明格局。', '锦地翰城  ', '高楼层(共24层)塔楼  -  秀英', '172万', '单价16863元/平米')
('', '满五年唯一带电梯2012年小区，户型方正，产权清晰海景', '中弘·西岸首府  ', '中楼层(共24层)暂无数据  -  西海岸', '265万', '单价23044元/平米')
('', '户型规规， 明厨明卫，房间开窗', '蓝海佳园  ', '中楼层(共8层)暂无数据  -  秀英', '155万', '单价17560元/平米')
('', '秀英区南海大道《花城锦都》3房128平178万', '花城锦苑  ', '低楼层(共14层)暂无数据  -  秀英', '178万', '单价13821元/平米')
('', '金域湾畔 3室2厅 235万', '金域湾畔  ', '高楼层(共29层)暂无数据  -  秀英', '235万', '单价18504元/平米')
('', '满五唯一，全明户型，采光充足，视野好', '维多利亚花园  ', '高楼层(共12层)暂无数据  -  秀英', '530万', '单价26369元/平米')
('', '西海岸 滨海新天地   毛坯房 随心装修 舒适小家', '滨海新天地  ', '中楼层(共17层)板塔结合  -  西海岸', '102万', '单价21132元/平米')
('https://image1.ljcdn.com/460100-inspection/51f438a3-c61e-4ca5-95d5-a2a47359fe22.jpg.296x216.jpg', '华盛中央公园 3室2厅 198万', '华盛中央公园  ', '中楼层(共31层)塔楼  -  西海岸', '198万', '单价16780元/平米')
('https://image1.ljcdn.com/460100-inspection/3aec07b3-3e23-4ee8-9991-ce8403278981.jpg.296x216.jpg', '板式住宅，一梯两户，海景、园景两相宜', '金外滩花园  ', '中楼层(共12层)暂无数据  -  秀英', '280万', '单价21758元/平米')
('https://image1.ljcdn.com/460100-inspection/75bee218-e1d5-40ba-9fde-bda6e046b18f.jpg.296x216.jpg', '铭盛檀香洲精装两房，满五，税少，售价145万', '铭盛檀香洲  ', '高楼层(共25层)暂无数据  -  秀英', '145万', '单价16112元/平米')
('https://image1.ljcdn.com/460100-inspection/a8d5e089-198d-4bc7-af40-43dd067b32fe.jpg.296x216.jpg', '西海岸市政府远大旁成熟小区 满二年高楼层看海景', '中弘·西岸首府  ', '高楼层(共24层)暂无数据  -  西海岸', '178万', '单价18724元/平米')
('https://image1.ljcdn.com/460100-inspection/c93535d6-c4c1-46b3-a2a7-8ee68f337805.JPG.296x216.jpg', '海口西站，海秀快速路，3房，秀英区', '金侨大厦  ', '低楼层(共26层)暂无数据  -  秀英', '123万', '单价13442元/平米')
('https://image1.ljcdn.com/460100-inspection/d5cd519f-8fd0-463b-810f-552d456b4132.jpg.296x216.jpg', '环强·御景湾 3室2厅 390万', '环强·御景湾  ', '中楼层(共29层)暂无数据  -  秀英', '390万', '单价26175元/平米')
('https://image1.ljcdn.com/460100-inspection/23c16e35-cf5e-4bed-a306-53141fb98fe5.jpg.296x216.jpg', '朝南户型，高楼层，视野开阔，毛坯房', '保利中央海岸  ', '高楼层(共23层)板楼  -  秀英', '265万', '单价23887元/平米')
('https://image1.ljcdn.com/460100-inspection/e55d6cf4-798a-4ee6-a5fc-8ff902ef6b2e.JPG.296x216.jpg', '临街路段，面向小区，全新装修，全明采光，交通便利', '鑫汇大厦  ', '中楼层(共19层)板楼  -  龙华', '156万', '单价14555元/平米')
('https://image1.ljcdn.com/460100-inspection/7b563987-0894-4ba0-827b-ecdabe660373.jpg.296x216.jpg', '文博府毛坯3房 看房方便 交通便利 朝南 满五唯一', '文博府  ', '低楼层(共11层)暂无数据  -  秀英', '236万', '单价18731元/平米')
('https://image1.ljcdn.com/460100-inspection/5706bf59-973a-4577-9e5b-0145895585d0.jpg.296x216.jpg', '金楚小区 居家装修 采光优越 交通便利', '金楚小区  ', '高楼层(共8层)暂无数据  -  秀英', '102万', '单价9169元/平米')
('https://image1.ljcdn.com/460100-inspection/e05dac13-1295-4d3f-95d5-49587164eb42.jpg.296x216.jpg', '爱华小区 家电家具齐全 拎包入住 125万', '爱华小区  ', '高楼层(共8层)暂无数据  -  秀英', '112万', '单价15457元/平米')
('https://image1.ljcdn.com/460100-inspection/70d8146f-d109-417d-a880-4a8d8637ef54.jpg.296x216.jpg', '维多利亚花园 2室2厅 168万', '维多利亚花园  ', '中楼层(共16层)暂无数据  -  秀英', '168万', '单价20123元/平米')
('https://image1.ljcdn.com/460100-inspection/68ff9a45-7758-48f0-9aa5-af967c46f06f.jpg.296x216.jpg', '金桥大厦 采光充足  户型方正 配套齐全', '金侨大厦  ', '高楼层(共26层)暂无数据  -  秀英', '178万', '单价11867元/平米')
('https://image1.ljcdn.com/460100-inspection/57f75aa9-8f93-43da-b578-e7ac05d0995d.jpg.296x216.jpg', '滨海大道，正规3房，明厨明卫！', '银通花园  ', '中楼层(共22层)暂无数据  -  秀英', '246万', '单价17029元/平米')
('https://image1.ljcdn.com/460100-inspection/9f8cdc38-759d-4663-9587-7f80c18cf5c9.jpg.296x216.jpg', '西城1号 精装修 满五多套 业主诚心卖', '西城1号  ', '低楼层(共19层)暂无数据  -  秀英', '209万', '单价18915元/平米')
('https://image1.ljcdn.com/460100-inspection/1d9a93b4-c4cf-41fd-9df5-65c2dc81cace.jpg.296x216.jpg', '秀英 七彩阳光 碧海大道 3房户型', '七彩阳光  ', '中楼层(共15层)暂无数据  -  秀英', '192万', '单价14884元/平米')
('https://image1.ljcdn.com/460100-inspection/161fc3b8-0d6c-48c3-a829-3d5876064c21.jpg.296x216.jpg', '满五年多套 采光充足 正规三房', '海岛阳光一期  ', '低楼层(共10层)暂无数据  -  秀英', '186万', '单价15939元/平米')
('https://image1.ljcdn.com/460100-inspection/5f7f232f-ac9a-4321-b84a-96999d6ade7b.jpg.296x216.jpg', '秀英区，海秀中路，3房，秀英港！', '海南果菜副食品宿舍  ', '中楼层(共9层)暂无数据  -  秀英', '128万', '单价15614元/平米')
('https://image1.ljcdn.com/460100-inspection/6ade4ed2-61b5-4929-949b-ac2a5aaefb9c.jpg.296x216.jpg', '西海岸祥和家园  毛坯三房自由装修 欢迎看房', '祥和家园  ', '中楼层(共18层)暂无数据  -  西海岸', '260万', '单价20657元/平米')
('https://image1.ljcdn.com/460100-inspection/fbdbc399-b527-48c5-81c5-8a4b884a0385.jpg.296x216.jpg', '金外滩花园 满五唯一  税费少  跃层', '金外滩花园  ', '高楼层(共7层)暂无数据  -  秀英', '440万', '单价27673元/平米')
('https://image1.ljcdn.com/460100-inspection/b4886b13-cebb-40e2-94d4-b44b1b996099.jpg.296x216.jpg', '秀英南海大道 印象荷园 精装三房 业主诚心出售', '印象荷园  ', '低楼层(共20层)暂无数据  -  秀英', '220万', '单价15952元/平米')
('https://image1.ljcdn.com/460100-inspection/0028c95a-398b-44ee-abde-b03a551455a9.jpg.296x216.jpg', '金域湾畔 2室2厅 170万', '金域湾畔  ', '高楼层(共30层)暂无数据  -  秀英', '170万', '单价22107元/平米')
('https://image1.ljcdn.com/460100-inspection/ac445022-f97e-434e-8df3-7b250d8eadd7.jpg.296x216.jpg', '朝南户型 正规三房 ，明厨明卫，满五多套税费低 精装', '港东小区  ', '中楼层(共8层)暂无数据  -  秀英', '139万', '单价12871元/平米')
('https://image1.ljcdn.com/460100-inspection/26c7417b-dd3c-4cd9-8013-95dce8d9aa2b.jpg.296x216.jpg', '文博府B区，跃层，南北通透，两梯两户。', '文博府B区  ', '高楼层(共18层)暂无数据  -  秀英', '353万', '单价18487元/平米')
('https://image1.ljcdn.com/460100-inspection/ee0a814f-b730-498f-8246-58444ff50aef.jpg.296x216.jpg', '秀英 满两年  单价低  税费低  视野开阔 精装修 跃层', '逸海楼小区  ', '高楼层(共18层)暂无数据  -  秀英', '293万', '单价11227元/平米')
('https://image1.ljcdn.com/460100-inspection/06441978-2863-4da4-b476-7a34df0eb4e8.jpg.296x216.jpg', '户型方正，满五多套 小区环境好', '海岛阳光一期  ', '中楼层(共7层)暂无数据  -  秀英', '175万', '单价16827元/平米')
('https://image1.ljcdn.com/460100-inspection/6cfd09bd-55c3-4a4e-a5e1-ab18b02622f3.jpg.296x216.jpg', '小区环境优美  南北通透  采光充足', '慧远美林谷  ', '中楼层(共5层)暂无数据  -  西海岸', '730万', '单价40989元/平米')
('https://image1.ljcdn.com/460100-inspection/fcf45e5a-825b-4081-8b0d-2f0f778b5f8b.jpg.296x216.jpg', '金桥大厦 满五年 精装 一室一厅', '金侨大厦  ', '中楼层(共26层)暂无数据  -  秀英', '84.8万', '单价15500元/平米')
('https://image1.ljcdn.com/460100-inspection/463b923b-93e9-439d-90fa-578340f907fc.jpg.296x216.jpg', '全明采光 市政府旁 通风好 生活便利', '绿地海长流  ', '低楼层(共23层)暂无数据  -  西海岸', '184.8万', '单价21027元/平米')
('https://image1.ljcdn.com/460100-inspection/bd3fea49-55c5-428f-bd99-40d2850d17ed.jpg.296x216.jpg', '铭盛檀香洲 精装小户型 家电家具全送 看房方便！', '铭盛檀香洲  ', '中楼层(共25层)暂无数据  -  秀英', '57万', '单价17041元/平米')
('https://image1.ljcdn.com/460100-inspection/a19755de-bd81-474f-a30a-046febc2b8fe.jpg.296x216.jpg', '秀英新小区(棕榈泉)精装修两房 南北向双阳台 对流通透', '棕榈泉  ', '高楼层(共11层)暂无数据  -  秀英', '155万', '单价18945元/平米')
('https://image1.ljcdn.com/460100-inspection/60fbb9f6-e063-4e85-bf0e-c561df1265c9.jpg.296x216.jpg', '此房南北透通，小高楼，配套齐全', '水云天  ', '低楼层(共11层)暂无数据  -  秀英', '119万', '单价17000元/平米')
('https://image1.ljcdn.com/460100-inspection/ba0eb56a-3501-4a72-aa17-f5c65a8e55bb.jpg.296x216.jpg', '户型方正朝南 采光好 新小区业主各付税 看小区园林', '海悦东方  ', '高楼层(共11层)塔楼  -  秀英', '120万', '单价19673元/平米')
('https://image1.ljcdn.com/460100-inspection/2b85e407-5c7a-4768-bd83-6240bb860ff5.jpg.296x216.jpg', '市区交通便利 次新小区 小户型 精装修', '文博府  ', '低楼层(共24层)暂无数据  -  秀英', '74万', '单价17789元/平米')
('https://image1.ljcdn.com/460100-inspection/78196102-e255-4254-8e11-30a7a7c03ce0.jpg.296x216.jpg', '房屋不满二，精装修，采光充足。', '长信蓝郡  ', '低楼层(共14层)暂无数据  -  西海岸', '170万', '单价28334元/平米')
('https://image1.ljcdn.com/460100-inspection/3e7463bd-5532-4a1b-8ac2-fcc739d1b99b.jpg.296x216.jpg', '滨海风光优美迷人森林公园气候宜人   商用自住皆宜。', '中弘·西岸首府  ', '低楼层(共24层)暂无数据  -  西海岸', '185万', '单价20009元/平米')
('https://image1.ljcdn.com/460100-inspection/68752ef3-b41b-4eae-b964-fbdb2d28f7e5.jpg.296x216.jpg', '通风效果好，还有独立大花园，精装修，拎包入住', '宝安滨海豪庭  ', '中楼层(共30层)暂无数据  -  秀英', '475万', '单价25000元/平米')
('https://image1.ljcdn.com/460100-inspection/fb81a04b-472e-46c0-ba17-e2489f425d57.jpg.296x216.jpg', '滨海花园，产证在手，中间楼层，一梯两户', '海滨花园  ', '中楼层(共8层)暂无数据  -  秀英', '140万', '单价11962元/平米')
('https://image1.ljcdn.com/460100-inspection/9cd4bc05-e58e-4d1a-b020-12b10fcbbccc.jpg.296x216.jpg', '秀英区精装修三房，南北通透，汽车西站旁，铭盛檀香洲', '铭盛檀香洲  ', '中楼层(共25层)暂无数据  -  秀英', '215万', '单价16809元/平米')
('https://image1.ljcdn.com/460100-inspection/76016d89-7918-4c72-ba13-ae9937f0f4c4.jpg.296x216.jpg', '西海岸  好环境 交通便利  精装修3房', '蓝城一号二期  ', '高楼层(共33层)塔楼  -  西海岸', '258万', '单价29456元/平米')
('https://image1.ljcdn.com/460100-inspection/40ea891e-ec7b-4303-b825-82fd278c9ea9.jpg.296x216.jpg', '板楼，滨海大道，万绿园，双阳台，毛坯，正规3房', '桂名园  ', '中楼层(共15层)暂无数据  -  秀英', '288万', '单价20140元/平米')
('https://image1.ljcdn.com/460100-inspection/93914090-cfa6-4621-96c7-5dceafc1a7cb.jpg.296x216.jpg', '金侨大厦 1室1厅 69万', '金侨大厦  ', '低楼层(共26层)暂无数据  -  秀英', '69万', '单价12907元/平米')
('https://image1.ljcdn.com/460100-inspection/a2dad6d2-01b0-4764-b792-ac89b4591a18.jpg.296x216.jpg', '海顿大厦 3室2厅 142万', '海顿大厦  ', '低楼层(共18层)暂无数据  -  秀英', '142万', '单价19825元/平米')
('https://image1.ljcdn.com/460100-inspection/0bec512f-0ec5-4e1a-a126-61063e3f1bce.jpg.296x216.jpg', '永万路 新景立大厦 满五多套，可以按揭', '新景立大厦  ', '中楼层(共15层)暂无数据  -  西海岸', '163万', '单价11986元/平米')
('https://image1.ljcdn.com/460100-inspection/f866a562-205f-47d2-a169-d62c1b368caf.jpg.296x216.jpg', '西海岸片区，南北通透，明厨明卫，户型方正', '大华·锦绣海岸  ', '中楼层(共20层)暂无数据  -  西海岸', '199万', '单价20569元/平米')
('https://image1.ljcdn.com/460100-inspection/02505baa-d7af-4664-9101-7a1056d1ec6e.jpg.296x216.jpg', '经典两房，精装修，采光充足，视野好，不满2年', '长信蓝郡  ', '高楼层(共14层)暂无数据  -  西海岸', '196万', '单价26134元/平米')
('https://image1.ljcdn.com/460100-inspection/53745115-a389-4cd7-8a63-f1449e8a00fd.jpg.296x216.jpg', '秀英区海口湾 海顿大厦 三房户型海景房采光足户型方正', '海顿大厦  ', '中楼层(共18层)暂无数据  -  秀英', '212万', '单价18120元/平米')
('https://image1.ljcdn.com/460100-inspection/7f6a7173-17aa-47aa-bbac-7d8a1cd18f57.jpg.296x216.jpg', '天海花园 3房2厅1厨2卫 证满5年', '天海花园  ', '低楼层(共11层)暂无数据  -  西海岸', '252万', '单价18000元/平米')
('https://image1.ljcdn.com/460100-inspection/4f5a702e-add2-4eca-8e5c-d391626197b2.jpg.296x216.jpg', '大户型彰显大家风范，通透的大厅贯通，通风效果好', '滨海电力城  ', '低楼层(共16层)暂无数据  -  秀英', '190万', '单价12941元/平米')
('https://image1.ljcdn.com/460100-inspection/7f20d219-a7e2-44a8-ae2d-b101ab4fcf4d.jpg.296x216.jpg', '西海岸蓝城印象，毛坯房，靠海。小区绿化好，管理严密', '城投•蓝城印象二期  ', '低楼层(共30层)暂无数据  -  西海岸', '175万', '单价17953元/平米')
('https://image1.ljcdn.com/460100-inspection/042d686c-478e-4899-aa63-7cd88a8b114d.jpg.296x216.jpg', '绿地海长流 毛坯房 采光比较好 带阳台', '绿地海长流  ', '中楼层(共22层)板楼  -  西海岸', '160万', '单价16843元/平米')
('https://image1.ljcdn.com/460100-inspection/43e2c7f0-f16d-4472-b1dd-0edde9f186ad.jpg.296x216.jpg', '房屋不满二，精装修，采光充足。', '长信蓝郡  ', '低楼层(共14层)暂无数据  -  西海岸', '120万', '单价30000元/平米')
('https://image1.ljcdn.com/460100-inspection/b86faf88-49d8-42d2-879b-ecf1d691d4ed.jpg.296x216.jpg', '经典两房，精装修，采光充足，视野好，不满2年', '长信蓝郡  ', '低楼层(共14层)暂无数据  -  西海岸', '195万', '单价26352元/平米')
('https://image1.ljcdn.com/460100-inspection/8c1c2a26-520e-4e42-858a-763f52fbf5ce.jpg.296x216.jpg', '机关宿舍 省人民医院旁 精装三房 拎包入住', '秀英区机关第二宿舍区  ', '中楼层(共6层)暂无数据  -  秀英', '123万', '单价15663元/平米')
('https://image1.ljcdn.com/460100-inspection/f5296bd6-bcfe-441f-96c0-1cf4c5d19175.JPG.296x216.jpg', '海悦东方，精装修2+1户型，家电家具拎包入住', '海悦东方  ', '中楼层(共26层)板楼  -  秀英', '175万', '单价21085元/平米')
('https://image1.ljcdn.com/460100-inspection/38b956fa-8c67-45c1-9e9c-0f8e864d47e4.jpg.296x216.jpg', '维多利亚花园 满五年唯一 正规四房', '维多利亚花园  ', '高楼层(共12层)暂无数据  -  秀英', '230万', '单价14650元/平米')
('https://image1.ljcdn.com/460100-inspection/ed5bb733-c504-4878-a93f-d02c0687017f.jpg.296x216.jpg', '文博府 3室2厅 248万', '文博府  ', '中楼层(共24层)暂无数据  -  秀英', '248万', '单价20033元/平米')
('https://image1.ljcdn.com/460100-inspection/56a85361-8a8d-479f-8c62-3709aa089152.jpg.296x216.jpg', '秀英万达旁 锦地翰城一期 精装三房 中层楼 南北', '锦地翰城  ', '低楼层(共32层)塔楼  -  秀英', '260万', '单价20228元/平米')
('https://image1.ljcdn.com/460100-inspection/e3c2c9c2-45d6-4eaa-892c-90a08f212e8f.jpg.296x216.jpg', '绿地海长流一期 （2室2厅1卫+入户花园)', '绿地海长流  ', '低楼层(共22层)暂无数据  -  西海岸', '199万', '单价21992元/平米')
('https://image1.ljcdn.com/460100-inspection/8c11b226-8240-4739-92a8-8305e827b140.jpg.296x216.jpg', '房子年限新，九小和侨中近，去西海岸和回市区都方便', '天伦誉海湾  ', '中楼层(共31层)板楼  -  西海岸', '377万', '单价26000元/平米')
('', '通风采光好，正规2房，明厨明卫，户型方正，产权清晰', '海岸赛拉维  ', '低楼层(共18层)塔楼  -  西海岸', '270万', '单价27730元/平米')
('', '西海岸海岸赛拉维，新装修，拎包入住', '海岸赛拉维  ', '高楼层(共15层)板楼  -  西海岸', '398万', '单价26633元/平米')
('', '海岛阳光二期 小区绿化高 满五多套三房', '海岛阳光二期  ', '中楼层(共6层)暂无数据  -  秀英', '180万', '单价16364元/平米')
('', '金侨大厦，满五多套，业主诚心出售，三室', '金侨大厦  ', '低楼层(共26层)暂无数据  -  秀英', '170万', '单价11337元/平米')
('', '海景房， 交通便利， 视野宽阔 ，采光充足，楼层好', '夏威夷海岸  ', '低楼层(共6层)板楼  -  西海岸', '260万', '单价22609元/平米')
('', '南北朝向，海岸风光，业主精心装修', '华盛中央公园  ', '中楼层(共34层)塔楼  -  西海岸', '139.8万', '单价18867元/平米')
('', '海域阳光一期 精装大跃层两房两厅一厨两卫', '海域阳光  ', '中楼层(共32层)板塔结合  -  西海岸', '285万', '单价21112元/平米')
('', '鑫海华庭 2室2厅 145万', '鑫海华庭  ', '高楼层(共17层)板塔结合  -  秀英', '145万', '单价18937元/平米')
('', '西海岸  五源河  方正大四房', '海岸赛拉维  ', '低楼层(共19层)塔楼  -  西海岸', '248万', '单价17143元/平米')
('', '业主诚心卖房  秀英14年的次新小区 首付不到60万', '时代城  ', '低楼层(共31层)板楼  -  西海岸', '196.5万', '单价16997元/平米')
('', '泰达天海国际 一线海景房 前后无遮挡 精装修 小洋房', '泰达天海国际  ', '高楼层(共6层)板楼  -  西海岸', '760万', '单价33481元/平米')
('', '泰达天海国际 一线海景房 前后无遮挡 毛坯 小洋房', '泰达天海国际  ', '高楼层(共6层)板楼  -  西海岸', '720万', '单价30509元/平米')
('', '户型周正  次新小区 环境好 中间楼层 精装修', '置地·御海公馆  ', '中楼层(共26层)板塔结合  -  西海岸', '166万', '单价19967元/平米')
('', '秀山观海苑 2室2厅 158万', '秀山观海苑  ', '低楼层(共10层)暂无数据  -  西海岸', '158万', '单价18124元/平米')
('', '西海瑞园大三房环境好，配套齐全', '西海瑞园  ', '低楼层(共16层)板塔结合  -  西海岸', '191.3万', '单价18500元/平米')
('', '长信蓝郡 1室1厅 179万', '长信蓝郡  ', '低楼层(共14层)暂无数据  -  西海岸', '179万', '单价29834元/平米')
('', '东汇森语林 老城 品质社区 两室', '东汇·森语林  ', '低楼层(共18层)暂无数据  -  秀英', '103万', '单价14037元/平米')
('', '秀英西海岸紫园  户型方正 南北通透 满五年', '紫园  ', '中楼层(共10层)板楼  -  西海岸', '290万', '单价29592元/平米')
('', '华盛中央公园 3室2厅 170万', '华盛中央公园  ', '中楼层(共34层)塔楼  -  西海岸', '170万', '单价17610元/平米')
('', '西海岸 海岸豪庭 精装2两房  业主诚心出售', '海岸豪庭  ', '低楼层(共24层)塔楼  -  西海岸', '190万', '单价20187元/平米')
('', '水云天 3室2厅 200万', '水云天  ', '低楼层(共11层)暂无数据  -  秀英', '200万', '单价14493元/平米')
('', '此房满五唯一，交通便利，配套齐全，业主诚心卖', '海岛国际名城  ', '低楼层(共17层)暂无数据  -  秀英', '160万', '单价18911元/平米')
('', '西海岸片区 视野宽阔 采光充足 精装三房 通风采光', '华盛中央公园  ', '中楼层(共34层)塔楼  -  西海岸', '180万', '单价18750元/平米')
('', '西海岸大型小区小户型，大开间户型', '海域阳光  ', '低楼层(共32层)塔楼  -  西海岸', '135万', '单价35065元/平米')
('', '西海岸 祥和家园 板楼 小区环境好 出行方便', '祥和家园  ', '中楼层(共18层)暂无数据  -  西海岸', '280万', '单价22223元/平米')
('', '长信蓝郡 精装一房 带阳台  拎包入住 “九小”隔壁', '长信蓝郡  ', '高楼层(共14层)暂无数据  -  西海岸', '106万', '单价26500元/平米')
('', '菩提树 2室2厅 280万', '菩提树  ', '高楼层(共15层)板楼  -  西海岸', '280万', '单价29474元/平米')
('', '海景房 交通便利 视野宽阔 采光充足', '夏威夷海岸  ', '低楼层(共6层)板楼  -  西海岸', '198万', '单价19826元/平米')
('', '西海岸精装两房，近市政府，大阳台，落地窗，户型通透', '绿地海长流  ', '高楼层(共23层)暂无数据  -  西海岸', '175万', '单价18375元/平米')
('', '西海岸 华盛中 央公园 毛坯两房', '华盛中央公园  ', '低楼层(共34层)塔楼  -  西海岸', '165万', '单价20625元/平米')
('https://image1.ljcdn.com/460100-inspection/dde022f5-7789-42fc-bdaa-e6a6f4504515.jpg.296x216.jpg', '西海岸16年房子单价仅20000，送入户花园。', '海岸赛拉维  ', '中楼层(共19层)塔楼  -  西海岸', '200.7万', '单价18002元/平米')
('https://image1.ljcdn.com/460100-inspection/6c58de15-fcf2-4d33-9fa7-f3f79211b6fb.jpg.296x216.jpg', '不满2年！ 长滨四路，近市政府，小区环境好，拎包入住', '绿地海长流  ', '中楼层(共22层)暂无数据  -  西海岸', '170万', '单价18013元/平米')
('https://image1.ljcdn.com/460100-inspection/aba17b05-2b84-463c-a37c-e6ec38daab5b.jpg.296x216.jpg', '西海瑞园 西海岸 别墅住宅一起 管理居住惬意 安静', '西海瑞园  ', '高楼层(共15层)塔楼  -  西海岸', '188万', '单价20077元/平米')
('https://image1.ljcdn.com/460100-inspection/737369a0-63b5-451c-a45b-abb0c16d0ac6.jpg.296x216.jpg', '毛坯 新小区 西海岸 环境好 两房', '华盛中央公园  ', '高楼层(共34层)塔楼  -  西海岸', '175万', '单价18128元/平米')
('https://image1.ljcdn.com/460100-inspection/998e7dba-fe0f-40ba-aa8a-42bdf18ea49d.jpg.296x216.jpg', '户型方正 成熟小区 采光充足 看房方便', '绿地海长流  ', '中楼层(共22层)暂无数据  -  西海岸', '245万', '单价18422元/平米')
('https://image1.ljcdn.com/460100-inspection/603d338f-f121-45c3-81ff-658ed03e8add.jpg.296x216.jpg', '西海岸 龙光海云天 南北通透3房', '龙光海云天  ', '中楼层(共18层)板塔结合  -  西海岸', '263万', '单价25058元/平米')
('https://image1.ljcdn.com/460100-inspection/0998c347-cb11-4dd2-b3fc-121c5fa0aa2b.jpg.296x216.jpg', '西海岸片区，南北通透，正规3房有，小区带泳池', '阳光西海岸  ', '高楼层(共15层)暂无数据  -  西海岸', '235万', '单价16977元/平米')
('https://image1.ljcdn.com/460100-inspection/bada2a72-0f0b-4045-8b20-eaa2ff065c90.jpg.296x216.jpg', '满五唯一，产证在手，随时买卖可以拎包入住', '文博府  ', '低楼层(共18层)暂无数据  -  秀英', '200万', '单价15625元/平米')
('https://image1.ljcdn.com/460100-inspection/7d72e622-7fd5-4ff6-80ac-495eed6d3a43.jpg.296x216.jpg', '大华锦绣海岸 西海岸片区，户型方正，明厨明卫！', '大华·锦绣海岸  ', '低楼层(共21层)塔楼  -  西海岸', '229万', '单价23954元/平米')
('https://image1.ljcdn.com/460100-inspection/d19fae04-0066-4311-9d84-a6458690a143.jpg.296x216.jpg', '西海岸五源河森林公园旁，龙光海云天，两房，拎包入住', '龙光海云天  ', '中楼层(共18层)板塔结合  -  西海岸', '179万', '单价21830元/平米')
('https://image1.ljcdn.com/460100-inspection/33484172-680a-4b20-b757-4b970ac0cc5e.jpg.296x216.jpg', '满两年 毛坯 板楼 南北通透 海口湾 中间楼层', '丽晶维港  ', '中楼层(共21层)暂无数据  -  秀英', '280万', '单价18919元/平米')
('https://image1.ljcdn.com/460100-inspection/2ae4596f-bcd8-420d-8868-055b0f9a1730.jpg.296x216.jpg', '秀英区西海岸美林路 慧远美林谷 低容 积 率 南北通透', '慧远美林谷  ', '中楼层(共5层)暂无数据  -  西海岸', '750万', '单价41630元/平米')
('https://image1.ljcdn.com/460100-inspection/rsp_pic_uploadb9113d0b-ec87-4118-a4c2-433398847839.JPG.296x216.jpg', '西海岸毛坯两房，  业主诚心出售  看房方便', '晨晖帝景  ', '低楼层(共17层)板楼  -  西海岸', '185万', '单价19942元/平米')
('https://image1.ljcdn.com/460100-inspection/9401fb13-374f-4e5d-840e-4a1aa91ceeca.jpg.296x216.jpg', '大户型彰显大家风范，通透的大厅南北贯通，通风效果好', '宝安滨海豪庭  ', '高楼层(共30层)暂无数据  -  秀英', '980万', '单价37693元/平米')
('https://image1.ljcdn.com/460100-inspection/f9ed9404-ae7d-4848-8c9f-2d8f5d59aaa0.jpg.296x216.jpg', '西海岸永万路 长信蓝郡 73平两房 单价低！看房方便！', '长信蓝郡  ', '低楼层(共14层)暂无数据  -  西海岸', '186万', '单价25228元/平米')
('https://image1.ljcdn.com/460100-inspection/2d05bec7-a8b8-46fc-aa76-23a662270e91.jpg.296x216.jpg', '滨海大道 丽晶路《金外滩花园》 滨海  满五唯一 毛坯', '金外滩花园  ', '中楼层(共12层)暂无数据  -  秀英', '100万', '单价22472元/平米')
('https://image1.ljcdn.com/460100-inspection/95b992bc-b631-47f4-961f-6806f3b1adc3.jpg.296x216.jpg', '此房位于秀英主城区，毛坯未装修，坐等主人来随意', '秀华旺居  ', '高楼层(共9层)暂无数据  -  秀英', '178万', '单价16182元/平米')
('https://image1.ljcdn.com/460100-inspection/rsp_pic_uploadb0246053-5fe4-4b88-be36-799f823fdff7.jpg.296x216.jpg', '西海岸 专 家公寓 三房两厅一厨一卫 精装修 拎包入住', '专家公寓  ', '中楼层(共17层)暂无数据  -  西海岸', '165万', '单价17746元/平米')
('https://image1.ljcdn.com/460100-inspection/ed86e15e-adbb-4df9-9d4e-67c1103135f5.jpg.296x216.jpg', '此房满2年多套，采光好，业主诚心出卖', '置地·御海公馆  ', '低楼层(共26层)板塔结合  -  西海岸', '168万', '单价20195元/平米')
('https://image1.ljcdn.com/460100-inspection/rsp_pic_upload43072106-2f5b-4ee3-9d1b-eae5691ca21b.jpg.296x216.jpg', '精装修 采光充足 三房两卫  视野开阔 离海近', '华秀大厦  ', '中楼层(共16层)暂无数据  -  秀英', '146万', '单价12467元/平米')
('https://image1.ljcdn.com/460100-inspection/e0d61083-118c-4bd6-a756-a555b31d0b6d.jpg.296x216.jpg', '满五年，高楼层，采光好，视野好，无遮挡', '文博府  ', '高楼层(共18层)暂无数据  -  秀英', '195万', '单价17379元/平米')
('https://image1.ljcdn.com/460100-inspection/78cbc658-2aa7-4821-9458-3dea0c1cfd46.jpg.296x216.jpg', '逸海楼小区 满五唯一 看房方便。', '逸海楼小区  ', '低楼层(共18层)暂无数据  -  秀英', '280万', '单价18830元/平米')
('https://image1.ljcdn.com/460100-inspection/c5c63d07-8317-404c-9494-0c65fef68b66.jpg.296x216.jpg', '富康路兰海佳园 交通方便 低楼层 大户型跃层 四房', '兰海佳园  ', '低楼层(共9层)暂无数据  -  秀英', '260万', '单价17258元/平米')
('https://image1.ljcdn.com/460100-inspection/09d4d6f8-1fe6-442b-b852-777554145724.jpg.296x216.jpg', '世贸精装修两房，可改三房，金贸西路丘海大道龙江大厦', '龙江大厦  ', '高楼层(共22层)暂无数据  -  秀英', '138万', '单价13799元/平米')
('https://image1.ljcdn.com/460100-inspection/e1f78427-ce5c-4584-aa85-8489027ba279.jpg.296x216.jpg', '西海岸精装三房  产证满二  税费低', '龙光海云天  ', '低楼层(共18层)板塔结合  -  西海岸', '225万', '单价21029元/平米')
('https://image1.ljcdn.com/460100-inspection/76c4ab25-bed0-4291-bd77-a9606a7be3df.jpg.296x216.jpg', '满五多套，税费超低，上学方便好地段秀英和西海岸中间', '观澜公寓  ', '低楼层(共5层)暂无数据  -  西海岸', '280万', '单价21706元/平米')
('https://image1.ljcdn.com/460100-inspection/0fcd7e6e-5e45-494d-9e4b-3e23d74d1892.jpg.296x216.jpg', '小区环境优美 南北通透 采光充足', '慧远美林谷  ', '中楼层(共6层)板楼  -  西海岸', '660万', '单价35676元/平米')
('https://image1.ljcdn.com/460100-inspection/76942db4-b756-4c3b-a437-018bccb4e291.jpg.296x216.jpg', '西海岸一线海景房 万科开发商物业 小洋房跃层满五唯一', '万科浪琴湾  ', '中楼层(共4层)暂无数据  -  西海岸', '600万', '单价27778元/平米')
('https://image1.ljcdn.com/460100-inspection/e57302e5-449f-410d-91d3-6290ce7a154f.jpg.296x216.jpg', '正规的3房2厅1厨2卫，全明户型，采光充足', '瑞园一期  ', '中楼层(共12层)暂无数据  -  秀英', '248万', '单价19375元/平米')
('https://image1.ljcdn.com/460100-inspection/f0b2de33-cc0f-4e0b-a25a-2173cc79a3e0.jpg.296x216.jpg', '交通方便 生活方便 大亭湖水系 环境优雅舒适 居家型', '水云天  ', '中楼层(共11层)暂无数据  -  秀英', '170万', '单价17526元/平米')
('https://image1.ljcdn.com/460100-inspection/f86782c1-592f-4bc1-a95f-63ffc75d36ad.jpg.296x216.jpg', '秀英 丘海大道  汇宇花园 医疗配套设施齐全 交通便利', '汇宇花园  ', '低楼层(共6层)暂无数据  -  秀英', '169万', '单价13137元/平米')
('https://image1.ljcdn.com/460100-inspection/2af893e9-f4d7-471a-bc05-844bef9b46c2.jpg.296x216.jpg', '紫园 2室2厅 260万', '紫园  ', '中楼层(共11层)板楼  -  西海岸', '260万', '单价29546元/平米')
('https://image1.ljcdn.com/460100-inspection/1168137e-e05b-4230-bbab-2b407e767fda.jpg.296x216.jpg', '汇宇花园 秀英区政府旁 精装五房 满五多套 拎包入住', '汇宇花园  ', '低楼层(共6层)暂无数据  -  秀英', '179万', '单价12518元/平米')
('https://image1.ljcdn.com/460100-inspection/7ff13e15-848b-4a40-9b72-983654e141df.jpg.296x216.jpg', '万科浪琴湾，花园洋楼社区，西海岸新城区', '万科浪琴湾  ', '中楼层(共5层)暂无数据  -  西海岸', '150万', '单价22486元/平米')
('https://image1.ljcdn.com/460100-inspection/d8e4c797-b693-47ae-b578-ed0176be09d8.jpg.296x216.jpg', '正规的3房2厅2卫 中高楼层 省医院旁 汽车站旁', '金华苑  ', '中楼层(共19层)暂无数据  -  秀英', '180万', '单价13905元/平米')
('https://image1.ljcdn.com/460100-inspection/1bfe05cb-ba97-428d-920c-d5a9f94fffd2.jpg.296x216.jpg', '秀英永万路，满五唯一，拎包入住，采光通风好！', '新景立大厦  ', '高楼层(共15层)暂无数据  -  西海岸', '122万', '单价12610元/平米')
('https://image1.ljcdn.com/460100-inspection/c2db3314-d001-4437-b54f-299cb4ed1392.jpg.296x216.jpg', '置地·御海公馆 三房两卫 精装修 物业管理', '置地·御海公馆  ', '低楼层(共26层)板塔结合  -  西海岸', '278万', '单价22064元/平米')
('https://image1.ljcdn.com/460100-inspection/680a4868-136f-429a-b510-9d7b73362542.jpg.296x216.jpg', '此房满五年家庭一套 ，正规两房，业主诚心出售', '蓝海佳园  ', '中楼层(共8层)暂无数据  -  秀英', '170万', '单价19260元/平米')
('https://image1.ljcdn.com/460100-inspection/112a5548-3e32-4921-a120-64b1bc68a50c.jpg.296x216.jpg', '秀英海波市场，满5年多套，3房！', '宝源花园  ', '中楼层(共11层)暂无数据  -  秀英', '170万', '单价18889元/平米')
('https://image1.ljcdn.com/460100-inspection/db374bee-fe39-4125-9ffd-090b9b407498.jpg.296x216.jpg', '丘海大道金银广场附  近 龙江大厦  省医院', '龙江大厦  ', '中楼层(共22层)暂无数据  -  秀英', '183万', '单价14132元/平米')
('https://image1.ljcdn.com/460100-inspection/31b30938-14eb-4c8a-bb6e-2c60081eeb2d.jpg.296x216.jpg', '万花坊 单价1.9W 环境优美，毛坯房', '万花坊  ', '高楼层(共18层)暂无数据  -  秀英', '248万', '单价19006元/平米')
('https://image1.ljcdn.com/460100-inspection/fccb0f57-cb63-4562-96df-84baa3e77f0b.jpg.296x216.jpg', '满五年一套房，精装修，采光充足', '水云天  ', '高楼层(共11层)暂无数据  -  秀英', '200万', '单价17242元/平米')
('https://image1.ljcdn.com/460100-inspection/ce2de0ed-5545-46a7-b4cd-9860e93a09de.jpg.296x216.jpg', '秀英区 秀山观海苑 一室  户型方正', '秀山观海苑  ', '中楼层(共10层)暂无数据  -  西海岸', '88.8万', '单价15952元/平米')
('https://image1.ljcdn.com/460100-inspection/ff7ad7e2-0d7f-4b51-bbbf-6eb21198c374.jpg.296x216.jpg', '西海岸一线海景 毛坯两房 满两年', '梦享·龙腾湾  ', '高楼层(共30层)暂无数据  -  西海岸', '215万', '单价24237元/平米')
('https://image1.ljcdn.com/460100-inspection/fc020b59-57ff-4084-9264-73d6a3c2ec34.jpg.296x216.jpg', '绿地海长流二期 （2室2厅1卫+入户花园)', '绿地海长流  ', '中楼层(共23层)暂无数据  -  西海岸', '206万', '单价21915元/平米')
('https://image1.ljcdn.com/460100-inspection/731744d7-5162-48a5-8fe1-e11d3ae6c0d8.jpg.296x216.jpg', '秀英丽晶路  水岸珈蓝 精装2房', '水岸珈蓝  ', '中楼层(共11层)暂无数据  -  秀英', '190万', '单价21375元/平米')
('https://image1.ljcdn.com/460100-inspection/4555ac30-ee5d-499d-b1d5-47418f2e177d.jpg.296x216.jpg', '金城万花坊复式房子，家电齐全，拎包入住', '金城万花坊  ', '低楼层(共18层)暂无数据  -  秀英', '245万', '单价20175元/平米')
('https://image1.ljcdn.com/460100-inspection/68a129ba-6d9e-4d55-910a-d1ddede082fc.jpg.296x216.jpg', '海口秀英区 通华小区 采光充足 视野开阔', '通华小区  ', '高楼层(共9层)暂无数据  -  西海岸', '99万', '单价11594元/平米')
('https://image1.ljcdn.com/460100-inspection/1a02fe10-c5cd-49e8-a524-313ef9fc6975.jpg.296x216.jpg', '通风采光好，精装正规2房，明厨明卫，户型方正', '海岸赛拉维  ', '低楼层(共19层)塔楼  -  西海岸', '175万', '单价21110元/平米')
('https://image1.ljcdn.com/460100-inspection/161308c9-dfde-4706-a782-aa9220d96685.jpg.296x216.jpg', '金桥大厦 满五年 精装修 层高有三米八', '金侨大厦  ', '中楼层(共26层)暂无数据  -  秀英', '84.8万', '单价12997元/平米')
('https://image1.ljcdn.com/460100-inspection/9dcab43f-7aba-475d-8e16-f92667126c3c.jpg.296x216.jpg', '（环强·御景湾）精装修三房 业主诚意出售', '环强·御景湾  ', '高楼层(共29层)板塔结合  -  秀英', '220万', '单价20371元/平米')
('https://image1.ljcdn.com/460100-inspection/96fccb11-edef-4163-bd2f-925f62b6427b.jpg.296x216.jpg', '富力·盈溪谷 品质小区 户型方正 满五唯一 采光充足', '富力盈溪谷  ', '中楼层(共5层)暂无数据  -  西海岸', '210万', '单价16407元/平米')
('https://image1.ljcdn.com/460100-inspection/bc7fcdd3-1e49-49e8-9154-910f2d6a97a2.jpg.296x216.jpg', '泰达天海国际，一楼带花园，大三房', '泰达天海国际  ', '低楼层(共6层)板楼  -  西海岸', '490万', '单价30296元/平米')
('https://image1.ljcdn.com/460100-inspection/ead46f5e-a3da-46c8-81bc-12e186335317.jpg.296x216.jpg', '西海岸 毛坯两房  满五唯一 税费低 看海户型', '菩提树  ', '中楼层(共15层)板楼  -  西海岸', '225万', '单价19838元/平米')
('https://image1.ljcdn.com/460100-inspection/dd4da4a2-7176-485c-b4de-54db61e0fcc8.jpg.296x216.jpg', '海长流精装两房，中间楼层，拎包入住', '绿地海长流  ', '中楼层(共23层)暂无数据  -  西海岸', '170万', '单价18280元/平米')
('https://image1.ljcdn.com/460100-inspection/06801913-bf63-4c7e-8562-355371f5d315.jpg.296x216.jpg', '龙华区 通华小区 正规2房 采光好', '通华小区  ', '中楼层(共9层)暂无数据  -  西海岸', '148万', '单价18547元/平米')
('https://image1.ljcdn.com/460100-inspection/242e708d-def0-4db0-b87f-e66b1ec1d347.jpg.296x216.jpg', '户型好 明厨明卫 户型采光充足 生活便利', '天伦誉海湾  ', '中楼层(共30层)塔楼  -  西海岸', '180万', '单价20690元/平米')
('https://image1.ljcdn.com/460100-inspection/473b98da-33f9-4a34-a942-7f60597b8479.jpg.296x216.jpg', '西海岸观澜公寓 南北板楼 带装修  诚心出售', '观澜公寓  ', '低楼层(共7层)暂无数据  -  西海岸', '228万', '单价23031元/平米')
('https://image1.ljcdn.com/460100-inspection/725d30e3-37fa-4ccf-8e4c-b8ac3e40317e.jpg.296x216.jpg', '秀英万达广场88.42平毛坯两房南北通高楼层两梯四户', '万达·骏豪仕家  ', '高楼层(共32层)暂无数据  -  秀英', '180万', '单价20358元/平米')
('https://image1.ljcdn.com/460100-inspection/8fd7dbf3-0b0a-4198-88d2-f8af73973200.jpg.296x216.jpg', '世贸 正规2房带阳台 看房方便', '龙江大厦  ', '高楼层(共22层)暂无数据  -  秀英', '125.8万', '单价12995元/平米')
