('https://image1.ljcdn.com/130100-inspection/840e600b-ad9e-4d57-bc8e-a00389c34901.jpg.296x216.jpg', '荣御府 2室1厅 145万', '荣御府  ', '中楼层(共28层)板楼  -  天山海世界', '145万', '单价14796元/平米')
('https://image1.ljcdn.com/130100-inspection/e533c8c6-5a07-405c-958a-97f0692348b5.jpg.296x216.jpg', '太行嘉苑 3室2厅 178万', '太行嘉苑  ', '高楼层(共27层)板楼  -  天山海世界', '178万', '单价12915元/平米')
('https://image1.ljcdn.com/130100-inspection/21dc0c96-99c0-4511-b6f7-f0d4657e798f.jpg.296x216.jpg', '恒大绿洲 精装3室 好楼层 南北通透', '恒大绿洲  ', '低楼层(共33层)板楼  -  东开发区', '140万', '单价14433元/平米')
('https://image1.ljcdn.com/130100-inspection/cde584f5-8ea2-4b51-bd59-4fbfb4cc7d8c.jpg.296x216.jpg', '卓达星辰花园 精装大三室 南北通透 卧室270度采光', '卓达星辰花园  ', '高楼层(共24层)暂无数据  -  天山海世界', '273万', '单价15819元/平米')
('https://image1.ljcdn.com/130100-inspection/d615de01-1898-4efe-b66e-b683cc5dc1c3.jpg.296x216.jpg', '东海盛景南苑 2室2厅 132万', '东海盛景南苑  ', '中楼层(共27层)板楼  -  富力', '132万', '单价13470元/平米')
('https://image1.ljcdn.com/130100-inspection/2f903309-d330-4dd2-a2d8-39135fc3480a.jpg.296x216.jpg', '中间楼层 全明户型 客厅方正 南向 次卧朝东  随时可看', '同祥城  ', '中楼层(共34层)板楼  -  天山海世界', '131万', '单价15774元/平米')
('https://image1.ljcdn.com/130100-inspection/777c9320-12ad-430c-81fa-4ee606d0f4bf.jpg.296x216.jpg', '珠峰国际花园 水榭花都旁 品质社区 南北通透三居室', '珠峰国际花园  ', '低楼层(共27层)板楼  -  天山海世界', '190万', '单价14019元/平米')
('https://image1.ljcdn.com/130100-inspection/4a62ac52-54e2-48f0-8ff1-18e79c9867a8.jpg.296x216.jpg', '精装两室 全南朝向 房屋保养较好 中间楼层', '卓达星辰花园  ', '中楼层(共24层)板楼  -  天山海世界', '163万', '单价13700元/平米')
('https://image1.ljcdn.com/130100-inspection/rsp_pic_uploadb0132c77-ed54-44a0-bdf7-e59db334d75b.jpg.296x216.jpg', '链家真房源 筑业花园 四室 中间楼层 随时看房', '筑业花园  ', '高楼层(共29层)板楼  -  天山海世界', '230万', '单价11861元/平米')
('https://image1.ljcdn.com/130100-inspection/59158bd5-96f5-4d5b-b33c-c3aac604bb50.jpg.296x216.jpg', '同祥城三室两厅，诚心出售，户型南北通透，双阳卧室', '同祥城C区  ', '低楼层(共34层)板楼  -  天山海世界', '190万', '单价14772元/平米')
('https://image1.ljcdn.com/130100-inspection/dee13c44-b3ca-48b0-900e-0b0f5a63369f.jpg.296x216.jpg', '新小区，配套全，南向俩居室，业主诚心出售，看房方便', '同祥城  ', '中楼层(共34层)板楼  -  天山海世界', '150万', '单价15828元/平米')
('', '石家庄信息工程职业学院家属楼 3室2厅 260万', '石家庄信息工程职业学院家属楼  ', '高楼层(共6层)暂无数据  -  天山海世界', '260万', '单价16997元/平米')
('https://image1.ljcdn.com/130100-inspection/b04a1443-adcc-4d2a-8d75-169b04f3c067.jpg.296x216.jpg', '此房楼层好，视野开阔，采光充足，小区交通便利。', '弘达明尚  ', '中楼层(共32层)板楼  -  天山海世界', '112万', '单价14920元/平米')
('', '天山水榭花都 2室2厅 165万', '天山水榭花都  ', '低楼层(共32层)板楼  -  天山海世界', '165万', '单价18750元/平米')
('https://image1.ljcdn.com/130100-inspection/ef0c1fed-c7ea-4e6f-ace4-c448ca60a2ae.jpg.296x216.jpg', '天山水榭花都 1室1厅 87万', '天山水榭花都  ', '高楼层(共32层)板楼  -  天山海世界', '87万', '单价18125元/平米')
('', '好家园 2室2厅 140万', '好家园  ', '高楼层(共6层)板楼  -  天山海世界', '140万', '单价12845元/平米')
('https://image1.ljcdn.com/130100-inspection/6f12ecb2-ef33-4ad0-b3fd-6186cd29cb6f.jpg.296x216.jpg', '品质小区  一居室  看房方便', '天山熙湖  ', '低楼层(共34层)板楼  -  天山海世界', '120万', '单价19802元/平米')
('https://image1.ljcdn.com/130100-inspection/d04f85a2-ce7f-4293-bd68-b90b65cd3294.jpg.296x216.jpg', '开发区 恒大绿洲 精装三室 有钥匙 看房方便', '恒大绿洲  ', '中楼层(共33层)板楼  -  东开发区', '135万', '单价13970元/平米')
('', '天然城 2室2厅 160万', '天然城  ', '高楼层(共7层)板楼  -  富力', '160万', '单价16495元/平米')
('', '长九中心公园9号 3室2厅 195万', '长九中心公园9号  ', '低楼层(共32层)板楼  -  天山海世界', '195万', '单价19524元/平米')
('', '筑业花园 4室2厅 225万', '筑业花园  ', '中楼层(共22层)板楼  -  天山海世界', '225万', '单价11909元/平米')
('', '卓达星辰花园 3室2厅 310万', '卓达星辰花园  ', '低楼层(共28层)板楼  -  天山海世界', '310万', '单价19621元/平米')
('', '卓达星辰花园 3室2厅 275万', '卓达星辰花园  ', '高楼层(共24层)板楼  -  天山海世界', '275万', '单价15715元/平米')
('https://image1.ljcdn.com/130100-inspection/36c909e2-f660-4b5d-b0e4-d96cd42c819a.jpg.296x216.jpg', '开发区珠峰国际花园精装三居室南北通透低楼层', '珠峰国际花园  ', '低楼层(共27层)板楼  -  天山海世界', '200万', '单价14584元/平米')
('https://image1.ljcdn.com/130100-inspection/67d05eb5-c12a-485a-ba29-b5ff37526b50.jpg.296x216.jpg', '珠峰国际花园 偏门大客厅 精装修 带地下室 采光好', '珠峰国际花园三期  ', '高楼层(共33层)板楼  -  天山海世界', '150万', '单价15625元/平米')
('', '天山水榭花都 3室2厅 260万', '天山水榭花都  ', '中楼层(共5层)板楼  -  天山海世界', '260万', '单价18841元/平米')
('', '卓达星辰花园 3室2厅 275万', '卓达星辰花园  ', '高楼层(共24层)板楼  -  天山海世界', '275万', '单价15715元/平米')
('https://image1.ljcdn.com/130100-inspection/e04360d6-0315-435a-8939-556e76fcea17.jpg.296x216.jpg', '恒大绿洲 2室2厅 136万', '恒大绿洲  ', '中楼层(共33层)板楼  -  东开发区', '136万', '单价15045元/平米')
('https://image1.ljcdn.com/130100-inspection/f540dbac-e09d-4fa8-9a82-173c9a04cde5.jpg.296x216.jpg', '珠峰国际花园 阳面大客厅 此价位包含车位 我有钥匙', '珠峰国际花园  ', '高楼层(共27层)板楼  -  天山海世界', '165万', '单价16647元/平米')
('', '长九中心公园9号 3室2厅 210万', '长九中心公园9号  ', '高楼层(共32层)板楼  -  天山海世界', '210万', '单价17074元/平米')
('', '东城国际商务广场 2室1厅 42万', '东城国际商务广场  ', '高楼层(共30层)板塔结合  -  天山海世界', '42万', '单价5401元/平米')
('https://image1.ljcdn.com/130100-inspection/c53dd9ad-be29-44df-a395-c3babfd24e90.jpg.296x216.jpg', '珠峰国际花园 2室2厅 160万', '珠峰国际花园  ', '低楼层(共27层)板楼  -  天山海世界', '160万', '单价16589元/平米')
('https://image1.ljcdn.com/120000-inspection/e89dd53f-775d-4551-94b7-a6bb856e32e0.jpg.296x216.jpg', '石家庄学院住宅小区 南北通透三居室 业主诚心出售', '石家庄学院住宅小区  ', '高楼层(共6层)板楼  -  天山海世界', '155万', '单价12371元/平米')
('', '花样年华  满五 南北通透  精装三室   诚心出售', '花样年华  ', '中楼层(共7层)板楼  -  天山海世界', '175万', '单价13513元/平米')
('', '石门福地 2室2厅 140万', '石门福地  ', '高楼层(共20层)板塔结合  -  天山海世界', '140万', '单价15316元/平米')
('https://image1.ljcdn.com/130100-inspection/c33ba836-1fae-4e64-a980-62220827e89a.jpg.296x216.jpg', '恒大绿洲 3室2厅 180万', '恒大绿洲  ', '中楼层(共32层)板楼  -  东开发区', '180万', '单价14920元/平米')
('https://image1.ljcdn.com/130100-inspection/dbc0f6b8-eb36-4a32-85a9-b3efae56a208.jpg.296x216.jpg', '此房为南北向通透大三居，全明格局，适合居家', '想象国际  ', '中楼层(共23层)板楼  -  天山海世界', '220万', '单价16950元/平米')
('https://image1.ljcdn.com/130100-inspection/rsp_pic_upload3583e3aa-e70f-414d-9f21-09038416ed88.jpg.296x216.jpg', '天山水榭花都 南北向 三居室 精装修', '天山水榭花都  ', '低楼层(共17层)板楼  -  天山海世界', '315万', '单价23013元/平米')
('', '卓达星辰花园 3室2厅 300万', '卓达星辰花园  ', '中楼层(共28层)暂无数据  -  天山海世界', '300万', '单价17046元/平米')
('', '花样年华 2室2厅 150万', '花样年华  ', '低楼层(共7层)板楼  -  天山海世界', '150万', '单价14852元/平米')
('https://image1.ljcdn.com/130100-inspection/77789583-c12c-4557-ad5b-a8fc1cdffb6a.jpg.296x216.jpg', '想象国际，精装修正规一室一厅，中间楼层，视野好', '想象国际  ', '低楼层(共28层)板楼  -  天山海世界', '98万', '单价19280元/平米')
('https://image1.ljcdn.com/110000-inspection/4b7ff2b8-b0e5-4b00-b75b-416b97c29596.jpg.296x216.jpg', '珠峰国际花园 3室2厅 249万', '珠峰国际花园  ', '高楼层(共25层)板楼  -  天山海世界', '249万', '单价13554元/平米')
('https://image1.ljcdn.com/110000-inspection/ae5af363-d91e-44c9-b673-9c2354008df1.jpg.296x216.jpg', '花样年华 双卧朝南 客厅朝南 带27.45平地下室', '花样年华  ', '低楼层(共7层)板楼  -  天山海世界', '200万', '单价15263元/平米')
('', '卓达星辰花园 4室2厅 290万', '卓达星辰花园  ', '低楼层(共28层)板楼  -  天山海世界', '290万', '单价15426元/平米')
('', '花样年华 1室1厅 105万', '花样年华  ', '高楼层(共7层)板楼  -  天山海世界', '105万', '单价13947元/平米')
('https://image1.ljcdn.com/130100-inspection/29cbe6e6-d2eb-4e5b-9dd4-3a9b2fb17dca.jpg.296x216.jpg', '167大四居，中间楼层四层，采光充足，视野宽阔', '梧桐苑  ', '高楼层(共7层)板楼  -  天山海世界', '235万', '单价14005元/平米')
('https://image1.ljcdn.com/130100-inspection/4503b468-ebfa-45a5-bf88-b620ccb49ca4.jpg.296x216.jpg', '同祥城 高层两居室 全明格局 小区主打户型', '同祥城C区  ', '高楼层(共34层)板楼  -  天山海世界', '145万', '单价16474元/平米')
('https://image1.ljcdn.com/130100-inspection/rsp_pic_upload23227028-a1bb-43af-9514-c2b01637e436.jpg.296x216.jpg', '北国益东商圈，东临妇产医院，交通方便 小区环境安静', '金色家园  ', '中楼层(共7层)板楼  -  天山海世界', '230万', '单价16313元/平米')
('', '心海假日 3室2厅 350万', '心海假日  ', '中楼层(共7层)板楼  -  天山海世界', '350万', '单价22152元/平米')
('https://image1.ljcdn.com/130100-inspection/683d3fe9-563b-46b6-9186-466b735604e6.jpg.296x216.jpg', '天山水榭花都 1室0厅 71万', '天山水榭花都  ', '高楼层(共32层)板楼  -  天山海世界', '71万', '单价18514元/平米')
('', '新都汇 5室2厅 300万', '新都汇  ', '高楼层(共9层)暂无数据  -  天山海世界', '300万', '单价11539元/平米')
('https://image1.ljcdn.com/130100-inspection/b7e7a5b2-49db-4d7d-a78f-3b5e4fb8d830.jpg.296x216.jpg', '心海假日精装两室，房本满五年，没有增值税和个税', '心海假日  ', '低楼层(共18层)板楼  -  天山海世界', '152万', '单价17593元/平米')
('https://image1.ljcdn.com/110000-inspection/093a63bb-70b3-4b99-9881-09522105db7b.jpg.296x216.jpg', '水榭花都 两梯两户 南北通透三居室户型   多层', '天山水榭花都  ', '中楼层(共17层)板楼  -  天山海世界', '255万', '单价18630元/平米')
('https://image1.ljcdn.com/130100-inspection/0210cdd6-e249-4fe4-8e05-d5b8c039dae0.jpg.296x216.jpg', '东开发区+海世界商圈+赠送面积电梯房', '博仕名筑  ', '高楼层(共12层)板楼  -  天山海世界', '158万', '单价16431元/平米')
('', '长九中心公园9号 3室2厅 295万', '长九中心公园9号  ', '低楼层(共32层)板楼  -  天山海世界', '295万', '单价21132元/平米')
('https://image1.ljcdn.com/130100-inspection/fc4ac090-ab88-4a90-9f3b-6043ca3b0a84.jpg.296x216.jpg', '天山水榭花都 4室2厅 375万', '天山水榭花都  ', '中楼层(共5层)板楼  -  天山海世界', '375万', '单价15433元/平米')
('', '花样年华 1室2厅 105万', '花样年华  ', '未知(共6层)板楼  -  天山海世界', '105万', '单价13605元/平米')
('https://image1.ljcdn.com/130100-inspection/f04a9ca1-5fab-4d3e-aa84-c05fc0cafb70.jpg.296x216.jpg', '天然城 3室2厅 155万', '天然城  ', '高楼层(共18层)板楼  -  富力', '155万', '单价15262元/平米')
('https://image1.ljcdn.com/130100-inspection/31f0fef3-360a-4690-bd56-b7a5f67f05ea.jpg.296x216.jpg', '天山水榭花都 3室1厅 150万', '天山水榭花都  ', '中楼层(共32层)板楼  -  天山海世界', '150万', '单价17412元/平米')
('https://image1.ljcdn.com/130100-inspection/9f1c71d7-7938-486c-aa1a-c08c160e4dd9.jpg.296x216.jpg', '开发区 金色家园 2楼三居室 南北通透', '金色家园  ', '低楼层(共7层)板楼  -  天山海世界', '185万', '单价12254元/平米')
('', '长九中心公园9号 3室2厅 237.5万', '长九中心公园9号  ', '中楼层(共32层)板楼  -  天山海世界', '237.5万', '单价19000元/平米')
('https://image1.ljcdn.com/130100-inspection/43ffebda-952d-442c-b6a7-7ca345d23b5b.jpg.296x216.jpg', '同祥城C区 3室2厅 145万', '同祥城C区  ', '低楼层(共21层)暂无数据  -  天山海世界', '145万', '单价11155元/平米')
('', '珠峰国际花园 3室2厅 205.5万', '珠峰国际花园  ', '高楼层(共27层)板楼  -  天山海世界', '205.5万', '单价15000元/平米')
('https://image1.ljcdn.com/130100-inspection/test-c96fa63f-f87a-47f6-8a62-2343dbf05323.png.296x216.jpg', '天山水榭花都 2室1厅 148万', '天山水榭花都  ', '低楼层(共32层)板楼  -  天山海世界', '148万', '单价16568元/平米')
('https://image1.ljcdn.com/130100-inspection/9443bfd4-7ef1-42d7-b679-d3afe20e03a7.JPG.296x216.jpg', '新增房源，大三居，4层，价钱可谈', '梧桐苑  ', '中楼层(共7层)板楼  -  天山海世界', '200万', '单价16442元/平米')
('https://image1.ljcdn.com/130100-inspection/1d2318ab-9ba4-48a9-8cfa-6a9b7b0ccd81.jpg.296x216.jpg', '南北通透大两居满五年业主随时签约', '花样年华  ', '高楼层(共7层)板楼  -  天山海世界', '140万', '单价14793元/平米')
('', '花样年华 3室2厅 200万', '花样年华  ', '低楼层(共7层)板楼  -  天山海世界', '200万', '单价15389元/平米')
('https://image1.ljcdn.com/130100-inspection/0d90a3af-9051-41de-ab7e-4e96c7340a0a.JPG.296x216.jpg', 'lian jia. 房源 珠峰国际花园温馨三居环境幽雅有钥匙', '珠峰国际花园  ', '中楼层(共7层)板楼  -  天山海世界', '220万', '单价18681元/平米')
('', '花样年华 3室2厅 145万', '花样年华  ', '低楼层(共7层)板楼  -  天山海世界', '145万', '单价14357元/平米')
('https://image1.ljcdn.com/130100-inspection/eb778e8c-d3d7-4218-86a5-b3027ea86f46.jpg.296x216.jpg', '视野好 采光好 毛坯房 出行便利', '红石原著小区  ', '低楼层(共34层)板楼  -  富力', '205万', '单价14749元/平米')
('https://image1.ljcdn.com/130100-inspection/rsp_pic_upload37360996-5003-4d1d-a33a-6cc9a42e3a89.jpg.296x216.jpg', '红石原著大三室毛坯房，价格可谈！', '红石原著小区  ', '高楼层(共34层)板楼  -  富力', '188万', '单价15589元/平米')
('https://image1.ljcdn.com/130100-inspection/13916bcd-1f0f-4513-b226-2b7788437226.jpg.296x216.jpg', '海世界商圈 满五唯一 通厅通卧 精装修 拎包入住 急售', '梧桐苑  ', '低楼层(共12层)板塔结合  -  天山海世界', '155万', '单价15055元/平米')
('', '荣御府 2室2厅 230万', '荣御府  ', '低楼层(共28层)板楼  -  天山海世界', '230万', '单价23712元/平米')
('https://image1.ljcdn.com/130100-inspection/57a0d3b1-c91c-47ba-8c8a-472a5783c6a0.jpg.296x216.jpg', '珠峰国际 毛坯四室 两梯一户 可任意装装修', '珠峰国际花园  ', '低楼层(共25层)板楼  -  天山海世界', '530万', '单价13948元/平米')
('https://image1.ljcdn.com/130100-inspection/a47ad68c-b7a3-4916-b15f-d89d420e9ef8.jpg.296x216.jpg', '同祥城 2室1厅 128万', '同祥城  ', '中楼层(共34层)塔楼  -  天山海世界', '128万', '单价17352元/平米')
('', '恒大绿洲 2室2厅 148万', '恒大绿洲  ', '中楼层(共33层)板楼  -  东开发区', '148万', '单价14881元/平米')
('https://image1.ljcdn.com/130100-inspection/5f2f7989-f1a6-4dd1-8b0f-2b2472ed81cc.jpg.296x216.jpg', '东海盛景南苑 1室1厅 97万', '东海盛景南苑  ', '低楼层(共18层)板楼  -  富力', '97万', '单价16565元/平米')
('https://image1.ljcdn.com/130100-inspection/rsp_pic_upload25348ec9-804a-4668-bfcb-a0cc6da7c8a6.jpg.296x216.jpg', '此房急售天山海世界商圈 南北通透三居室，品质物业', '卓达星辰金座  ', '中楼层(共20层)板楼  -  天山海世界', '220万', '单价14729元/平米')
('https://image1.ljcdn.com/130100-inspection/d4f840e7-286e-4542-88a0-10db0ecbe634.jpg.296x216.jpg', '天然城，精装两居室，通厅通卧，满5年', '天然城  ', '高楼层(共7层)板楼  -  富力', '145万', '单价14754元/平米')
('', '花样年华 3室2厅 175万', '花样年华  ', '中楼层(共7层)板楼  -  天山海世界', '175万', '单价11987元/平米')
('https://image1.ljcdn.com/130100-inspection/1ea87de6-86cf-4f79-abd5-b2b631862d80.jpg.296x216.jpg', '天山水榭花都 1室0厅 73万', '天山水榭花都  ', '低楼层(共32层)板楼  -  天山海世界', '73万', '单价19211元/平米')
('', '恒大绿洲 3室2厅 135万', '恒大绿洲  ', '高楼层(共33层)板楼  -  东开发区', '135万', '单价13918元/平米')
('https://image1.ljcdn.com/110000-inspection/281c9340-28e9-4191-ad8c-0e3565fcd04e.jpg.296x216.jpg', '珠峰国际花园 中间楼层 随时签约', '珠峰国际花园  ', '低楼层(共27层)板楼  -  天山海世界', '205万', '单价14100元/平米')
('https://image1.ljcdn.com/130100-inspection/8ba9d30e-83e1-4d10-ae84-9b83b6dfb3ce.jpg.296x216.jpg', 'lian jia.同祥城，全明户型，采光好', '同祥城  ', '高楼层(共34层)板楼  -  天山海世界', '145万', '单价15301元/平米')
('https://image1.ljcdn.com/130100-inspection/8e6d0911-c238-4d8c-9e7c-32a1aeeeca03.JPG.296x216.jpg', '珠峰国际花园 电梯小高层精装三室 公摊小税费少诚心卖', '珠峰国际花园  ', '中楼层(共11层)板楼  -  天山海世界', '215万', '单价15580元/平米')
('', '博仕名筑 精致小1室 拎包入住', '博仕名筑  ', '高楼层(共6层)板楼  -  天山海世界', '75万', '单价16305元/平米')
('', '花样年华 3室2厅 170万', '花样年华  ', '高楼层(共7层)板楼  -  天山海世界', '170万', '单价12209元/平米')
('https://image1.ljcdn.com/130100-inspection/acc7beb7-3adf-4884-a82c-ab38ef53e656.jpg.296x216.jpg', '东方城 2室2厅 137万', '东方城  ', '中楼层(共6层)板楼  -  天山海世界', '137万', '单价14746元/平米')
('', '恒大绿洲，阳面大三室，南北通透，位置好，采光好', '恒大绿洲  ', '高楼层(共33层)板楼  -  东开发区', '210万', '单价15548元/平米')
('https://image1.ljcdn.com/130100-inspection/rsp_pic_upload3ace73d7-716c-4ba0-9449-52f023211997.jpg.296x216.jpg', '珠峰国际花园 标准三居室 无遮挡', '珠峰国际花园  ', '高楼层(共27层)板楼  -  天山海世界', '235万', '单价15334元/平米')
('https://image1.ljcdn.com/130100-inspection/b3fb9a91-796d-42b3-b541-56af1e6c237f.jpg.296x216.jpg', '同祥城经典三居室，南北通透明厨明卫，毛坯房随意装修', '同祥城  ', '高楼层(共34层)板楼  -  天山海世界', '210万', '单价16837元/平米')
('https://image1.ljcdn.com/130100-inspection/39b8d48b-9cff-4e59-bb02-02129c3d11ca.jpg.296x216.jpg', '金色家园 2室2厅 145万', '金色家园  ', '中楼层(共7层)板楼  -  天山海世界', '145万', '单价15008元/平米')
('', '长九中心公园9号 3室2厅 260万', '长九中心公园9号  ', '中楼层(共32层)板楼  -  天山海世界', '260万', '单价19697元/平米')
('', '筑业花园 3室2厅 170万', '筑业花园  ', '中楼层(共24层)板塔结合  -  天山海世界', '170万', '单价14356元/平米')
('https://image1.ljcdn.com/130100-inspection/128d3d1d-8a7d-4d1d-af76-11693804562e.jpg.296x216.jpg', '满五不唯一，中间楼层，南北通透，交通便利', '天然城  ', '高楼层(共7层)板楼  -  富力', '155万', '单价12056元/平米')
('', '石家庄恒大绿洲两室房子.诚心出售', '恒大绿洲  ', '低楼层(共33层)板楼  -  东开发区', '135万', '单价14063元/平米')
('https://image1.ljcdn.com/130100-inspection/f5ca5b55-a078-40e1-be06-663058ea44cb.jpg.296x216.jpg', '天山水榭花都开发区南朝向六楼一居室', '天山水榭花都  ', '低楼层(共32层)板楼  -  天山海世界', '90万', '单价18976元/平米')
('https://image1.ljcdn.com/130100-inspection/78fcd0e1-44e2-4122-865e-4b697d467106.jpg.296x216.jpg', '荣御府 南北通透两居室 精装修', '荣御府  ', '中楼层(共28层)板楼  -  天山海世界', '130万', '单价13292元/平米')
('https://image1.ljcdn.com/130100-inspection/26b3277d-69fd-4597-b69c-cf56b1a55587.jpg.296x216.jpg', '多层板楼 南北两居 楼层佳 满二年', '石家庄信息工程职业学院家属楼  ', '低楼层(共6层)板楼  -  天山海世界', '180万', '单价14925元/平米')
('', '东方城 3室2厅 175万', '东方城  ', '高楼层(共6层)板楼  -  天山海世界', '175万', '单价12868元/平米')
('https://image1.ljcdn.com/130100-inspection/96615145-f77b-47c0-8494-faf245bf81ca.JPG.296x216.jpg', '天山水榭花都 精装大三居室  交通便利 视野开阔', '天山水榭花都  ', '高楼层(共6层)板楼  -  天山海世界', '360万', '单价18603元/平米')
('https://image1.ljcdn.com/130100-inspection/82765e08-cb6e-4edc-9e1b-bfaefc2aa3ab.jpg.296x216.jpg', '荣御府 2室2厅 140万', '荣御府  ', '高楼层(共28层)板楼  -  天山海世界', '140万', '单价14433元/平米')
('', '恒大绿洲 4室2厅 275万', '恒大绿洲  ', '低楼层(共32层)板楼  -  东开发区', '275万', '单价17188元/平米')
('https://image1.ljcdn.com/110000-inspection/603d8dd3-5064-4649-af9c-c8c13da4f150.jpg.296x216.jpg', '花香漫城两居室 精装修 采光好 视野好 有车位', '花香漫城  ', '中楼层(共30层)板楼  -  天山海世界', '200万', '单价22394元/平米')
('https://image1.ljcdn.com/130100-inspection/94c1c9ad-3bb2-433e-8e04-0fde6f5402f6.jpg.296x216.jpg', '想象国际60平两居室，双卧朝南', '想象国际  ', '高楼层(共23层)板楼  -  天山海世界', '120万', '单价19961元/平米')
('', '东方城 2室2厅 132万', '东方城  ', '高楼层(共6层)板楼  -  天山海世界', '132万', '单价14232元/平米')
('https://image1.ljcdn.com/130100-inspection/051a3cdf-67bc-4c0a-8efb-21de7d8e903c.jpg.296x216.jpg', '房子简单装修，中间楼层，采光无遮挡', '珠峰国际花园  ', '低楼层(共6层)板楼  -  天山海世界', '200万', '单价18805元/平米')
('', '天山熙湖  精装1室 环境清幽 养生居住好去处', '天山熙湖  ', '低楼层(共34层)板楼  -  天山海世界', '130万', '单价21453元/平米')
('https://image1.ljcdn.com/130100-inspection/c9234ad6-26a6-4933-b911-e0750beaee38.jpg.296x216.jpg', '房屋属于框架结构，跃层户型，南北通透，194平270万', '苹果城  ', '中楼层(共12层)板楼  -  天山海世界', '255万', '单价13135元/平米')
('https://image1.ljcdn.com/130100-inspection/rsp_pic_upload9c5bfcd4-cda7-4436-9bdc-167519dc3144.jpg.296x216.jpg', '东方城南北通透户型 精装跃层 西临东二环', '东方城  ', '高楼层(共6层)板楼  -  天山海世界', '248万', '单价17045元/平米')
('', '恒大绿洲 3室2厅 240万', '恒大绿洲  ', '高楼层(共33层)板楼  -  东开发区', '240万', '单价17911元/平米')
('https://image1.ljcdn.com/130100-inspection/rsp_pic_uploadf7905be7-1d9c-410a-a3da-f615f7857559.jpg.296x216.jpg', '弘达明尚 两居 精装带小院 南北通透 带车位 看房方便', '弘达明尚  ', '低楼层(共26层)板楼  -  天山海世界', '190万', '单价17478元/平米')
('https://image1.ljcdn.com/130100-inspection/95d87d1a-7a1e-4391-a9ae-4f333439d7a1.jpg.296x216.jpg', '荣御府两居室，南北通透，采光和视野良好', '荣御府  ', '中楼层(共28层)板楼  -  天山海世界', '177万', '单价16033元/平米')
('', '红石原著小区 5室5厅 1000万', '红石原著小区  ', '3层板塔结合  -  富力', '1000万', '单价22223元/平米')
('https://image1.ljcdn.com/130100-inspection/f95c6ec2-d66a-4ca4-b878-d32acd4ae76c.jpg.296x216.jpg', '恒大绿洲 3室2厅 180万', '恒大绿洲  ', '中楼层(共32层)板楼  -  东开发区', '180万', '单价14915元/平米')
('', '红石原著小区 2室2厅 146万', '红石原著小区  ', '中楼层(共34层)板楼  -  富力', '146万', '单价15699元/平米')
('https://image1.ljcdn.com/130100-inspection/1c838a18-c4d7-40e1-94b0-3ae7d75b752c.jpg.296x216.jpg', '长九中心公园9号 3室3厅 415万', '长九中心公园9号  ', '低楼层(共6层)板楼  -  天山海世界', '415万', '单价26213元/平米')
('https://image1.ljcdn.com/130100-inspection/1b1727f9-d419-4339-82c1-eb9c8da01edd.jpg.296x216.jpg', '水榭花都 刚需三居室 满五唯一 赠送地下室', '天山水榭花都  ', '中楼层(共32层)板楼  -  天山海世界', '145万', '单价13885元/平米')
('', '房东诚心出售，无贷款，满二唯一，观景房，卫浴全明', '恒大绿洲  ', '低楼层(共33层)板楼  -  东开发区', '190万', '单价14180元/平米')
('', '珠峰国际花园 一楼带小院 带产权车位 业主换房诚意售', '珠峰国际花园  ', '低楼层(共7层)板楼  -  天山海世界', '180万', '单价20280元/平米')
('https://image1.ljcdn.com/130100-inspection/rsp_pic_uploadf7557719-8345-455e-ad30-43d508f1b0fe.jpg.296x216.jpg', '水榭花都 此房南北朝向格局 小区人车分流安全性高', '天山水榭花都  ', '高楼层(共32层)板塔结合  -  天山海世界', '173万', '单价17900元/平米')
('', '金色家园 3室2厅 165万', '金色家园  ', '高楼层(共7层)板楼  -  天山海世界', '165万', '单价12932元/平米')
('https://image1.ljcdn.com/130100-inspection/ff9dfaba-4214-41f2-9891-2fdb5ae90a7e.jpg.296x216.jpg', '天山水榭花都 2室1厅 172万', '天山水榭花都  ', '低楼层(共32层)板楼  -  天山海世界', '172万', '单价17059元/平米')
('https://image1.ljcdn.com/130100-inspection/fa7085d7-45c9-4041-b520-3ef404ffa799.JPG.296x216.jpg', '东方城 4室2厅 220万', '东方城  ', '低楼层(共6层)板楼  -  天山海世界', '220万', '单价16178元/平米')
('', '东城国际商务广场 1室1厅 32万', '东城国际商务广场  ', '高楼层(共30层)板塔结合  -  天山海世界', '32万', '单价5375元/平米')
('https://image1.ljcdn.com/130100-inspection/b52de030-b73f-4a04-9ee2-f5803447fb03.jpg.296x216.jpg', '梧桐苑精装自住大复式 诚心出售', '梧桐苑  ', '中楼层(共12层)板塔结合  -  天山海世界', '350万', '单价13861元/平米')
('', '天山熙湖一期洋房 电梯入户 精装修 随时看房', '天山熙湖  ', '中楼层(共7层)板楼  -  天山海世界', '385万', '单价26014元/平米')
('https://image1.ljcdn.com/130100-inspection/61af0cf1-6582-4bb9-b2bf-fe5da662dea5.jpg.296x216.jpg', '天山花园满五 刚需三居 前后不临街', '天山花园  ', '低楼层(共7层)板楼  -  天山海世界', '215万', '单价17207元/平米')
('', '天地荣域 1室1厅 50万', '天地荣域  ', '低楼层(共22层)板楼  -  富力', '50万', '单价9248元/平米')
('', '珠峰国际花园 3室2厅 205万', '珠峰国际花园  ', '高楼层(共7层)板楼  -  天山海世界', '205万', '单价18931元/平米')
('https://image1.ljcdn.com/130100-inspection/8cb32d87-5c77-4223-a39d-491c62f64b7a.jpg.296x216.jpg', '心海假日 精装三居 板楼电梯入户 格局南北通透', '心海假日  ', '中楼层(共8层)板楼  -  天山海世界', '260万', '单价19073元/平米')
('https://image1.ljcdn.com/130100-inspection/c09f8978-5bd2-499d-b466-070c3edb69b7.jpg.296x216.jpg', '珠峰国际花园，多层带电梯，一梯两户三居室，诚心出售', '珠峰国际花园  ', '中楼层(共7层)板楼  -  天山海世界', '230万', '单价16064元/平米')
('', '红石原著小区 3室2厅 210万', '红石原著小区  ', '高楼层(共22层)板楼  -  富力', '210万', '单价15556元/平米')
('https://image1.ljcdn.com/130100-inspection/cb6123a4-f147-45ca-8242-e75f7e801c0d.jpg.296x216.jpg', '东方城 4室2厅 190万', '东方城  ', '高楼层(共6层)板楼  -  天山海世界', '190万', '单价13972元/平米')
('https://image1.ljcdn.com/130100-inspection/3b39cc54-b864-451e-bee7-484afe7c0664.jpg.296x216.jpg', '弘达明尚 新小区 超大楼间距 全南一室', '弘达明尚  ', '高楼层(共32层)板楼  -  天山海世界', '115万', '单价17081元/平米')
('https://image1.ljcdn.com/130100-inspection/4e417d29-caee-44e5-8001-8b2ab82970ec.jpg.296x216.jpg', '筑业花园 2室2厅 140万', '筑业花园  ', '中楼层(共26层)板塔结合  -  天山海世界', '140万', '单价14189元/平米')
('', '天然城 4室2厅 216.05万', '天然城  ', '高楼层(共7层)板楼  -  富力', '216.1万', '单价14001元/平米')
('', '卓达星辰花园 3室2厅 280万', '卓达星辰花园  ', '高楼层(共24层)暂无数据  -  天山海世界', '280万', '单价15731元/平米')
('https://image1.ljcdn.com/130100-inspection/2d176550-6863-4740-9c4d-d2bf819a6bce.jpg.296x216.jpg', '石家庄学院住宅小区 2室2厅 159万', '石家庄学院住宅小区  ', '高楼层(共6层)板楼  -  天山海世界', '159万', '单价17171元/平米')
('https://image1.ljcdn.com/130100-inspection/10572b7c-df59-4bd9-9314-424a5fd0dd27.jpg.296x216.jpg', '此房在槐安路与祁连街交口，交通便利，购物方便', '荣御府  ', '低楼层(共28层)板楼  -  天山海世界', '135万', '单价12811元/平米')
('', '红石原著小区 3室2厅 236万', '红石原著小区  ', '低楼层(共25层)板楼  -  富力', '236万', '单价17745元/平米')
('https://image1.ljcdn.com/130100-inspection/8eb89fb7-1fb0-4e1f-a7be-19825e2387dc.jpg.296x216.jpg', '天然城 满五唯一 精装南向两居 好楼层 送地下室', '天然城  ', '高楼层(共18层)板楼  -  富力', '142万', '单价16364元/平米')
('', '天地荣域，93.64㎡，南北朝向 两居室', '天地荣域  ', '低楼层(共26层)板楼  -  富力', '92万', '单价10040元/平米')
('https://image1.ljcdn.com/130100-inspection/58907e41-27aa-4933-9f16-127405f0c191.jpg.296x216.jpg', '卓达星辰花园，南北通透正规三居，双阳卧室大客厅朝南', '卓达星辰花园  ', '中楼层(共28层)板楼  -  天山海世界', '252万', '单价15361元/平米')
('', '太行嘉苑 2室2厅 125万', '太行嘉苑  ', '高楼层(共34层)板楼  -  天山海世界', '125万', '单价14045元/平米')
('', '天山水榭花都 3室2厅 340万', '天山水榭花都  ', '中楼层(共5层)板楼  -  天山海世界', '340万', '单价21250元/平米')
('https://image1.ljcdn.com/130100-inspection/5d32a088-f0a3-484b-9d32-2dba03c3825c.jpg.296x216.jpg', '好家园 2室2厅 160万', '好家园  ', '高楼层(共6层)板楼  -  天山海世界', '160万', '单价14653元/平米')
('https://image1.ljcdn.com/130100-inspection/a7816737-de1c-4a77-86c2-73283a45e217.jpg.296x216.jpg', '太行嘉苑 2室2厅 125万', '太行嘉苑  ', '高楼层(共32层)暂无数据  -  天山海世界', '125万', '单价14045元/平米')
('', '同祥城 3室2厅 190万', '同祥城  ', '中楼层(共11层)板楼  -  天山海世界', '190万', '单价14729元/平米')
('https://image1.ljcdn.com/130100-inspection/717ceb1e-1c9c-47d1-bbb4-b931a985b5f7.jpg.296x216.jpg', '看房随时 满五年唯一 单价低 户型超好', '梧桐苑  ', '中楼层(共7层)板楼  -  天山海世界', '195万', '单价16031元/平米')
('', '天山水榭花都，南北通透2室2厅1厨1卫，满五唯一。', '天山水榭花都  ', '中楼层(共32层)板楼  -  天山海世界', '178万', '单价18391元/平米')
('https://image1.ljcdn.com/130100-inspection/b7aa5d5a-5447-411f-b2e8-7148515c1575.jpg.296x216.jpg', '链家真房源 天然城简装两居室 随时签约 看房方便', '天然城  ', '低楼层(共18层)板楼  -  富力', '142万', '单价15107元/平米')
('', '天山熙湖 3室2厅 190万', '天山熙湖  ', '中楼层(共34层)板楼  -  天山海世界', '190万', '单价17925元/平米')
('', '卓达星辰金座 3室2厅 245万', '卓达星辰金座  ', '中楼层(共23层)板楼  -  天山海世界', '245万', '单价17014元/平米')
('https://image1.ljcdn.com/110000-inspection/11569157-49c8-4d19-be87-01977c51af9b.jpg.296x216.jpg', '恒大精装两室 采光好无遮挡 小区绿化高 人车分流', '恒大绿洲  ', '高楼层(共33层)板楼  -  东开发区', '135万', '单价13878元/平米')
('https://image1.ljcdn.com/130100-inspection/2329a639-0594-438f-b60a-0e45fc786904.jpg.296x216.jpg', '卓达星辰花园    简装三室  房本 满五年', '卓达星辰花园  ', '低楼层(共24层)板楼  -  天山海世界', '260万', '单价14858元/平米')
('', '心海假日 2室2厅 200万', '心海假日  ', '中楼层(共8层)板楼  -  天山海世界', '200万', '单价19048元/平米')
('https://image1.ljcdn.com/130100-inspection/6845b709-e6d4-446c-ac95-dd2fc6045b1b.JPG.296x216.jpg', '东方城 富力商圈 石门* 精装三室 拎包住', '东方城  ', '高楼层(共6层)板楼  -  天山海世界', '200万', '单价14707元/平米')
('', '东方城 3室2厅 168万', '东方城  ', '低楼层(共6层)板楼  -  天山海世界', '168万', '单价15364元/平米')
('https://image1.ljcdn.com/130100-inspection/20397986-ddfd-4963-8893-a18c8352321a.jpg.296x216.jpg', '满二，南北通透大三室，中等装修，几乎达到拎包入住', '石家庄信息工程职业学院家属楼  ', '低楼层(共6层)板楼  -  天山海世界', '190万', '单价12512元/平米')
('', '弘达明尚 3室2厅 198万', '弘达明尚  ', '中楼层(共26层)板楼  -  天山海世界', '198万', '单价14002元/平米')
('', '同祥城 4室2厅 260万', '同祥城  ', '低楼层(共17层)板楼  -  天山海世界', '260万', '单价16250元/平米')
('https://image1.ljcdn.com/130100-inspection/a66b3dc8-6a23-4338-a675-05ece575c078.jpg.296x216.jpg', '天山花园 3室2厅 168万', '天山花园  ', '高楼层(共12层)板楼  -  天山海世界', '168万', '单价15121元/平米')
('https://image1.ljcdn.com/130100-inspection/0da1347b-025d-469c-8fbb-6cab46c22b11.jpg.296x216.jpg', '地铁一号线 卓达星辰花园  低楼层 毛坯  满两年', '卓达星辰花园  ', '低楼层(共28层)板楼  -  天山海世界', '243万', '单价15000元/平米')
('', '弘达明尚 3室2厅 190万', '弘达明尚  ', '高楼层(共31层)板楼  -  天山海世界', '190万', '单价13439元/平米')
('https://image1.ljcdn.com/130100-inspection/rsp_pic_uploadaf6566fa-15bd-45f1-bd36-5e7f73464281.jpg.296x216.jpg', '天然城小区一层两居业主诚意出售', '天然城  ', '低楼层(共7层)板楼  -  富力', '155万', '单价21040元/平米')
('', '二环边，通厅通卧户型，户型方正 设计合理，诚心出售', '东方城  ', '高楼层(共6层)板楼  -  天山海世界', '139万', '单价14483元/平米')
('https://image1.ljcdn.com/130100-inspection/d8dd3867-e6b8-41f5-8179-8318cca3efcc.jpg.296x216.jpg', '恒大绿洲 3室2厅 135万', '恒大绿洲  ', '高楼层(共33层)板楼  -  东开发区', '135万', '单价14021元/平米')
('', '红石原著别墅 上下五层 自带电梯 前后小院 两个车位', '红石原著小区  ', '3层板塔结合  -  富力', '750万', '单价16587元/平米')
('', '同祥城 2室2厅 153万', '同祥城  ', '中楼层(共28层)板楼  -  天山海世界', '153万', '单价17000元/平米')
('https://image1.ljcdn.com/130100-inspection/cce13f24-1086-42cb-b9b7-bbe3c987f13b.jpg.296x216.jpg', '火炬广场旁北侧 卓达金座 毛坯大3室', '卓达星辰金座  ', '高楼层(共23层)板楼  -  天山海世界', '230万', '单价15973元/平米')
('https://image1.ljcdn.com/130100-inspection/2c4cb8d0-df37-47ed-b01e-73c365f3d985.jpg.296x216.jpg', '梧桐苑 3室2厅 190万', '梧桐苑  ', '高楼层(共7层)板楼  -  天山海世界', '190万', '单价13319元/平米')
('', '太行嘉苑 3室2厅 195万', '太行嘉苑  ', '高楼层(共32层)暂无数据  -  天山海世界', '195万', '单价13830元/平米')
('https://image1.ljcdn.com/130100-inspection/rsp_pic_upload036565dc-181c-4b32-84af-34da73ac8581.jpg.296x216.jpg', '天山水榭花都 精装三居室 户型方正 看房预约', '天山水榭花都  ', '低楼层(共17层)板楼  -  天山海世界', '290万', '单价21187元/平米')
('https://image1.ljcdn.com/130100-inspection/e5b2f81d-a215-420a-be94-a4abaced335e.jpg.296x216.jpg', '天然城 2室2厅 135万', '天然城  ', '高楼层(共18层)板楼  -  富力', '135万', '单价15546元/平米')
('', '天山花园 正规两居 中间楼层 采光充足 无遮挡', '天山花园  ', '中楼层(共11层)板楼  -  天山海世界', '180万', '单价16853元/平米')
('https://image1.ljcdn.com/130100-inspection/789fc420-b9c0-4c7a-a70d-5927275888e4.jpg.296x216.jpg', '卓达星辰花园 3室2厅 380万', '卓达星辰花园  ', '高楼层(共28层)板楼  -  天山海世界', '380万', '单价20161元/平米')
('', '石家庄市东开发区恒大绿洲四室两厅两卫。可看房子', '恒大绿洲  ', '低楼层(共33层)板楼  -  东开发区', '210万', '单价13462元/平米')
('', '卓达星辰花园 成熟社区 南北通透 全明户型', '卓达星辰花园  ', '高楼层(共28层)暂无数据  -  天山海世界', '205万', '单价14540元/平米')
('https://image1.ljcdn.com/130100-inspection/6e24087c-aeda-4cd1-96b4-901715bcb259.jpg.296x216.jpg', '昆仑大街 长九花园C区 简装两室 7楼新房出售', '长九中心公园9号  ', '低楼层(共32层)板楼  -  天山海世界', '162万', '单价18203元/平米')
('', '太行嘉苑 3室2厅 168万', '太行嘉苑  ', '中楼层(共32层)暂无数据  -  天山海世界', '168万', '单价12220元/平米')
('', '润都盛和广场 1室0厅 352.22万', '润都盛和广场  ', '低楼层(共17层)暂无数据  -  天山海世界', '352.3万', '单价11000元/平米')
('https://image1.ljcdn.com/130100-inspection/3de93bfe-b6bf-4c38-a466-dc8cf9fd425e.jpg.296x216.jpg', '天山水榭花都全南向两居室，免增值税 采光好视野棒', '天山水榭花都  ', '高楼层(共32层)板楼  -  天山海世界', '141万', '单价16756元/平米')
('https://image1.ljcdn.com/130100-inspection/a1568d82-b15b-4fd5-9baf-b0c868b2c776.jpg.296x216.jpg', '两梯四户、双阳卧两居、中间楼层、视野好', '同祥城  ', '高楼层(共33层)板楼  -  天山海世界', '152万', '单价16026元/平米')
('', '天山花园，偏门两室，南北通透 ，次顶层', '天山花园  ', '高楼层(共11层)板楼  -  天山海世界', '165万', '单价15447元/平米')
('https://image1.ljcdn.com/130100-inspection/9510659f-0d77-4729-a028-9f522a136f9f.jpg.296x216.jpg', '同祥城南向一居室 独立厨卫 独立客厅 带装修', '同祥城C区  ', '中楼层(共33层)板楼  -  天山海世界', '100万', '单价18400元/平米')
('', '保利旁，精装两室，户型方正，采光充足，南北通透', '恒大绿洲  ', '高楼层(共33层)板楼  -  东开发区', '160万', '单价16617元/平米')
('https://image1.ljcdn.com/130100-inspection/0803dff4-f3b4-4715-bdf5-52fc18fd4965.jpg.296x216.jpg', '卓达星辰花园 3室2厅 270万', '卓达星辰花园  ', '高楼层(共24层)板楼  -  天山海世界', '270万', '单价15400元/平米')
('', '金色家园 2室2厅 145万', '金色家园  ', '中楼层(共7层)板楼  -  天山海世界', '145万', '单价14742元/平米')
('', '润都盛和广场 1室0厅 32.1万', '润都盛和广场  ', '低楼层(共17层)暂无数据  -  天山海世界', '32.1万', '单价11001元/平米')
('https://image1.ljcdn.com/130100-inspection/1f754523-5e91-44ac-8f36-d55d3f4129e6.jpg.296x216.jpg', '想象国际 2室1厅 131万', '想象国际  ', '中楼层(共28层)板楼  -  天山海世界', '131万', '单价18648元/平米')
('https://image1.ljcdn.com/130100-inspection/7116bed2-262b-462f-84cc-c4dd170f13e9.jpg.296x216.jpg', '满五唯一，中间楼层，偏门通透，两居两卫，户型方正', '东方城  ', '中楼层(共6层)板楼  -  天山海世界', '143万', '单价15392元/平米')
('https://image1.ljcdn.com/130100-inspection/rsp_pic_upload1aa303da-2529-499d-9ed6-d47eb53c2b28.jpg.296x216.jpg', '天然城 三室两厅 南北朝向 满五唯一', '天然城  ', '高楼层(共7层)板楼  -  富力', '205万', '单价13913元/平米')
('https://image1.ljcdn.com/110000-inspection/86adf7fe-27ac-4e08-85d9-dd3a968eb770.jpg.296x216.jpg', '板楼两居室 满五年唯一 中间楼层', '心海假日  ', '中楼层(共7层)板楼  -  天山海世界', '170万', '单价19358元/平米')
('https://image1.ljcdn.com/130100-inspection/d0d92762-a7c2-42d3-a5a0-73af1c53b2cc.jpg.296x216.jpg', '天然城 2室2厅 143万', '天然城  ', '中楼层(共26层)板楼  -  富力', '143万', '单价15564元/平米')
('https://image1.ljcdn.com/130100-inspection/2d5bee5c-6158-4ea6-9f01-d88ed33643ba.jpg.296x216.jpg', '天山水榭花都花园洋房精装四居室中间楼层', '天山水榭花都  ', '中楼层(共5层)板楼  -  天山海世界', '263万', '单价17471元/平米')
('', '金色家园 2室2厅 145万', '金色家园  ', '低楼层(共7层)板楼  -  天山海世界', '145万', '单价15008元/平米')
('', '珠峰国际花园 3室2厅 215万', '珠峰国际花园  ', '中楼层(共6层)板楼  -  天山海世界', '215万', '单价17383元/平米')
('https://image1.ljcdn.com/130100-inspection/e8df66f1-45ef-4e75-bcf4-bb3d16ec990e.jpg.296x216.jpg', '荣御府 2室2厅 145万', '荣御府  ', '低楼层(共28层)板楼  -  天山海世界', '145万', '单价13525元/平米')
('', '苹果城 3室2厅 290万', '苹果城  ', '中楼层(共12层)板楼  -  天山海世界', '290万', '单价18242元/平米')
('', '润都盛和广场 1室0厅 54.7万', '润都盛和广场  ', '低楼层(共17层)暂无数据  -  天山海世界', '54.7万', '单价10978元/平米')
('https://image1.ljcdn.com/110000-inspection/ed35d5d3-b650-45c6-8084-7515625a2fc0.jpg.296x216.jpg', '花香漫城 3室2厅 260万', '花香漫城  ', '高楼层(共18层)板楼  -  天山海世界', '260万', '单价20521元/平米')
('', '卓达星辰金座 中间楼层 全南户型  诚心出售', '卓达星辰金座  ', '中楼层(共23层)板楼  -  天山海世界', '200万', '单价15746元/平米')
('https://image1.ljcdn.com/130100-inspection/0c0a84b0-82c3-4262-8d2a-e076da982349.jpg.296x216.jpg', '东方城 4室2厅 225万', '东方城  ', '中楼层(共6层)板楼  -  天山海世界', '225万', '单价16546元/平米')
('https://image1.ljcdn.com/130100-inspection/ff8b64fb-8847-4590-a1ca-9dfe51c975c0.jpg.296x216.jpg', '同祥城C区 3室2厅 150万', '同祥城C区  ', '中楼层(共34层)板楼  -  天山海世界', '150万', '单价11729元/平米')
('', '同祥城C区 3室2厅 166万', '同祥城C区  ', '高楼层(共33层)暂无数据  -  天山海世界', '166万', '单价12990元/平米')
('https://image1.ljcdn.com/130100-inspection/b1904cc0-0bdc-48ba-aa56-2181f35a0f20.jpg.296x216.jpg', '珠峰国际 精装两室 户型方正 采光好', '珠峰国际花园三期  ', '高楼层(共33层)板楼  -  天山海世界', '140万', '单价14782元/平米')
('', '心海假日 2室2厅 150万', '心海假日  ', '中楼层(共7层)板楼  -  天山海世界', '150万', '单价17081元/平米')
('', '润都盛和广场 1室0厅 54.1万', '润都盛和广场  ', '低楼层(共17层)暂无数据  -  天山海世界', '54.1万', '单价11001元/平米')
('https://image1.ljcdn.com/130100-inspection/rsp_pic_uploadd0c4bc4c-ffec-45c3-ad05-5df9af098e31.jpg.296x216.jpg', '筑业花园 3室2厅 220万', '筑业花园  ', '中楼层(共10层)板楼  -  天山海世界', '220万', '单价13788元/平米')
('', '金色家园 一梯二户 南北通透 各种配套齐全', '金色家园  ', '中楼层(共7层)板楼  -  天山海世界', '145万', '单价14781元/平米')
('https://image1.ljcdn.com/130100-inspection/rsp_pic_upload35578c48-69d5-44f4-8193-a4f341b2f189.jpg.296x216.jpg', '金色家园 三室 开发区 天山海世界', '金色家园  ', '中楼层(共7层)板楼  -  天山海世界', '240万', '单价17002元/平米')
('https://image1.ljcdn.com/130100-inspection/62c47f3e-7c45-4415-a3b5-68a9aeafbe13.jpg.296x216.jpg', '雍雅锦江 3室2厅 200万', '雍雅锦江  ', '低楼层(共33层)板塔结合  -  天山海世界', '200万', '单价16529元/平米')
('', '天山水榭花都 4室2厅 310万', '天山水榭花都  ', '中楼层(共5层)板楼  -  天山海世界', '310万', '单价16536元/平米')
('https://image1.ljcdn.com/130100-inspection/8dccfd82-c17e-42b4-a454-edc095c72b2a.jpg.296x216.jpg', '红石原著小区 3室2厅 193万', '红石原著小区  ', '高楼层(共34层)板楼  -  富力', '193万', '单价14336元/平米')
('', '苹果城 2室2厅 150万', '苹果城  ', '高楼层(共8层)板楼  -  天山海世界', '150万', '单价15567元/平米')
('', '润都盛和广场 1室0厅 250.88万', '润都盛和广场  ', '低楼层(共17层)暂无数据  -  天山海世界', '250.9万', '单价11001元/平米')
('https://image1.ljcdn.com/130100-inspection/2984d2ac-4ad7-46ec-adfa-e36899a74d7e.JPG.296x216.jpg', '珠峰国际花园 2室2厅 150万', '珠峰国际花园  ', '中楼层(共27层)板楼  -  天山海世界', '150万', '单价15790元/平米')
('', '天然城小区 多层通透户型 诚心出售 随时看房', '天然城  ', '高楼层(共7层)板楼  -  富力', '125万', '单价15233元/平米')
('https://image1.ljcdn.com/130100-inspection/fa02a4c4-cd53-49ac-b105-7cab6dc704c2.jpg.296x216.jpg', '小区设施齐全 周边配套完善 高楼层采光视野良好', '同祥城  ', '高楼层(共34层)板楼  -  天山海世界', '168万', '单价14987元/平米')
('https://image1.ljcdn.com/130100-inspection/92a8e65f-48e5-41bd-97d8-bfc373f328a8.jpg.296x216.jpg', '开发区低总价一居室 个税 首套21万首付 拎包入住', '博仕名筑  ', '中楼层(共12层)板楼  -  天山海世界', '71万', '单价16192元/平米')
('', '东城国际商务广场 1室1厅 24万', '东城国际商务广场  ', '高楼层(共30层)板塔结合  -  天山海世界', '24万', '单价5048元/平米')
('', '花样年华 3室2厅 170万', '花样年华  ', '高楼层(共7层)板楼  -  天山海世界', '170万', '单价13558元/平米')
('', '润都盛和广场 1室0厅 54.1万', '润都盛和广场  ', '低楼层(共17层)暂无数据  -  天山海世界', '54.1万', '单价11001元/平米')
('https://image1.ljcdn.com/130100-inspection/77bcbcd2-890d-4df4-b3e5-e44036c33633.jpg.296x216.jpg', '天山水榭花都 三室 好楼层 我有钥匙 满五唯一 急售', '天山水榭花都  ', '低楼层(共6层)板楼  -  天山海世界', '260万', '单价19890元/平米')
('', 'lianjia.房源 开发区跃层，南北通透 ，仅有个税', '东方城  ', '高楼层(共6层)板楼  -  天山海世界', '190万', '单价13059元/平米')
('https://image1.ljcdn.com/130100-inspection/2e135476-0c57-424b-b5df-5bdc7a683347.jpg.296x216.jpg', '开发区两室两厅 成熟社区 交通便利 单价低 看房方便', '天地荣域  ', '低楼层(共22层)板楼  -  富力', '75万', '单价8739元/平米')
('', '恒大绿洲 4室2厅 200万', '恒大绿洲  ', '低楼层(共33层)板楼  -  东开发区', '200万', '单价12847元/平米')
('', '同祥城C区 2室2厅 128万', '同祥城C区  ', '低楼层(共34层)暂无数据  -  天山海世界', '128万', '单价12852元/平米')
('', '金色家园 2室2厅 135万', '金色家园  ', '中楼层(共8层)板楼  -  天山海世界', '135万', '单价13702元/平米')
('', '润都盛和广场 1室0厅 54.81万', '润都盛和广场  ', '低楼层(共17层)暂无数据  -  天山海世界', '54.9万', '单价11000元/平米')
('https://image1.ljcdn.com/130100-inspection/a805b460-b06f-42ec-85b9-e78b2fa8f6e1.jpg.296x216.jpg', '恒大绿洲精装，三室两厅两卫，自己住的房子，干净卫生', '恒大绿洲  ', '高楼层(共33层)板楼  -  东开发区', '202万', '单价14963元/平米')
('https://image1.ljcdn.com/120000-inspection/c00d087a-b120-47e8-ba05-424354009c3a.jpg.296x216.jpg', '东城国际商务广场 2室1厅 52万', '东城国际商务广场  ', '低楼层(共30层)板塔结合  -  天山海世界', '52万', '单价6687元/平米')
('https://image1.ljcdn.com/130100-inspection/e9d882f6-53ab-4692-8153-b02544f9aa68.jpg.296x216.jpg', '南向精装修一室，带大落地窗阳台，可以直接拎包入住', '珠峰国际花园三期  ', '中楼层(共33层)板楼  -  天山海世界', '87万', '单价18125元/平米')
('https://image1.ljcdn.com/130100-inspection/test-fec5a7bc-69a3-4087-9889-0a4b38e20941.png.296x216.jpg', '同祥城经典两居室，南北通透，小区配套齐全', '同祥城  ', '低楼层(共34层)板楼  -  天山海世界', '140万', '单价16130元/平米')
('https://image1.ljcdn.com/130100-inspection/rsp_pic_uploade09de5b1-f43c-4215-ba42-3fe9f72e9620.jpg.296x216.jpg', '恒大绿洲小区，楼层中高，采光良好', '恒大绿洲  ', '中楼层(共33层)板楼  -  东开发区', '127万', '单价13056元/平米')
('', '润都盛和广场 1室0厅 32.1万', '润都盛和广场  ', '低楼层(共17层)暂无数据  -  天山海世界', '32.1万', '单价11001元/平米')
('https://image1.ljcdn.com/130100-inspection/99b28da6-3303-4caa-8174-015148d05537.jpg.296x216.jpg', '卓达星辰园 一楼带小院精装两居 刚需婚房 业主诚心售', '卓达星辰花园  ', '低楼层(共24层)板楼  -  天山海世界', '175万', '单价16203元/平米')
('https://image1.ljcdn.com/130100-inspection/f7ea86cc-ed1f-43b7-8306-0d052659db3a.jpg.296x216.jpg', '红石原著小区 3室2厅 210万', '红石原著小区  ', '高楼层(共25层)板楼  -  富力', '210万', '单价15123元/平米')
('https://image1.ljcdn.com/130100-inspection/c8a4b329-8de0-49f9-854e-b0d758ef79ac.jpg.296x216.jpg', '开发区，刚需2居室，全南向，总价低', '郝家营新村  ', '低楼层(共31层)板楼  -  天山海世界', '130万', '单价13990元/平米')
('https://image1.ljcdn.com/130100-inspection/test-ab46876b-741f-47ad-b38b-7aa117b4f3a0.png.296x216.jpg', '天山海世界 新风地暖全天的冷热水 赠送全实木家具家电', '同祥城  ', '高楼层(共34层)板楼  -  天山海世界', '160万', '单价15855元/平米')
('', '高新区，红石原著瀚林旁，天然城7楼两室', '天然城  ', '低楼层(共26层)板楼  -  富力', '133万', '单价14703元/平米')
('', '天然城 2室2厅 160万', '天然城  ', '未知(共0层)板楼  -  富力', '160万', '单价17768元/平米')
('https://image1.ljcdn.com/110000-inspection/b154854b-0959-44df-9d60-9bfb3fc72045.jpg.296x216.jpg', '东方城 南北通透 双通透户型 一梯两户 公摊少', '东方城  ', '高楼层(共6层)板楼  -  天山海世界', '134万', '单价14423元/平米')
('https://image1.ljcdn.com/130100-inspection/5f2ab922-0ca6-43f2-a792-8f716febcc5c.jpg.296x216.jpg', '筑业花园 开发区八匹马 南北通透三居室 诚心出售', '筑业花园  ', '高楼层(共22层)板楼  -  天山海世界', '200万', '单价13043元/平米')
('https://image1.ljcdn.com/130100-inspection/49571828-6bcf-4ad6-a317-e4ff5840ee08.jpg.296x216.jpg', '急售水榭花都 多层花园洋房 精装四居室 南北通透', '天山水榭花都  ', '中楼层(共5层)板楼  -  天山海世界', '450万', '单价20340元/平米')
('https://image1.ljcdn.com/130100-inspection/rsp_pic_uploadf25fe3a8-5a2a-4321-81ef-58e66f4ebc1f.jpg.296x216.jpg', 'Lian Jia.房源 珠峰国际 大三室 装修好', '珠峰国际花园  ', '中楼层(共27层)板楼  -  天山海世界', '275万', '单价20314元/平米')
('https://image1.ljcdn.com/130100-inspection/d9590c62-630d-47f1-8e83-50fa68d71016.jpg.296x216.jpg', '水榭花都 通透大三居 洋房二楼 价格能谈 户型方正', '天山水榭花都  ', '中楼层(共5层)板楼  -  天山海世界', '240万', '单价17911元/平米')
('', '弘达明尚 3室2厅 195万', '弘达明尚  ', '高楼层(共31层)板楼  -  天山海世界', '195万', '单价13793元/平米')
('', '石家庄信息工程职业学院家属楼 3室2厅 210万', '石家庄信息工程职业学院家属楼  ', '低楼层(共6层)暂无数据  -  天山海世界', '210万', '单价13853元/平米')
('https://image1.ljcdn.com/130100-inspection/rsp_pic_uploadfdf5f82f-1a5e-409a-a6b4-d2640bd34942.jpg.296x216.jpg', '开发区，中间楼层带电梯，个税南北精装三居', '天然城  ', '中楼层(共7层)板楼  -  富力', '205万', '单价16089元/平米')
('', '恒大绿洲，精装三室，诚心出售，有钥匙，随时看房。', '恒大绿洲  ', '低楼层(共33层)板楼  -  东开发区', '145万', '单价14357元/平米')
('https://image1.ljcdn.com/130100-inspection/e05e4f5e-b0d6-42eb-9d23-43c37de5f8ed.jpg.296x216.jpg', '金色家园，精装大跃层，单价便宜，诚心出售', '金色家园  ', '高楼层(共7层)板楼  -  天山海世界', '300万', '单价10945元/平米')
('', '紫睿天和 3室2厅 225万', '紫睿天和  ', '中楼层(共16层)板楼  -  天山海世界', '225万', '单价18293元/平米')
('', '同祥城 2室2厅 158万', '同祥城  ', '低楼层(共34层)板楼  -  天山海世界', '158万', '单价16964元/平米')
('https://image1.ljcdn.com/130100-inspection/4a6d7259-ef43-45fa-9b7f-f87d2ff3db91.jpg.296x216.jpg', '花园电梯洋房 一楼带院 楼前广场 采光无遮挡', '天然城  ', '低楼层(共7层)板楼  -  富力', '145万', '单价17513元/平米')
('', '紫睿天和 1室1厅 82万', '紫睿天和  ', '低楼层(共32层)板楼  -  天山海世界', '82万', '单价15186元/平米')
('', '恒大绿洲精装两室，满两年 南北通透', '恒大绿洲  ', '高楼层(共33层)板楼  -  东开发区', '135万', '单价13918元/平米')
('', '卓达星辰花园    大三居   南北通透', '卓达星辰花园  ', '中楼层(共28层)暂无数据  -  天山海世界', '280万', '单价15269元/平米')
('', '弘达明尚 2室2厅 180万', '弘达明尚  ', '中楼层(共31层)板楼  -  天山海世界', '180万', '单价16773元/平米')
('https://image1.ljcdn.com/130100-inspection/bb8e7c9b-3291-4b88-9649-b7587da6beb4.jpg.296x216.jpg', '海世界商圈 单价5000多 业主诚售 看房方便', '东城国际商务广场  ', '高楼层(共30层)板塔结合  -  天山海世界', '56万', '单价5874元/平米')
('https://image1.ljcdn.com/130100-inspection/eae8492d-0a8c-4f0f-b9e9-81fc285afc02.jpg.296x216.jpg', '珠峰国际花园 6室2厅 580万', '珠峰国际花园  ', '高楼层(共25层)板楼  -  天山海世界', '580万', '单价15627元/平米')
('', '管委会宿舍 2室2厅 128万', '管委会宿舍  ', '低楼层(共6层)暂无数据  -  天山海世界', '128万', '单价15718元/平米')
('', '太行嘉苑 3室2厅 165万', '太行嘉苑  ', '中楼层(共33层)板楼  -  天山海世界', '165万', '单价12044元/平米')
('', '天地荣域 2室2厅 99万', '天地荣域  ', '中楼层(共26层)板楼  -  富力', '99万', '单价10466元/平米')
('https://image1.ljcdn.com/130100-inspection/95148533-a2da-4533-b6e5-6493e9f728eb.jpg.296x216.jpg', '天山水榭花都正规南向两居室 中楼层 业主诚售看房方便', '天山水榭花都  ', '中楼层(共32层)板楼  -  天山海世界', '153万', '单价18215元/平米')
('https://image1.ljcdn.com/130100-inspection/46ca442b-59ee-4bf8-8392-8c8db1e9ba73.jpg.296x216.jpg', '珠峰国际大五室，两梯一户，精装修包税费，随时看房', '珠峰国际花园  ', '中楼层(共25层)板楼  -  天山海世界', '650万', '单价17513元/平米')
('', '雍雅锦江 3室2厅 208万', '雍雅锦江  ', '低楼层(共33层)板塔结合  -  天山海世界', '208万', '单价16100元/平米')
('', '东方城 3室2厅 210万', '东方城  ', '低楼层(共6层)板楼  -  天山海世界', '210万', '单价16217元/平米')
('', '卓达星辰花园 2室2厅 190万', '卓达星辰花园  ', '中楼层(共28层)板楼  -  天山海世界', '190万', '单价18167元/平米')
('https://image1.ljcdn.com/130100-inspection/rsp_pic_upload80201dd1-6cba-4dcd-abdf-0bbffad3d205.jpg.296x216.jpg', 'lian jia.房源大四居南北格局 筑业花园', '筑业花园  ', '高楼层(共22层)板楼  -  天山海世界', '250万', '单价13232元/平米')
('https://image1.ljcdn.com/130100-inspection/b13c3284-f526-4202-b04f-f0787675f79b.JPG.296x216.jpg', '天山水榭花都   精装两室  中等楼层 人车分流', '天山水榭花都  ', '中楼层(共32层)板塔结合  -  天山海世界', '165万', '单价16115元/平米')
('', '花样年华 2室2厅 150万', '花样年华  ', '低楼层(共7层)板楼  -  天山海世界', '150万', '单价14852元/平米')
('', '珠峰国际花园 1室1厅 90万', '珠峰国际花园  ', '低楼层(共26层)板楼  -  天山海世界', '90万', '单价17648元/平米')
('', '梧桐苑 3室2厅 198万', '梧桐苑  ', '中楼层(共8层)板楼  -  天山海世界', '198万', '单价12047元/平米')
('https://image1.ljcdn.com/130100-inspection/b8793fab-9e93-433a-bae7-a43d1a2b13ae.jpg.296x216.jpg', '满五唯一住房，配套成熟，交通便利，随时看房', '珠峰国际花园  ', '高楼层(共11层)板楼  -  天山海世界', '190万', '单价15721元/平米')
('', '房子满5年 业主就一套 急售 南北通透', '苹果城  ', '中楼层(共12层)板楼  -  天山海世界', '325万', '单价21032元/平米')
('', '天山水榭花都 3室2厅 230万', '天山水榭花都  ', '中楼层(共5层)板楼  -  天山海世界', '230万', '单价18269元/平米')
('', '东海盛景南苑 2室2厅 138万', '东海盛景南苑  ', '中楼层(共26层)板楼  -  富力', '138万', '单价14439元/平米')
('', '梧桐苑 3室2厅 230万', '梧桐苑  ', '中楼层(共12层)板塔结合  -  天山海世界', '230万', '单价13832元/平米')
('https://image1.ljcdn.com/130100-inspection/d725b79d-5030-4443-b456-4a8528b85ccf.jpg.296x216.jpg', '地铁三号线，北国超市旁，精装两居室，看房方便', '天地荣域  ', '低楼层(共25层)板楼  -  富力', '95万', '单价9083元/平米')
('https://image1.ljcdn.com/130100-inspection/5b4116ac-6974-48e8-ab96-f8c6e3d8795a.jpg.296x216.jpg', '恒大绿洲，两室两厅，精装修，上好家具家电，业主急售', '恒大绿洲  ', '高楼层(共33层)板楼  -  东开发区', '150万', '单价15671元/平米')
('', '天山水榭花都 3室2厅 248万', '天山水榭花都  ', '低楼层(共6层)板楼  -  天山海世界', '248万', '单价18371元/平米')
('', '石家庄信息工程职业学院家属楼 3室2厅 200万', '石家庄信息工程职业学院家属楼  ', '高楼层(共6层)暂无数据  -  天山海世界', '200万', '单价13072元/平米')
('', '天地荣域 1室1厅 52万', '天地荣域  ', '高楼层(共22层)板楼  -  富力', '52万', '单价9618元/平米')
('https://image1.ljcdn.com/130100-inspection/a3b61aa0-49af-4070-9fd2-b8016e9e977a.jpg.296x216.jpg', '卓达星辰花园 地铁一号线 三卧室朝南 客厅朝南', '卓达星辰花园  ', '中楼层(共28层)板楼  -  天山海世界', '220万', '单价15678元/平米')
('', '珠峰国际花园 3室2厅 260万', '珠峰国际花园  ', '中楼层(共7层)板楼  -  天山海世界', '260万', '单价20635元/平米')
('', '居美颐园 3室2厅 155万', '居美颐园  ', '高楼层(共18层)板楼  -  天山海世界', '155万', '单价12624元/平米')
('', '天地荣域 1室1厅 50万', '天地荣域  ', '中楼层(共22层)板楼  -  富力', '50万', '单价9248元/平米')
('https://image1.ljcdn.com/130100-inspection/df8a035b-91c7-4a1a-a70f-bee021d37b6d.jpg.296x216.jpg', '水榭花都 通透四居室 花园洋房 精装修 满五年 无遮挡', '天山水榭花都  ', '中楼层(共5层)板楼  -  天山海世界', '340万', '单价19632元/平米')
('', '天山水榭花都 2室2厅 163万', '天山水榭花都  ', '中楼层(共32层)板楼  -  天山海世界', '163万', '单价18437元/平米')
('', '东城国际商务广场 3室2厅 110万', '东城国际商务广场  ', '中楼层(共28层)暂无数据  -  天山海世界', '110万', '单价15278元/平米')
('', '花样年华 2室2厅 136万', '花样年华  ', '中楼层(共7层)板楼  -  天山海世界', '136万', '单价13600元/平米')
('https://image1.ljcdn.com/130100-inspection/7e2434e0-3ece-4446-8f86-a222a629d782.jpg.296x216.jpg', '天山花园 5室跃层 户型方正 南北通透 采光好 装修好', '天山花园  ', '高楼层(共7层)板楼  -  天山海世界', '255万', '单价10914元/平米')
('https://image1.ljcdn.com/130100-inspection/7de20e2e-b7e8-42d6-8271-523d85d1d33f.jpg.296x216.jpg', '金色家园 2室2厅 120万', '金色家园  ', '高楼层(共7层)板楼  -  天山海世界', '120万', '单价11436元/平米')
('', '心海假日 3室2厅 205万', '心海假日  ', '高楼层(共18层)板楼  -  天山海世界', '205万', '单价13156元/平米')
('', '卓达星辰花园 3室2厅 220万', '卓达星辰花园  ', '低楼层(共20层)暂无数据  -  天山海世界', '220万', '单价13581元/平米')
('', '恒大绿洲 三室 精装修 南北通透 165万 金典户型', '恒大绿洲  ', '低楼层(共33层)板楼  -  东开发区', '165万', '单价14602元/平米')
('https://image1.ljcdn.com/130100-inspection/02e77f6c-66b2-40e3-9819-ba4640d6df45.jpg.296x216.jpg', '开发区长九 南北通透三居室 诚意出售 户型方正', '长九中心公园9号  ', '低楼层(共32层)板楼  -  天山海世界', '255万', '单价18246元/平米')
('https://image1.ljcdn.com/130100-inspection/c53a8c96-cf9a-44d6-9ae1-25c028d13fd7.jpg.296x216.jpg', '满五年 出租中 户型结构合理 社区环境优雅', '天山花园  ', '低楼层(共7层)板楼  -  天山海世界', '180万', '单价15255元/平米')
('', '东城国际商务广场 1室0厅 27万', '东城国际商务广场  ', '高楼层(共30层)板塔结合  -  天山海世界', '27万', '单价6750元/平米')
('', '花样年华 3室2厅 179万', '花样年华  ', '中楼层(共7层)板楼  -  天山海世界', '179万', '单价13764元/平米')
('', '恒大绿洲 精装全阳小3室 满2年 赠部分家具家电', '恒大绿洲  ', '高楼层(共33层)板楼  -  东开发区', '155万', '单价14904元/平米')
('https://image1.ljcdn.com/130100-inspection/8bdec6ef-fc98-47e9-8213-9330b502e7c0.jpg.296x216.jpg', '天然城，3居室，户型方正，公摊小，采光充足，满五', '天然城  ', '中楼层(共7层)板楼  -  富力', '175万', '单价13672元/平米')
('https://image1.ljcdn.com/130100-inspection/d3cba6a1-67c4-453c-8850-04d5be878982.jpg.296x216.jpg', '金色家园 2室2厅 133万', '金色家园  ', '高楼层(共7层)板楼  -  天山海世界', '133万', '单价13179元/平米')
('', '弘达明尚 2室2厅 138万', '弘达明尚  ', '中楼层(共26层)板楼  -  天山海世界', '138万', '单价15112元/平米')
('', '花香漫城 2室2厅 220万', '花香漫城  ', '高楼层(共30层)板楼  -  天山海世界', '220万', '单价19121元/平米')
('', '恒大绿洲 精装3室2厅1卫 南北通透', '恒大绿洲  ', '低楼层(共33层)板楼  -  东开发区', '137万', '单价14124元/平米')
('https://image1.ljcdn.com/130100-inspection/83683b59-c0f6-4bc4-aa36-de7294069fcf.jpg.296x216.jpg', '房子户型方正，无遮挡，看房方便，上水园林设计', '天山熙湖  ', '低楼层(共34层)板楼  -  天山海世界', '190万', '单价15601元/平米')
('https://image1.ljcdn.com/130100-inspection/36021ef8-3191-4c2d-b80b-01f7a21a7a0f.jpg.296x216.jpg', '心海假日 南向精装两居室 满五年', '心海假日  ', '高楼层(共18层)板楼  -  天山海世界', '147万', '单价16831元/平米')
('', '东方城 2室2厅 150万', '东方城  ', '高楼层(共6层)板楼  -  天山海世界', '150万', '单价16145元/平米')
('', '东城国际商务广场 1室1厅 35万', '东城国际商务广场  ', '低楼层(共30层)板塔结合  -  天山海世界', '35万', '单价8750元/平米')
('', '恒大绿洲 2室2厅 135万', '恒大绿洲  ', '中楼层(共33层)板楼  -  东开发区', '135万', '单价14063元/平米')
('https://image1.ljcdn.com/130100-inspection/rsp_pic_upload4f170630-fd50-42ae-93d4-3244317cf94a.jpg.296x216.jpg', '开发区 东方城 精装四室 房本满五年 诚心出售', '东方城  ', '高楼层(共6层)板楼  -  天山海世界', '199万', '单价13109元/平米')
('https://image1.ljcdn.com/130100-inspection/83db2e93-435e-43b0-b24d-8428ff159fd8.jpg.296x216.jpg', '天山水榭花都 2室1厅 150万', '天山水榭花都  ', '低楼层(共32层)板楼  -  天山海世界', '150万', '单价17826元/平米')
('', '珠峰国际花园三期 2室2厅 140万', '珠峰国际花园三期  ', '中楼层(共32层)板楼  -  天山海世界', '140万', '单价15931元/平米')
('', '花香漫城 2室2厅 230万', '花香漫城  ', '低楼层(共18层)板楼  -  天山海世界', '230万', '单价25137元/平米')
('', '恒大绿洲 两室 精装修 中间楼层', '恒大绿洲  ', '中楼层(共33层)板楼  -  东开发区', '155万', '单价15817元/平米')
('https://image1.ljcdn.com/130100-inspection/b181c72f-61a4-479d-9781-647da470774d.jpg.296x216.jpg', '出行方便  户型方正 南北通透  无遮挡采光好', '东方城  ', '中楼层(共6层)板楼  -  天山海世界', '188万', '单价13825元/平米')
('https://image1.ljcdn.com/130100-inspection/d63fbab3-091e-469b-a15e-7e6441506f1d.jpg.296x216.jpg', '珠峰国际花园 3室2厅 198万', '珠峰国际花园  ', '中楼层(共6层)板楼  -  天山海世界', '198万', '单价16008元/平米')
('', '心海假日 1室1厅 97万', '心海假日  ', '高楼层(共18层)板楼  -  天山海世界', '97万', '单价17595元/平米')
('', '石家庄信息工程职业学院家属楼 3室2厅 170万', '石家庄信息工程职业学院家属楼  ', '高楼层(共6层)板楼  -  天山海世界', '170万', '单价11195元/平米')
('', '恒大绿洲 两室 精装修 中间楼层 房东诚心卖138万', '恒大绿洲  ', '高楼层(共33层)板楼  -  东开发区', '138万', '单价14436元/平米')
('https://image1.ljcdn.com/130100-inspection/db6c72cb-b231-4334-a972-c7d99d6b9af2.jpg.296x216.jpg', '珠峰国际花园 户型好 南北通透 大面积', '珠峰国际花园  ', '低楼层(共6层)板楼  -  天山海世界', '310万', '单价16940元/平米')
('https://image1.ljcdn.com/130100-inspection/4d63d715-edc1-4c42-9422-79b01f42ca4f.jpg.296x216.jpg', '新上卓达星辰金座，海世界商圈，经典三居室，随时看房', '卓达星辰金座  ', '中楼层(共23层)板楼  -  天山海世界', '195万', '单价15354元/平米')
('', '东城国际商务广场 1室1厅 40万', '东城国际商务广场  ', '高楼层(共30层)板塔结合  -  天山海世界', '40万', '单价7853元/平米')
('', '开发区 恒大绿洲 经典三室 带车位出售 156万', '恒大绿洲  ', '中楼层(共31层)板楼  -  东开发区', '156万', '单价15446元/平米')
('https://image1.ljcdn.com/130100-inspection/a0c83a2c-4561-44a8-87f1-638890a7cc91.jpg.296x216.jpg', '同祥城经典两居室，南北透通，明厨明卫，高层采光充裕', '同祥城  ', '高楼层(共34层)板楼  -  天山海世界', '138万', '单价15877元/平米')
('', '苹果城 3室2厅 246万', '苹果城  ', '中楼层(共8层)板楼  -  天山海世界', '246万', '单价16826元/平米')
('https://image1.ljcdn.com/130100-inspection/fe6aadd5-00f6-4f65-b0bd-2d33bef07581.jpg.296x216.jpg', '急售东方城，一梯两户，通透户型，价位可议', '东方城  ', '高楼层(共6层)板楼  -  天山海世界', '124万', '单价13234元/平米')
('', '正规大三室 无大税 看房方便 单价低', '石家庄信息工程职业学院家属楼  ', '高楼层(共6层)暂无数据  -  天山海世界', '180万', '单价11765元/平米')
('', '恒大绿洲 3室2厅 170万', '恒大绿洲  ', '低楼层(共33层)板楼  -  东开发区', '170万', '单价16505元/平米')
('https://image1.ljcdn.com/130100-inspection/db331fc9-ae51-4846-b7e7-3684447bea91.jpg.296x216.jpg', '天然城 单价1.5万 看房有钥匙 随时看', '天然城  ', '高楼层(共7层)板楼  -  富力', '123万', '单价14964元/平米')
('', '紫睿天和 2室2厅 150万', '紫睿天和  ', '中楼层(共33层)板楼  -  天山海世界', '150万', '单价17242元/平米')
('https://image1.ljcdn.com/130100-inspection/4ff2520e-9f8f-4a44-bfd9-5344b6d744b0.jpg.296x216.jpg', '南北通透 户型方正，无遮挡，看房方便，园林设计', '天山水榭花都  ', '中楼层(共5层)板楼  -  天山海世界', '260万', '单价18976元/平米')
('', '弘达明尚 2室2厅 140万', '弘达明尚  ', '低楼层(共31层)板楼  -  天山海世界', '140万', '单价15523元/平米')
('', '恒大绿洲 4室2厅 240万', '恒大绿洲  ', '低楼层(共32层)板楼  -  东开发区', '240万', '单价15790元/平米')
('https://image1.ljcdn.com/130100-inspection/f38910c3-62de-40d2-9bd9-056f64d337a4.jpg.296x216.jpg', '金色家园 2室1厅 108万', '金色家园  ', '高楼层(共7层)板楼  -  天山海世界', '108万', '单价14916元/平米')
('', '花样年华 3室2厅 308万', '花样年华  ', '高楼层(共7层)板楼  -  天山海世界', '308万', '单价16383元/平米')
('https://image1.ljcdn.com/130100-inspection/5b46f8b2-e23e-404a-9b2e-af14f31b815b.jpg.296x216.jpg', '珠峰国际花园 三室 电梯房 阳面大客厅 南北通透 急售', '珠峰国际花园  ', '中楼层(共21层)板楼  -  天山海世界', '195万', '单价14773元/平米')
('', '弘达明尚 2室2厅 140万', '弘达明尚  ', '高楼层(共31层)板楼  -  天山海世界', '140万', '单价15405元/平米')
('', '石家庄太行大街以东恒大绿洲两居室户型.房本 满两年.', '恒大绿洲  ', '中楼层(共33层)板楼  -  东开发区', '150万', '单价15464元/平米')
('https://image1.ljcdn.com/130100-inspection/f2eee606-605a-44cf-bfe8-4ca69c340c82.jpg.296x216.jpg', '金色家园 2室2厅 132万', '金色家园  ', '中楼层(共7层)板楼  -  天山海世界', '132万', '单价15408元/平米')
('', '苹果城 2室1厅 133万', '苹果城  ', '高楼层(共7层)板楼  -  天山海世界', '133万', '单价18123元/平米')
('https://image1.ljcdn.com/130100-inspection/8799d965-66f0-4699-88de-d6b25896d389.jpg.296x216.jpg', '此房南北通透，精装三室，交通方便，小区环境优美', '天山水榭花都  ', '低楼层(共6层)板楼  -  天山海世界', '248万', '单价18508元/平米')
('', '珠峰国际花园 1室0厅 89万', '珠峰国际花园  ', '中楼层(共26层)板楼  -  天山海世界', '89万', '单价17182元/平米')
('', '开发区 恒大绿洲 南北通透 精装大三室 东三环 个税', '恒大绿洲  ', '中楼层(共33层)板楼  -  东开发区', '230万', '单价17360元/平米')
('https://image1.ljcdn.com/130100-inspection/dddb186a-a5c6-4336-b771-3f07fec0d38d.jpg.296x216.jpg', '好家园 2室2厅 135万', '好家园  ', '高楼层(共6层)板楼  -  天山海世界', '135万', '单价12356元/平米')
('https://image1.ljcdn.com/130100-inspection/c791da33-c989-4df1-a690-e52a58b62105.jpg.296x216.jpg', '石家庄学院住宅小区 2室2厅 140万', '石家庄学院住宅小区  ', '高楼层(共6层)板楼  -  天山海世界', '140万', '单价15136元/平米')
('', '卓达星辰花园 2室2厅 160万', '卓达星辰花园  ', '低楼层(共28层)板楼  -  天山海世界', '160万', '单价14551元/平米')
('', '恒大绿洲 3室2厅 200万', '恒大绿洲  ', '中楼层(共33层)板楼  -  东开发区', '200万', '单价14926元/平米')
('', '花样年华 3室2厅 185万', '花样年华  ', '高楼层(共7层)板楼  -  天山海世界', '185万', '单价12650元/平米')
('https://image1.ljcdn.com/130100-inspection/9571b0e3-c321-48ce-abb1-7984ae63d035.jpg.296x216.jpg', '恒大绿洲 南北通透 金典小三室 中间楼层 环境优美', '恒大绿洲  ', '高楼层(共31层)板楼  -  东开发区', '138万', '单价13664元/平米')
('', '红石原著小区 2室2厅 150万', '红石原著小区  ', '低楼层(共34层)板楼  -  富力', '150万', '单价16168元/平米')
('', '恒大绿洲 三室 南北通透 个税 精装修 带车位180万', '恒大绿洲  ', '中楼层(共33层)板楼  -  东开发区', '180万', '单价15385元/平米')
('', '天山水榭花都 3室1厅 150万', '天山水榭花都  ', '中楼层(共32层)板楼  -  天山海世界', '150万', '单价16854元/平米')
('https://image1.ljcdn.com/130100-inspection/2d5e5e25-c72a-47ed-aee2-f1442ce7eac1.jpg.296x216.jpg', '单价12000 同祥城 高层 低总价 全南向大两居', '同祥城C区  ', '高楼层(共33层)暂无数据  -  天山海世界', '130万', '单价12626元/平米')
('', '苹果城 4室3厅 370万', '苹果城  ', '低楼层(共8层)板楼  -  天山海世界', '370万', '单价19019元/平米')
('', '恒大绿洲 2室2厅 140万', '恒大绿洲  ', '中楼层(共31层)板楼  -  东开发区', '140万', '单价14286元/平米')
('', '花香漫城 南北通透三居室 业主诚心出售', '花香漫城  ', '高楼层(共18层)板楼  -  天山海世界', '280万', '单价21399元/平米')
('https://image1.ljcdn.com/110000-inspection/5f293390-96e9-4f7d-9cd5-55b3eaa4b3bc.jpg.296x216.jpg', 'lian jia.卓达星辰花园 精装四室 带家具家电 视野好', '卓达星辰花园  ', '中楼层(共28层)板楼  -  天山海世界', '380万', '单价20161元/平米')
('', '天山水榭花都 4室2厅 480万', '天山水榭花都  ', '中楼层(共5层)板楼  -  天山海世界', '480万', '单价20003元/平米')
('', '恒大绿洲 3室2厅 180万', '恒大绿洲  ', '中楼层(共33层)板楼  -  东开发区', '180万', '单价17308元/平米')
('', '高新区天地荣域2室，不临街，诚心卖', '天地荣域  ', '高楼层(共25层)板楼  -  富力', '80万', '单价9847元/平米')
('https://image1.ljcdn.com/130100-inspection/1b0dd12c-6023-4814-b794-ba69f6e52871.JPG.296x216.jpg', '房子南北通透，正规四室，满五年，税费较少，诚心出售', '东方城  ', '低楼层(共6层)板楼  -  天山海世界', '200万', '单价14707元/平米')
('', '同祥城 1室1厅 95万', '同祥城  ', '中楼层(共31层)板楼  -  天山海世界', '95万', '单价18831元/平米')
('', '开发区 恒大绿洲 大两室 全阳面 个税', '恒大绿洲  ', '低楼层(共33层)板楼  -  东开发区', '160万', '单价16087元/平米')
('', '红石原著大三室毛坯房，随心装修，南北通透', '红石原著小区  ', '低楼层(共25层)板楼  -  富力', '230万', '单价16563元/平米')
('https://image1.ljcdn.com/130100-inspection/28196c54-a050-4d8b-84fe-7f068a7e4059.jpg.296x216.jpg', '链家好房源，开发区四居室一楼带小院，跃层格局.', '苹果城  ', '低楼层(共7层)板楼  -  天山海世界', '300万', '单价15415元/平米')
('', '恒大绿洲 2室2厅 131万', '恒大绿洲  ', '低楼层(共33层)板楼  -  东开发区', '131万', '单价13475元/平米')
('', '恒大绿洲 一期 金典小两室 户型方正 双湖景观 个税', '恒大绿洲  ', '中楼层(共33层)板楼  -  东开发区', '140万', '单价15556元/平米')
('', '恒大绿洲 2室1厅 140万', '恒大绿洲  ', '高楼层(共28层)板楼  -  东开发区', '140万', '单价14426元/平米')
('https://image1.ljcdn.com/130100-inspection/2a683253-5e79-436d-bd6a-8c547f603d4e.JPG.296x216.jpg', '东方城，通透四室，精装修，带家具家电，双阳卧室，', '东方城  ', '高楼层(共6层)板楼  -  天山海世界', '176万', '单价12943元/平米')
('', '梧桐苑 3室2厅 180万', '梧桐苑  ', '中楼层(共7层)板楼  -  天山海世界', '180万', '单价12617元/平米')
('', '恒大绿洲 精装大两室 一期个税 双湖景观 户型方正', '恒大绿洲  ', '高楼层(共33层)板楼  -  东开发区', '160万', '单价16087元/平米')
('', '花香漫城 南向两居室 精装修 恒辉物业 诚心出售', '花香漫城  ', '中楼层(共18层)板楼  -  天山海世界', '155万', '单价19458元/平米')
('https://image1.ljcdn.com/130100-inspection/c30da674-759f-4681-916a-6ec088758413.JPG.296x216.jpg', '精英旁，东方城，通透四室，双阳卧室，阳面大客厅', '东方城  ', '高楼层(共6层)板楼  -  天山海世界', '195万', '单价12790元/平米')
('', '梧桐苑 5室3厅 235万', '梧桐苑  ', '高楼层(共7层)板楼  -  天山海世界', '235万', '单价10174元/平米')
('', '恒大绿洲 精装 两室 纯阳面户型 方正个税 150万', '恒大绿洲  ', '中楼层(共33层)板楼  -  东开发区', '150万', '单价15307元/平米')
('', 'lianjia.房源天然城 温馨小2室 诚心出售！！', '天然城  ', '高楼层(共7层)板楼  -  富力', '140万', '单价17086元/平米')
('https://image1.ljcdn.com/130100-inspection/ed71a225-f7f8-419b-bce0-569213a90a9f.jpg.296x216.jpg', '恒大绿洲 4室2厅 210万', '恒大绿洲  ', '中楼层(共32层)板楼  -  东开发区', '210万', '单价13044元/平米')
('', '花香漫城 3室2厅 260万', '花香漫城  ', '低楼层(共18层)板楼  -  天山海世界', '260万', '单价19748元/平米')
('', '恒大绿洲 精装大两室户型方正 交通便利 配套齐全', '恒大绿洲  ', '中楼层(共31层)板楼  -  东开发区', '140万', '单价14433元/平米')
('', '精装大一室，改的两室，客厅挺大的，独立厨卫和卧室', '天山花园  ', '低楼层(共11层)板楼  -  天山海世界', '132万', '单价15704元/平米')
('https://image1.ljcdn.com/130100-inspection/a2379c65-ed61-4566-8764-121ebce1e70f.jpg.296x216.jpg', '东方城 2室2厅 130万', '东方城  ', '高楼层(共6层)板楼  -  天山海世界', '130万', '单价13357元/平米')
('', '恒大绿洲 三室南北通透 97平 个税 户型方正 双湖景观', '恒大绿洲  ', '低楼层(共33层)板楼  -  东开发区', '150万', '单价15464元/平米')
('', '东开发区，天山海世界商圈，三室跃层精装修，联系维护', '金色家园  ', '高楼层(共7层)板楼  -  天山海世界', '240万', '单价12294元/平米')
('https://image1.ljcdn.com/110000-inspection/0ff7bfdf-98a6-42f4-970f-b396e3e406ba.jpg.296x216.jpg', '恒大绿洲，三室两卫，交通便利，采光充足', '恒大绿洲  ', '低楼层(共32层)板楼  -  东开发区', '203万', '单价14957元/平米')
('', '恒大绿洲 小三室 精装修 101平南北通透 中间楼层145万', '恒大绿洲  ', '低楼层(共33层)板楼  -  东开发区', '145万', '单价14357元/平米')
('', '恒大绿洲 4室2厅 230万', '恒大绿洲  ', '高楼层(共32层)板楼  -  东开发区', '230万', '单价14198元/平米')
('https://image1.ljcdn.com/130100-inspection/16ea6a91-1d15-4a78-acdc-eda90ca35f19.jpg.296x216.jpg', '业主诚心出售，满二南向精装两居室，楼间距大采光好', '恒大绿洲  ', '高楼层(共33层)板楼  -  东开发区', '133万', '单价13897元/平米')
('', '恒大绿洲 2室2厅 140万', '恒大绿洲  ', '中楼层(共33层)板楼  -  东开发区', '140万', '单价14433元/平米')
('', '满五年唯一住房，没有大税和个税，节省成本', '天山花园  ', '中楼层(共7层)板楼  -  天山海世界', '145万', '单价15761元/平米')
('https://image1.ljcdn.com/130100-inspection/76e9a037-ae7b-488a-a26b-b65af9553c09.jpg.296x216.jpg', '天然城 学苑路 北国商城往南 优质小区', '天然城  ', '高楼层(共26层)板楼  -  富力', '140万', '单价15238元/平米')
('', '恒大绿洲 3室2厅 160万', '恒大绿洲  ', '中楼层(共31层)板楼  -  东开发区', '160万', '单价15842元/平米')
('', '恒大绿洲 2室2厅 140万', '恒大绿洲  ', '高楼层(共33层)板楼  -  东开发区', '140万', '单价14286元/平米')
('https://image1.ljcdn.com/130100-inspection/495658e7-9c50-4da8-8650-e4676e2c31ed.jpg.296x216.jpg', '一梯两户，多层公摊小，不临街 ，单价1.2万', '花样年华  ', '中楼层(共6层)板楼  -  天山海世界', '180万', '单价12140元/平米')
('', '恒大绿洲精装三室，环境好，交通便利，配套齐全', '恒大绿洲  ', '中楼层(共33层)板楼  -  东开发区', '205万', '单价15299元/平米')
('https://image1.ljcdn.com/130100-inspection/851d0d05-62f8-4074-a3e9-f8fa526cee71.jpg.296x216.jpg', '天山熙湖   跃层两室   毛坯', '天山熙湖  ', '高楼层(共34层)板楼  -  天山海世界', '185万', '单价17453元/平米')
('', '石家庄东开发区恒大绿洲大三室南北通透.新房.', '恒大绿洲  ', '低楼层(共33层)板楼  -  东开发区', '200万', '单价14815元/平米')
('https://image1.ljcdn.com/130100-inspection/63cbad83-6bf9-4b6e-9ebe-8ae548b27394.jpg.296x216.jpg', '卓达星辰金座 3室2厅 213万', '卓达星辰金座  ', '高楼层(共23层)板楼  -  天山海世界', '213万', '单价14859元/平米')
('', '开发区 恒大绿洲 经典小三室 安静舒适 看房提前预约', '恒大绿洲  ', '中楼层(共28层)板楼  -  东开发区', '150万', '单价14852元/平米')
('https://image1.ljcdn.com/130100-inspection/6e801e90-aea9-45de-af86-bf07429158f5.jpg.296x216.jpg', '开发区 恒大绿洲 精装小三室 双湖景观 满二 随时可看', '恒大绿洲  ', '高楼层(共33层)板楼  -  东开发区', '145万', '单价15087元/平米')
('', '花样年华 3室2厅 200万', '花样年华  ', '高楼层(共7层)板楼  -  天山海世界', '200万', '单价15385元/平米')
('https://image1.ljcdn.com/130100-inspection/rsp_pic_uploadcd3b836f-115f-4c32-9f83-6bf8137f9fab.jpg.296x216.jpg', '同祥城眼镜户型三居室 中间楼层，现房', '同祥城  ', '低楼层(共34层)塔楼  -  天山海世界', '165万', '单价15761元/平米')
('', '恒大绿洲 精装修 三室两卫185万 个税 随时看房', '恒大绿洲  ', '高楼层(共33层)板楼  -  东开发区', '185万', '单价13806元/平米')
('', '恒大绿洲，三室一卫，个税160万', '恒大绿洲  ', '低楼层(共33层)板楼  -  东开发区', '160万', '单价14244元/平米')
