('https://image1.ljcdn.com/320500-inspection/test-aba98dd5-ce89-47a1-93b6-e94635269f8e.png.296x216.jpg', '伟业迎春世家 2室2厅 169万', '伟业迎春世家  | 2室2厅 | 93.87平米 | 南 | 其他 | 有电梯', '低楼层(共27层)2013年建板楼  -  太湖新城（吴江）', '169万', '单价18004元/平米')
('https://image1.ljcdn.com/320500-inspection/test-fe3c4562-f27d-479b-99a2-da04647189a5.png.296x216.jpg', '伟业迎春华府 2室2厅 150万', '伟业迎春华府  | 2室2厅 | 89平米 | 南 | 其他 | 有电梯', '低楼层(共18层)2011年建板楼  -  太湖新城（吴江）', '150万', '单价16854元/平米')
('https://image1.ljcdn.com/320500-inspection/450e516e-935e-4dc3-ab43-5c95a5312393.jpg.296x216.jpg', '新湖明珠城米兰苑 3室2厅 225万', '新湖明珠城米兰苑  | 3室2厅 | 121.3平米 | 南 | 精装', '高楼层(共6层)板楼  -  太湖新城（吴江）', '225万', '单价18550元/平米')
('https://image1.ljcdn.com/320500-inspection/252684ef-550f-4828-8141-778d2643eabb.jpg.296x216.jpg', '新湖明珠城望湖苑 2室2厅 163万', '新湖明珠城望湖苑  | 2室2厅 | 89平米 | 南 | 精装 | 有电梯', '中楼层(共23层)2016年建板楼  -  太湖新城（吴江）', '163万', '单价18315元/平米')
('', '苏高新地产天城花园 3室2厅 208万', '苏高新地产天城花园  | 3室2厅 | 139.77平米 | 南 | 其他 | 无电梯', '中楼层(共6层)2015年建板塔结合  -  松陵', '208万', '单价14882元/平米')
('', '景瑞东环之歌 3室2厅 142万', '景瑞东环之歌  | 3室2厅 | 86平米 | 南 | 其他 | 有电梯', '高楼层(共21层)2018年建板楼  -  松陵', '142万', '单价16512元/平米')
('https://image1.ljcdn.com/320500-inspection/test-2652f3c2-33f1-4378-8926-235af7551e25.png.296x216.jpg', '万科碧桂园 4室2厅 173万', '万科碧桂园  | 4室2厅 | 90.89平米 | 南 | 毛坯 | 有电梯', '高楼层(共34层)2018年建板塔结合  -  太湖新城（吴江）', '173万', '单价19034元/平米')
('https://image1.ljcdn.com/320500-inspection/test-a6f020d2-3576-4ff0-894b-70ae1fc5229c.png.296x216.jpg', '伟业迎春世家 3室2厅 190万', '伟业迎春世家  | 3室2厅 | 98.41平米 | 南 | 其他 | 有电梯', '中楼层(共16层)2015年建板楼  -  太湖新城（吴江）', '190万', '单价19307元/平米')
('', '湖滨华城祥瑞苑 3室2厅 186万', '湖滨华城祥瑞苑  | 3室2厅 | 138平米 | 南 | 其他 | 有电梯', '中楼层(共13层)2012年建板楼  -  松陵', '186万', '单价13479元/平米')
('https://image1.ljcdn.com/320500-inspection/test-0b4c5345-4f2a-407e-a7b9-9115d3e42c1d.png.296x216.jpg', '新城招商香溪源 3室2厅 218万', '新城招商香溪源  | 3室2厅 | 108平米 | 南 | 其他 | 有电梯', '中楼层(共11层)2019年建板塔结合  -  太湖新城（吴江）', '218万', '单价20186元/平米')
('', '伟业迎春丽家 2室2厅 133万', '伟业迎春丽家  | 2室2厅 | 80.8平米 | 南 | 其他 | 有电梯', '中楼层(共18层)2015年建板楼  -  太湖新城（吴江）', '133万', '单价16461元/平米')
('https://image1.ljcdn.com/320500-inspection/test-406d8b83-79d4-4753-87e5-7caabe35e590.png.296x216.jpg', '中房颐园 4室2厅 298万', '中房颐园  | 4室2厅 | 143平米 | 南 | 其他 | 有电梯', '低楼层(共18层)板塔结合  -  太湖新城（吴江）', '298万', '单价20840元/平米')
('https://image1.ljcdn.com/320500-inspection/test-05ce11ea-4879-419b-bd5d-a26c7a0d594a.png.296x216.jpg', '苏高新地产天城花园 4室2厅 225万', '苏高新地产天城花园  | 4室2厅 | 141平米 | 南 | 其他 | 有电梯', '高楼层(共24层)2015年建板塔结合  -  松陵', '225万', '单价15958元/平米')
('https://image1.ljcdn.com/320500-inspection/test-c805cb56-25a4-4812-94c8-a81416e85e59.png.296x216.jpg', '梅石小区 3室2厅 165万', '梅石小区  | 3室2厅 | 97平米 | 南 | 其他 | 无电梯', '中楼层(共5层)2006年建板楼  -  松陵', '165万', '单价17011元/平米')
('https://image1.ljcdn.com/320500-inspection/test-b66a26c5-a9b1-4c40-9be5-028f111efb9f.png.296x216.jpg', '新城红树湾 3室2厅 169万', '新城红树湾  | 3室2厅 | 87.5平米 | 南 | 其他 | 有电梯', '中楼层(共34层)2015年建板塔结合  -  太湖新城（吴江）', '169万', '单价19315元/平米')
('', '格林悦城花园 2室1厅 128万', '格林悦城花园  | 2室1厅 | 79平米 | 南 北 | 精装 | 有电梯', '中楼层(共6层)2014年建板楼  -  松陵', '128万', '单价16203元/平米')
('https://image1.ljcdn.com/320500-inspection/test-4932d412-18f3-4906-8167-533d94169e4c.png.296x216.jpg', '新湖明珠城紫桂苑 4室2厅 294万', '新湖明珠城紫桂苑  | 4室2厅 | 170平米 | 南 | 毛坯', '低楼层(共17层)暂无数据  -  太湖新城（吴江）', '294万', '单价17295元/平米')
('https://image1.ljcdn.com/320500-inspection/test-e0d70a24-38de-47b0-8085-85e174e4af46.png.296x216.jpg', '吴江新城吾悦广场 1室1厅 35万', '吴江新城吾悦广场  | 1室1厅 | 39平米 | 西北 | 其他 | 有电梯', '高楼层(共24层)板楼  -  太湖新城（吴江）', '35万', '单价8975元/平米')
('https://image1.ljcdn.com/320500-inspection/test-ba5dd121-81a1-48cc-b186-842fb21ab688.png.296x216.jpg', '新城红树湾 3室2厅 164万', '新城红树湾  | 3室2厅 | 88.31平米 | 南 | 毛坯 | 有电梯', '高楼层(共34层)2015年建板塔结合  -  太湖新城（吴江）', '164万', '单价18571元/平米')
('https://image1.ljcdn.com/320500-inspection/test-c39cce99-cc44-4017-b3b3-97373d816983.png.296x216.jpg', '首开太湖一号 高楼层 视野宽阔 采光通风好 纯毛坯四房', '首开玖珑花园  | 4室2厅 | 147平米 | 南 北 | 毛坯 | 有电梯', '高楼层(共32层)2016年建板楼  -  太湖新城（吴江）', '300万', '单价20409元/平米')
('', '万科碧桂园 4室2厅 210万', '万科碧桂园  | 4室2厅 | 95平米 | 南 | 其他 | 有电梯', '低楼层(共34层)2018年建板塔结合  -  太湖新城（吴江）', '210万', '单价22106元/平米')
('https://image1.ljcdn.com/320500-inspection/test-edf6a771-cc9f-4f2c-ae35-3eb5bad274e2.png.296x216.jpg', '吴越尚院 3室2厅 276万', '吴越尚院  | 3室2厅 | 149.54平米 | 南 北 | 精装 | 有电梯', '中楼层(共16层)2000年建板楼  -  太湖新城（吴江）', '276万', '单价18457元/平米')
('https://image1.ljcdn.com/320500-inspection/test-d7746a26-6067-4559-bb27-5f01b07c1446.png.296x216.jpg', '华润凯旋门 4室2厅 261万', '华润凯旋门  | 4室2厅 | 143平米 | 南 北 | 其他 | 有电梯', '中楼层(共34层)2017年建板楼  -  太湖新城（吴江）', '261万', '单价18252元/平米')
('https://image1.ljcdn.com/320500-inspection/test-b64b73a2-b4d5-4b6d-9c34-565a12d30ab5.png.296x216.jpg', '苏州湾景苑 4室2厅 520万', '苏州湾景苑  | 4室2厅 | 221平米 | 南 北 | 其他 | 有电梯', '中楼层(共37层)板楼  -  太湖新城（吴江）', '520万', '单价23530元/平米')
('https://image1.ljcdn.com/shfdfs-image/20171126/dae33678-e6f2-4cc2-843e-1dda24a41b1a.jpg.296x216.jpg', '新城红树湾 3室2厅 175万', '新城红树湾  | 3室2厅 | 86平米 | 南 | 精装 | 有电梯', '中楼层(共34层)2015年建板塔结合  -  太湖新城（吴江）', '175万', '单价20349元/平米')
('https://image1.ljcdn.com/320500-inspection/test-5bd21da6-6449-413b-a4f4-b23c7b992b38.png.296x216.jpg', '伟业迎春华府 4室2厅 230万', '伟业迎春华府  | 4室2厅 | 128平米 | 南 | 其他 | 无电梯', '中楼层(共6层)2012年建板楼  -  太湖新城（吴江）', '230万', '单价17969元/平米')
('https://image1.ljcdn.com/320500-inspection/test-47c131fa-38f2-4bdf-92bc-dd855b475819.png.296x216.jpg', '首开玖珑花园 3室2厅 245万', '首开玖珑花园  | 3室2厅 | 113平米 | 南 | 其他 | 有电梯', '中楼层(共34层)2016年建板楼  -  太湖新城（吴江）', '245万', '单价21682元/平米')
('https://image1.ljcdn.com/320500-inspection/test-8a802c12-45a5-4fe4-a840-a7b3c981577f.png.296x216.jpg', '新湖明珠城望湖苑 3室2厅 227万', '新湖明珠城望湖苑  | 3室2厅 | 118.15平米 | 南 | 精装 | 有电梯', '高楼层(共23层)2016年建板楼  -  太湖新城（吴江）', '227万', '单价19213元/平米')
('https://image1.ljcdn.com/320500-inspection/test-01a1e76a-05ad-4274-be71-d9ad7bcafe1b.png.296x216.jpg', '亨通长安府 4室2厅 245万', '亨通长安府  | 4室2厅 | 142.88平米 | 南 | 其他', '低楼层(共29层)暂无数据  -  松陵', '245万', '单价17148元/平米')
('https://image1.ljcdn.com/x-se/hdic-frame/56a92bcc-8f1f-40f0-9a6a-677b1454e980.png.280x210.jpg', '新城红树湾 4室2厅 235万', '新城红树湾  | 4室2厅 | 137.22平米 | 南 | 毛坯 | 有电梯', '高楼层(共11层)2016年建板塔结合  -  太湖新城（吴江）', '235万', '单价17126元/平米')
('https://image1.ljcdn.com/320500-inspection/test-6e013bfd-3f4e-4d9a-a736-6c90b1c8a8c3.png.296x216.jpg', '伟业迎春乐家 2室2厅 145万', '伟业迎春乐家  | 2室2厅 | 83平米 | 南 | 精装 | 无电梯', '高楼层(共6层)2016年建板楼  -  太湖新城（吴江）', '145万', '单价17470元/平米')
('https://image1.ljcdn.com/320500-inspection/test-33a9d91e-9a57-4acc-bff6-bd7b27f45d33.png.296x216.jpg', '苏州湾景苑 4室2厅 360万', '苏州湾景苑  | 4室2厅 | 178平米 | 南 | 其他 | 有电梯', '低楼层(共31层)板塔结合  -  太湖新城（吴江）', '360万', '单价20225元/平米')
('', '伟业迎春丽家 3室2厅 143万', '伟业迎春丽家  | 3室2厅 | 89.5平米 | 南 北 | 其他 | 有电梯', '低楼层(共18层)2015年建板楼  -  太湖新城（吴江）', '143万', '单价15978元/平米')
('https://image1.ljcdn.com/320500-inspection/test-34032584-27f8-4fbb-87d1-762b00382ad1.png.296x216.jpg', '新城红树湾 3室2厅 170万', '新城红树湾  | 3室2厅 | 86平米 | 南 | 其他 | 有电梯', '中楼层(共34层)2015年建板塔结合  -  太湖新城（吴江）', '170万', '单价19768元/平米')
('https://image1.ljcdn.com/shfdfs-image/20161207/a186c2a5-7c49-4e71-abb6-75d850a3d467.jpg.296x216.jpg', '伟业迎春华府 1室1厅 74万', '伟业迎春华府  | 1室1厅 | 40平米 | 暂无数据 | 精装 | 有电梯', '低楼层(共18层)2013年建板楼  -  太湖新城（吴江）', '74万', '单价18500元/平米')
('', '伟业迎春丽家 3室2厅 164万', '伟业迎春丽家  | 3室2厅 | 100平米 | 暂无数据 | 毛坯 | 有电梯', '高楼层(共12层)2015年建板楼  -  太湖新城（吴江）', '164万', '单价16400元/平米')
('https://image1.ljcdn.com/320500-inspection/test-5e3f0d22-5fa2-423f-8d2a-49f21240d025.png.296x216.jpg', '伟业迎春世家 2室2厅 128万', '伟业迎春世家  | 2室2厅 | 82.5平米 | 南 | 其他 | 有电梯', '高楼层(共18层)2015年建板楼  -  太湖新城（吴江）', '128万', '单价15516元/平米')
('https://image1.ljcdn.com/shfdfs-image/20170724/08c40cb5-ea5a-4d36-b520-f9bd7f24532f.jpg.296x216.jpg', '亨通长安府 4室2厅 220万', '亨通长安府  | 4室2厅 | 143平米 | 南 | 毛坯 | 有电梯', '高楼层(共21层)板塔结合  -  松陵', '220万', '单价15385元/平米')
('https://image1.ljcdn.com/x-se/hdic-frame/6c0a7985-5645-48a9-9cff-a0d092b24f4a.png.280x210.jpg', '新城红树湾 2室2厅 143万', '新城红树湾  | 2室2厅 | 77平米 | 南 | 其他 | 有电梯', '高楼层(共34层)2015年建板塔结合  -  太湖新城（吴江）', '143万', '单价18572元/平米')
('https://image1.ljcdn.com/320500-inspection/test-999dd141-429d-4261-8fe3-7df82edab69f.png.296x216.jpg', '伟业迎春世家 2室2厅 150万', '伟业迎春世家  | 2室2厅 | 87.62平米 | 南 | 其他 | 有电梯', '中楼层(共27层)2015年建板楼  -  太湖新城（吴江）', '150万', '单价17120元/平米')
('https://image1.ljcdn.com/320500-inspection/test-c966b7fc-d8fe-48ae-b6b7-bf39b4827afd.png.296x216.jpg', '吾悦广场精装公寓 带家具家电 拎包入住', '吴江新城吾悦广场  | 1室1厅 | 38.06平米 | 东 | 其他 | 有电梯', '中楼层(共16层)板楼  -  太湖新城（吴江）', '38万', '单价9985元/平米')
('https://image1.ljcdn.com/320500-inspection/test-0be5b287-17b2-4820-a477-392a50caba59.png.296x216.jpg', '伟业迎春乐家 2室2厅 132万', '伟业迎春乐家  | 2室2厅 | 71.4平米 | 南 | 精装 | 无电梯', '中楼层(共18层)2016年建板楼  -  太湖新城（吴江）', '132万', '单价18488元/平米')
('', '云玺湖滨商务广场 3室2厅 513万', '云玺湖滨商务广场  | 3室2厅 | 212.23平米 | 南 北 | 其他', '中楼层(共26层)暂无数据  -  太湖新城（吴江）', '513万', '单价24172元/平米')
('https://image1.ljcdn.com/320500-inspection/test-db1e0f63-1080-4e91-8e1a-cdbc876352de.png.296x216.jpg', '中房颐园 3室2厅 270万', '中房颐园  | 3室2厅 | 129.56平米 | 南 北 | 其他 | 有电梯', '低楼层(共26层)板楼  -  太湖新城（吴江）', '270万', '单价20840元/平米')
('https://image1.ljcdn.com/320500-inspection/test-534518a1-221b-4b82-9559-5ecaf5e64fe5.png.296x216.jpg', '伟业迎春乐家 3室2厅 206万', '伟业迎春乐家  | 3室2厅 | 108平米 | 南 | 其他 | 有电梯', '高楼层(共18层)2016年建板楼  -  太湖新城（吴江）', '206万', '单价19075元/平米')
('https://image1.ljcdn.com/320500-inspection/test-2e9bc9bd-f155-4be6-88ff-6e34bb40b9ab.png.296x216.jpg', '丽湾国际 3室2厅 202万', '丽湾国际  | 3室2厅 | 138平米 | 南 北 | 简装 | 有电梯', '高楼层(共25层)2008年建板楼  -  太湖新城（吴江）', '202万', '单价14638元/平米')
('https://image1.ljcdn.com/x-se/hdic-frame/20e8a6c6-957b-46ba-a01c-b6a1d385d997.png.280x210.jpg', '新城红树湾 3室2厅 165万', '新城红树湾  | 3室2厅 | 85平米 | 南 | 其他 | 有电梯', '低楼层(共34层)2015年建板塔结合  -  太湖新城（吴江）', '165万', '单价19412元/平米')
('https://image1.ljcdn.com/320500-inspection/test-99efcda4-725b-4b79-9bc0-8bb499fc6df6.png.296x216.jpg', '首开玖珑花园 3室2厅 176万', '首开玖珑花园  | 3室2厅 | 94.02平米 | 南 | 其他 | 有电梯', '中楼层(共34层)2016年建板塔结合  -  太湖新城（吴江）', '176万', '单价18720元/平米')
('https://image1.ljcdn.com/320500-inspection/test-c6ca4836-4cae-4731-86f6-352d2adc7bbc.png.296x216.jpg', '吴越尚院 3室2厅 215万', '吴越尚院  | 3室2厅 | 120平米 | 南 | 其他 | 无电梯', '低楼层(共6层)2000年建板楼  -  太湖新城（吴江）', '215万', '单价17917元/平米')
('https://image1.ljcdn.com/320500-inspection/test-e092c6fa-33ba-4500-b485-eeb84fbcd2c7.png.296x216.jpg', '伟业迎春华府 3室2厅 156万', '伟业迎春华府  | 3室2厅 | 87平米 | 南 北 | 其他 | 有电梯', '中楼层(共18层)2012年建板楼  -  太湖新城（吴江）', '156万', '单价17932元/平米')
('https://image1.ljcdn.com/x-se/hdic-frame/39df3d03-f90f-4b1d-b787-b87c6d1c23f0.png.280x210.jpg', '新城红树湾 2室2厅 150万', '新城红树湾  | 2室2厅 | 75.92平米 | 南 | 毛坯 | 有电梯', '中楼层(共32层)2016年建板塔结合  -  太湖新城（吴江）', '150万', '单价19758元/平米')
('https://image1.ljcdn.com/x-se/hdic-frame/4896240c-0d1c-4ffb-a5fe-e3fd82b378e2.png.280x210.jpg', '伟业迎春华府 4室2厅 180万', '伟业迎春华府  | 4室2厅 | 129平米 | 南 | 毛坯 | 有电梯', '低楼层(共18层)2013年建板楼  -  太湖新城（吴江）', '180万', '单价13954元/平米')
('https://image1.ljcdn.com/320500-inspection/test-581115d3-1fcd-4b43-aa91-4ea39214d184.png.296x216.jpg', '朗诗太湖绿郡 4室2厅 325万', '朗诗太湖绿郡  | 4室2厅 | 142平米 | 南 北 | 其他 | 无电梯', '低楼层(共7层)2016年建板楼  -  松陵', '325万', '单价22888元/平米')
('https://image1.ljcdn.com/320500-inspection/test-bebc9864-7687-4a57-95a5-bbc7cead231a.png.296x216.jpg', '新城红树湾 3室2厅 185万', '新城红树湾  | 3室2厅 | 90.32平米 | 南 北 | 精装 | 有电梯', '高楼层(共9层)2016年建板塔结合  -  太湖新城（吴江）', '185万', '单价20483元/平米')
('https://image1.ljcdn.com/320500-inspection/test-34e5e60b-5700-4d4c-bb08-0764980cf6c3.png.296x216.jpg', '伟业迎春乐家 2室2厅 150万', '伟业迎春乐家  | 2室2厅 | 88平米 | 南 | 精装 | 有电梯', '高楼层(共18层)2015年建板楼  -  太湖新城（吴江）', '150万', '单价17046元/平米')
('', '湖滨华城幸福苑 1室1厅 90万', '湖滨华城幸福苑  | 1室1厅 | 58.88平米 | 南 | 其他 | 有电梯', '低楼层(共11层)2012年建板楼  -  松陵', '90万', '单价15286元/平米')
('https://image1.ljcdn.com/x-se/hdic-frame/b0290564-5abe-44ab-b580-a320a91624ab.png.280x210.jpg', '伟业迎春华府 4室2厅 208万', '伟业迎春华府  | 4室2厅 | 129.95平米 | 南 | 毛坯 | 有电梯', '高楼层(共18层)2012年建板楼  -  太湖新城（吴江）', '208万', '单价16007元/平米')
('https://image1.ljcdn.com/shfdfs-image/20170715/d56f8a13-906b-4cbd-a411-8706248e9536.jpg.296x216.jpg', '伟业迎春乐家 3室2厅 164万', '伟业迎春乐家  | 3室2厅 | 95平米 | 暂无数据 | 精装 | 有电梯', '高楼层(共18层)2016年建板楼  -  太湖新城（吴江）', '164万', '单价17264元/平米')
('https://image1.ljcdn.com/320500-inspection/test-6438cafd-9aed-4cd1-9d10-29158c9aed39.png.296x216.jpg', '伟业迎春乐家 2室2厅 134万', '伟业迎春乐家  | 2室2厅 | 71.2平米 | 南 | 精装 | 无电梯', '高楼层(共18层)2016年建板楼  -  太湖新城（吴江）', '134万', '单价18821元/平米')
('https://image1.ljcdn.com/320500-inspection/10e99aca-befb-48b8-9980-943889e8e7d9.jpg.296x216.jpg', '乐家 精装俩房 俩房朝南 采光好 诚心出售', '伟业迎春乐家  | 2室2厅 | 87.01平米 | 南 | 精装 | 有电梯', '低楼层(共18层)2016年建板楼  -  太湖新城（吴江）', '145万', '单价16665元/平米')
('https://image1.ljcdn.com/320500-inspection/test-6193c59a-b816-4472-862e-78f4c159d3b6.png.296x216.jpg', '苏州湾景苑 3室2厅 380万', '苏州湾景苑  | 3室2厅 | 188平米 | 南 | 其他 | 有电梯', '低楼层(共30层)板塔结合  -  太湖新城（吴江）', '380万', '单价20213元/平米')
('', '吴越祥院 3室2厅 360万', '吴越祥院  | 3室2厅 | 217平米 | 暂无数据 | 精装 | 有电梯', '低楼层(共16层)2011年建板楼  -  太湖新城（吴江）', '360万', '单价16590元/平米')
('https://image1.ljcdn.com/320500-inspection/test-5d675c04-05e9-4a9b-8707-6618087818ab.png.296x216.jpg', '吴江上海城 3室2厅 179万', '吴江上海城  | 3室2厅 | 133.8平米 | 南 北 | 其他 | 有电梯', '低楼层(共18层)2000年建板楼  -  太湖新城（吴江）', '179万', '单价13379元/平米')
('https://image1.ljcdn.com/shfdfs-image/20170214/a86abb5f-d9c7-4e27-824e-e2d089e9935b.jpg.296x216.jpg', '伟业迎春华府 4室2厅 225万', '伟业迎春华府  | 4室2厅 | 141.9平米 | 暂无数据 | 毛坯 | 有电梯', '中楼层(共18层)2011年建板楼  -  太湖新城（吴江）', '225万', '单价15857元/平米')
('https://image1.ljcdn.com/320500-inspection/01c44cd0-9607-4fa8-bda8-8b19922fddc0.jpg.296x216.jpg', '新湖明珠城望湖苑 2室2厅 160万', '新湖明珠城望湖苑  | 2室2厅 | 90.64平米 | 南 | 简装 | 有电梯', '低楼层(共20层)2016年建板楼  -  太湖新城（吴江）', '160万', '单价17653元/平米')
('https://image1.ljcdn.com/x-se/hdic-frame/6c0a7985-5645-48a9-9cff-a0d092b24f4a.png.280x210.jpg', '新城红树湾 2室2厅 138万', '新城红树湾  | 2室2厅 | 77平米 | 南 | 其他 | 有电梯', '低楼层(共34层)2015年建板塔结合  -  太湖新城（吴江）', '138万', '单价17923元/平米')
('', '阳光嘉园 4室3厅 156万', '阳光嘉园  | 4室3厅 | 151平米 | 南 | 精装 | 无电梯', '高楼层(共6层)2006年建板楼  -  松陵', '156万', '单价10332元/平米')
('https://image1.ljcdn.com/shfdfs-image/20170928/f04c91fe-c8ed-4a11-805c-a7d918d1f2b6.jpg.296x216.jpg', '伟业迎春世家 3室2厅 150万', '伟业迎春世家  | 3室2厅 | 88平米 | 南 | 其他 | 有电梯', '低楼层(共16层)2015年建板楼  -  太湖新城（吴江）', '150万', '单价17046元/平米')
('https://image1.ljcdn.com/shfdfs-image/20180109/f5effab5-9779-4b71-a1ae-ed5e13d9e32c.jpg.296x216.jpg', '丽湾国际 3室2厅 215万', '丽湾国际  | 3室2厅 | 141平米 | 南 | 精装 | 有电梯', '高楼层(共31层)2008年建板楼  -  太湖新城（吴江）', '215万', '单价15249元/平米')
('https://image1.ljcdn.com/320500-inspection/test-802b6acf-ac0c-4953-bb9c-beec91ef4f41.png.296x216.jpg', '红树湾精装小三房，房东诚心出售，楼层高，视野开阔', '新城红树湾  | 3室2厅 | 85平米 | 南 | 精装 | 有电梯', '中楼层(共34层)2016年建板塔结合  -  太湖新城（吴江）', '174万', '单价20471元/平米')
('https://image1.ljcdn.com/320500-inspection/b397c4ff-ae15-4968-b63e-63a5729c0aa3.jpg.296x216.jpg', '伟业迎春乐家 2室1厅 112万', '伟业迎春乐家  | 2室1厅 | 62.95平米 | 南 | 简装 | 有电梯', '低楼层(共18层)2014年建板楼  -  太湖新城（吴江）', '112万', '单价17792元/平米')
('https://image1.ljcdn.com/320500-inspection/test-e34e5381-0c90-40bd-b774-4d0b50f03ca1.png.296x216.jpg', '首开玖珑花园 4室2厅 320万', '首开玖珑花园  | 4室2厅 | 147平米 | 南 | 毛坯 | 有电梯', '高楼层(共32层)2016年建板楼  -  太湖新城（吴江）', '320万', '单价21769元/平米')
('https://image1.ljcdn.com/320500-inspection/91046fdc-921f-4435-a8e8-25b7d7fbb99b.jpg_620x10000q90g.jpg.296x216.jpg', '丽湾国际 5室2厅 305万', '丽湾国际  | 5室2厅 | 220平米 | 暂无数据 | 毛坯 | 有电梯', '高楼层(共29层)2008年建板楼  -  太湖新城（吴江）', '305万', '单价13864元/平米')
('https://image1.ljcdn.com/320500-inspection/test-5da87807-0c9b-4931-a592-a954a376f851.png.296x216.jpg', '阳光嘉园 2室2厅 126万', '阳光嘉园  | 2室2厅 | 87平米 | 南 | 其他 | 无电梯', '高楼层(共6层)2006年建板楼  -  松陵', '126万', '单价14483元/平米')
('https://image1.ljcdn.com/320500-inspection/2fae9b0d-c644-4eaa-953d-1aa4d85b43cf.jpg.296x216.jpg', '全屋地暖 中 央空调 精装三房 182万家具家电全留 可谈', '海亮长桥府  | 3室2厅 | 94.6平米 | 南 | 精装 | 有电梯', '低楼层(共27层)2015年建板楼  -  太湖新城（吴江）', '182万', '单价19239元/平米')
('https://image1.ljcdn.com/320500-inspection/test-bd194ae2-10b3-48af-82d3-95bd6f26631d.png.296x216.jpg', '新湖明珠城紫桂苑 2室2厅 160万', '新湖明珠城紫桂苑  | 2室2厅 | 87平米 | 南 | 毛坯 | 有电梯', '低楼层(共18层)2016年建板塔结合  -  太湖新城（吴江）', '160万', '单价18391元/平米')
('https://image1.ljcdn.com/320500-inspection/test-85a54616-134c-4d76-94b5-dfdb871eb677.png.296x216.jpg', '吴越尚院 4室2厅 300万', '吴越尚院  | 4室2厅 | 155平米 | 西南 | 其他 | 有电梯', '低楼层(共18层)2000年建板楼  -  太湖新城（吴江）', '300万', '单价19355元/平米')
('https://image1.ljcdn.com/320500-inspection/test-976584bb-bd4d-4d0f-8652-c9dab11e1bff.png.296x216.jpg', '蓝光天悦城 4室2厅 270万', '蓝光天悦城  | 4室2厅 | 118.41平米 | 南 北 | 其他 | 有电梯', '中楼层(共33层)2018年建板楼  -  太湖新城（吴江）', '270万', '单价22803元/平米')
('https://image1.ljcdn.com/x-se/hdic-frame/c9a5d66f-a318-4da8-991c-3a279834bd28.png.280x210.jpg', '伟业迎春华府 2室2厅 140万', '伟业迎春华府  | 2室2厅 | 83.5平米 | 南 | 其他 | 有电梯', '低楼层(共18层)2012年建板楼  -  太湖新城（吴江）', '140万', '单价16767元/平米')
('https://image1.ljcdn.com/320500-inspection/test-9a79f7ef-c530-4099-9eca-26b93df7e1b0.png.296x216.jpg', '海亮长桥府 精装两房 现代简约风格', '海亮长桥府  | 2室2厅 | 85.2平米 | 南 | 精装 | 有电梯', '高楼层(共26层)2015年建板塔结合  -  太湖新城（吴江）', '155万', '单价18193元/平米')
('https://image1.ljcdn.com/320500-inspection/test-40b8716f-a9fc-49f9-9441-05b64bf0e645.png.296x216.jpg', '海亮长桥府 4室2厅 203万', '海亮长桥府  | 4室2厅 | 123.51平米 | 南 北 | 毛坯 | 有电梯', '中楼层(共26层)板塔结合  -  太湖新城（吴江）', '203万', '单价16436元/平米')
('https://image1.ljcdn.com/320500-inspection/test-2229e815-02de-445a-bb03-8b85b296c450.png.296x216.jpg', '新湖明珠城望湖苑 3室2厅 210万', '新湖明珠城望湖苑  | 3室2厅 | 122平米 | 南 | 其他 | 有电梯', '中楼层(共23层)2016年建板楼  -  太湖新城（吴江）', '210万', '单价17214元/平米')
('https://image1.ljcdn.com/320500-inspection/a4273b59-e9e3-4cd2-96d3-64fa226af023.jpg.296x216.jpg', '稀 缺的花园洋房   83平 通透2房2厅 有钥匙', '伟业迎春乐家  | 2室2厅 | 83平米 | 南 | 毛坯 | 无电梯', '低楼层(共6层)2016年建板楼  -  太湖新城（吴江）', '153万', '单价18434元/平米')
('', '丽湾国际 3室2厅 220万', '丽湾国际  | 3室2厅 | 133.6平米 | 南 | 精装 | 有电梯', '高楼层(共10层)2008年建板楼  -  太湖新城（吴江）', '220万', '单价16468元/平米')
('https://image1.ljcdn.com/320500-inspection/395076e7-35bd-47f7-a925-b0331333d092.jpg.296x216.jpg', '朗诗太湖绿郡 4室2厅 325万', '朗诗太湖绿郡  | 4室2厅 | 140平米 | 南 | 其他 | 无电梯', '低楼层(共7层)2016年建板塔结合  -  松陵', '325万', '单价23215元/平米')
('https://image1.ljcdn.com/320500-inspection/test-4f5d4df9-9f26-44d5-9a89-42120bbf6fdd.png.296x216.jpg', '吴江上海城 6室2厅 320万', '吴江上海城  | 6室2厅 | 245平米 | 南 | 精装 | 有电梯', '高楼层(共12层)2000年建板楼  -  太湖新城（吴江）', '320万', '单价13062元/平米')
('https://image1.ljcdn.com/320500-inspection/test-6e715cf5-8c3c-40be-96e8-8a162d6832ef.png.296x216.jpg', '伟业迎春乐家 2室1厅 119万', '伟业迎春乐家  | 2室1厅 | 61.7平米 | 南 | 其他 | 有电梯', '低楼层(共18层)2016年建板楼  -  太湖新城（吴江）', '119万', '单价19287元/平米')
('https://image1.ljcdn.com/320500-inspection/test-ea8a6e39-47b9-45cf-8694-22149d78dc32.png.296x216.jpg', '海亮长桥府 4室2厅 256万', '海亮长桥府  | 4室2厅 | 139平米 | 南 | 毛坯 | 无电梯', '高楼层(共6层)2019年建板楼  -  太湖新城（吴江）', '256万', '单价18418元/平米')
('https://image1.ljcdn.com/x-se/hdic-frame/24574542-5783-4604-aec0-cccfddcb9298.png.280x210.jpg', '伟业迎春华府 4室2厅 205万', '伟业迎春华府  | 4室2厅 | 141平米 | 暂无数据 | 毛坯 | 有电梯', '低楼层(共18层)2011年建板楼  -  太湖新城（吴江）', '205万', '单价14540元/平米')
('https://image1.ljcdn.com/320500-inspection/test-2c5f43f0-4b9c-4c35-ba0c-88e63383cb67.png.296x216.jpg', '首开玖珑花园 4室2厅 285万', '首开玖珑花园  | 4室2厅 | 134.8平米 | 南 | 毛坯 | 有电梯', '中楼层(共34层)2016年建板楼  -  太湖新城（吴江）', '285万', '单价21143元/平米')
('https://image1.ljcdn.com/320500-inspection/test-69eaceee-f262-47e9-b116-3dfaf273b9b0.png.296x216.jpg', '新湖明珠城望湖苑 3室2厅 186万', '新湖明珠城望湖苑  | 3室2厅 | 106平米 | 南 | 精装 | 有电梯', '低楼层(共24层)2016年建板楼  -  太湖新城（吴江）', '186万', '单价17548元/平米')
('https://image1.ljcdn.com/320500-inspection/test-5cdaf093-e6dd-4983-8af3-896b9cdb809b.png.296x216.jpg', '新上房源 伟业华府 精装修两房 满两年 中上楼层', '伟业迎春华府  | 2室2厅 | 89.47平米 | 南 北 | 精装 | 有电梯', '高楼层(共18层)2012年建板楼  -  太湖新城（吴江）', '152万', '单价16989元/平米')
('https://image1.ljcdn.com/320500-inspection/121263ca-0047-4177-8daf-d2a8429734fa.jpg.296x216.jpg', '伟业迎春华府 3室2厅 168万', '伟业迎春华府  | 3室2厅 | 90平米 | 南 | 精装 | 无电梯', '低楼层(共5层)2012年建板楼  -  太湖新城（吴江）', '168万', '单价18667元/平米')
('', '新湖明珠城望湖苑，139平米，312万，带车位', '新湖明珠城望湖苑  | 3室2厅 | 139平米 | 南 | 精装 | 有电梯', '高楼层(共23层)2016年建板楼  -  太湖新城（吴江）', '292万', '单价21008元/平米')
('https://image1.ljcdn.com/320500-inspection/rsp_pic_upload252a08e7-3a67-412c-ba17-51d692e42790.jpg.296x216.jpg', '伟业迎春华府 4室2厅 172万', '伟业迎春华府  | 4室2厅 | 108平米 | 南 | 简装 | 有电梯', '低楼层(共18层)2012年建板楼  -  太湖新城（吴江）', '172万', '单价15926元/平米')
('https://image1.ljcdn.com/320500-inspection/test-6c6f4a72-4304-4d96-807c-2c1e23da5894.png.296x216.jpg', '首开玖珑花园 3室2厅 195万', '首开玖珑花园  | 3室2厅 | 94.03平米 | 南 | 精装 | 有电梯', '高楼层(共34层)2016年建板楼  -  太湖新城（吴江）', '195万', '单价20739元/平米')
('https://image1.ljcdn.com/320500-inspection/test-56a57aa9-c0e6-4998-9931-06d3714437e1.png.296x216.jpg', '伟业迎春世家 2室2厅 158万', '伟业迎春世家  | 2室2厅 | 89平米 | 南 | 其他 | 有电梯', '中楼层(共26层)2015年建板楼  -  太湖新城（吴江）', '158万', '单价17753元/平米')
('https://image1.ljcdn.com/320500-inspection/test-53aabe85-7fe5-4190-b723-e1bce0cb6a42.png.296x216.jpg', '新湖明珠城罗马苑 3室2厅 175万', '新湖明珠城罗马苑  | 3室2厅 | 90.5平米 | 南 | 其他 | 无电梯', '中楼层(共5层)2016年建板楼  -  太湖新城（吴江）', '175万', '单价19338元/平米')
('https://image1.ljcdn.com/320500-inspection/test-f7406626-051b-4779-9d4d-5492ded8e6fe.png.296x216.jpg', '奥林清华 4室2厅 282万', '奥林清华  | 4室2厅 | 160平米 | 南 | 精装', '低楼层(共33层)暂无数据  -  松陵', '282万', '单价17625元/平米')
('', '伟业迎春华府 3室2厅 182万', '伟业迎春华府  | 3室2厅 | 89平米 | 暂无数据 | 简装 | 无电梯', '中楼层(共6层)2012年建板楼  -  太湖新城（吴江）', '182万', '单价20450元/平米')
('https://image1.ljcdn.com/320500-inspection/820280fb-e0f0-4a44-90f8-4ff6ea78a783.jpg.296x216.jpg', '新城红树湾 3室2厅 172万', '新城红树湾  | 3室2厅 | 87.46平米 | 南 | 其他 | 有电梯', '低楼层(共33层)2015年建板塔结合  -  太湖新城（吴江）', '172万', '单价19667元/平米')
('https://image1.ljcdn.com/320500-inspection/test-dc84274f-97aa-42e2-b88a-8a2768537e43.png.296x216.jpg', '蓝光天悦城 4室2厅 222万', '蓝光天悦城  | 4室2厅 | 117.89平米 | 南 北 | 其他 | 有电梯', '低楼层(共33层)2016年建板楼  -  太湖新城（吴江）', '222万', '单价18832元/平米')
('https://image1.ljcdn.com/320500-inspection/a9b7a3b0-c14d-44cd-a123-7888d0e85531.jpg.296x216.jpg', '新城吾悦花园 4室2厅 320万', '新城吾悦花园  | 4室2厅 | 169.98平米 | 南 | 毛坯', '低楼层(共33层)暂无数据  -  太湖新城（吴江）', '320万', '单价18826元/平米')
('https://image1.ljcdn.com/320500-inspection/test-d9da3f20-416d-487a-8080-4f5b4cd2ddad.png.296x216.jpg', '伟业迎春华府 精装自住正四房 小洋楼 满两年', '伟业迎春华府  | 4室2厅 | 140.23平米 | 南 | 其他 | 无电梯', '低楼层(共6层)2012年建板楼  -  太湖新城（吴江）', '225万', '单价16046元/平米')
('https://image1.ljcdn.com/320500-inspection/test-604749f0-b182-48cb-80f2-f4f484058ea0.png.296x216.jpg', '奥林清华 4室2厅 310万', '奥林清华  | 4室2厅 | 186平米 | 暂无数据 | 精装 | 有电梯', '低楼层(共34层)2006年建板塔结合  -  松陵', '310万', '单价16667元/平米')
('https://image1.ljcdn.com/320500-inspection/test-55e7368e-0698-4752-8b62-7a19016f7d37.png.296x216.jpg', '苏州湾景苑 3室2厅 355万', '苏州湾景苑  | 3室2厅 | 178平米 | 南 | 毛坯 | 有电梯', '中楼层(共31层)板塔结合  -  太湖新城（吴江）', '355万', '单价19944元/平米')
('https://image1.ljcdn.com/320500-inspection/test-14b3b529-68bb-4a80-b13a-e73134ba030a.png.296x216.jpg', '中房颐园 4室2厅 310万', '中房颐园  | 4室2厅 | 143平米 | 南 | 其他 | 有电梯', '低楼层(共26层)板楼  -  太湖新城（吴江）', '310万', '单价21679元/平米')
('https://image1.ljcdn.com/320500-inspection/test-52a48b48-473c-4561-9c4c-a5b7cbb9a226.png.296x216.jpg', '伟业迎春乐家 3室2厅 176万', '伟业迎春乐家  | 3室2厅 | 108平米 | 南 | 毛坯 | 有电梯', '高楼层(共18层)2015年建板楼  -  太湖新城（吴江）', '176万', '单价16297元/平米')
('https://image1.ljcdn.com/320500-inspection/test-ebfeaea4-4edc-4d07-a4ee-f5e354c154a7.png.296x216.jpg', '新湖明珠城聆湖苑 4室2厅 330万', '新湖明珠城聆湖苑  | 4室2厅 | 181.66平米 | 南 | 毛坯 | 有电梯', '高楼层(共31层)2016年建板楼  -  太湖新城（吴江）', '330万', '单价18166元/平米')
('', '伟业迎春华府 3室2厅 169万', '伟业迎春华府  | 3室2厅 | 93.5平米 | 暂无数据 | 精装 | 有电梯', '中楼层(共11层)2012年建板楼  -  太湖新城（吴江）', '169万', '单价18075元/平米')
('https://image1.ljcdn.com/320500-inspection/test-c0cf5461-0c74-4826-8dd5-8004b1235d93.png.296x216.jpg', '首开玖珑花园 2室2厅 205万', '首开玖珑花园  | 2室2厅 | 92.09平米 | 南 | 其他 | 有电梯', '高楼层(共32层)2016年建板楼  -  太湖新城（吴江）', '205万', '单价22261元/平米')
('https://image1.ljcdn.com/320500-inspection/test-c3a12e40-c657-47f1-bfda-d54680721e32.png.296x216.jpg', '海亮长桥府 4室2厅 230万', '海亮长桥府  | 4室2厅 | 124平米 | 南 西南 | 其他 | 有电梯', '中楼层(共27层)2015年建板楼  -  太湖新城（吴江）', '230万', '单价18549元/平米')
('https://image1.ljcdn.com/320500-inspection/test-2292ca38-407d-48ca-bf9c-9f5c00a81f51.png.296x216.jpg', '新湖明珠城望湖苑 2室2厅 160万', '新湖明珠城望湖苑  | 2室2厅 | 92平米 | 南 | 其他 | 有电梯', '低楼层(共24层)2016年建板楼  -  太湖新城（吴江）', '160万', '单价17392元/平米')
('https://image1.ljcdn.com/320500-inspection/test-8097f097-d6c4-46fd-a53b-d079e406e0d4.png.296x216.jpg', '新城吾悦花园 4室2厅 358万', '新城吾悦花园  | 4室2厅 | 170平米 | 南 北 | 毛坯', '高楼层(共15层)暂无数据  -  太湖新城（吴江）', '358万', '单价21059元/平米')
('https://image1.ljcdn.com/x-se/hdic-frame/ac9fb0e1-7a2d-4fdb-817b-912bda9ed22c.png.280x210.jpg', '伟业迎春丽家 3室2厅 160万', '伟业迎春丽家  | 3室2厅 | 99.8平米 | 南 | 精装 | 有电梯', '高楼层(共18层)2015年建板楼  -  太湖新城（吴江）', '160万', '单价16033元/平米')
('https://image1.ljcdn.com/320500-inspection/23898adc-27f4-4e3a-a646-24a5288ec2be.jpg.296x216.jpg', '绿地太湖城 5室2厅 550万', '绿地太湖城  | 5室2厅 | 283平米 | 南 | 毛坯 | 有电梯', '低楼层(共30层)2015年建板楼  -  太湖新城（吴江）', '550万', '单价19435元/平米')
('https://image1.ljcdn.com/320500-inspection/test-cf0e302b-98d3-4e8b-a378-ff678b873b1c.png.296x216.jpg', '海亮长桥府 4室2厅 240万', '海亮长桥府  | 4室2厅 | 124平米 | 南 | 其他 | 有电梯', '低楼层(共21层)平房  -  太湖新城（吴江）', '240万', '单价19355元/平米')
('https://image1.ljcdn.com/320500-inspection/test-b80d5f5b-b69f-4ee8-9c93-5de0745ffc6f.png.296x216.jpg', '新湖明珠城望湖苑 2室2厅 174万', '新湖明珠城望湖苑  | 2室2厅 | 93平米 | 南 | 其他 | 有电梯', '高楼层(共20层)2016年建板楼  -  太湖新城（吴江）', '174万', '单价18710元/平米')
('https://image1.ljcdn.com/320500-inspection/test-a4a1b081-7a05-47b4-afce-8901740a7406.png.296x216.jpg', '首开玖珑花园 4室2厅 286万', '首开玖珑花园  | 4室2厅 | 147平米 | 南 | 其他 | 有电梯', '低楼层(共32层)2016年建板楼  -  太湖新城（吴江）', '286万', '单价19456元/平米')
('https://image1.ljcdn.com/320500-inspection/test-63d010c4-ee44-4c4c-9f28-1609a64fde17.png.296x216.jpg', '吴江太湖新城板块蓝光天悦城精装三室景观楼层随时看', '蓝光天悦城  | 3室2厅 | 106.49平米 | 南 | 精装 | 无电梯', '中楼层(共33层)板楼  -  太湖新城（吴江）', '225万', '单价21129元/平米')
('', '绿地太湖城 3室2厅 255万', '绿地太湖城  | 3室2厅 | 124平米 | 南 | 毛坯 | 有电梯', '高楼层(共33层)2015年建板楼  -  太湖新城（吴江）', '255万', '单价20565元/平米')
('https://image1.ljcdn.com/320500-inspection/test-78954d29-b0d0-490f-8c54-20546b9ae808.png.296x216.jpg', '苏州湾景苑 2室2厅 220万', '苏州湾景苑  | 2室2厅 | 101平米 | 南 | 其他 | 有电梯', '中楼层(共31层)2018年建板楼  -  太湖新城（吴江）', '220万', '单价21783元/平米')
('https://image1.ljcdn.com/320500-inspection/test-fc67b94a-2365-43bd-9d91-8ae5588fbfe6.png.296x216.jpg', '奥林运河湾 3室2厅 177万', '奥林运河湾  | 3室2厅 | 103.2平米 | 南 | 其他 | 无电梯', '中楼层(共6层)2015年建板楼  -  松陵', '177万', '单价17152元/平米')
('https://image1.ljcdn.com/320500-inspection/test-1f6c3fa8-5008-4b7d-bb8c-efc8ab041707.png.296x216.jpg', '新城红树湾 3室2厅 180万', '新城红树湾  | 3室2厅 | 90平米 | 南 | 其他 | 有电梯', '低楼层(共11层)2016年建板塔结合  -  太湖新城（吴江）', '180万', '单价20000元/平米')
('https://image1.ljcdn.com/x-se/hdic-frame/1bde34bd-48a7-441f-8c4f-abb84b962d1f.png.280x210.jpg', '伟业迎春华府 4室2厅 175万', '伟业迎春华府  | 4室2厅 | 113平米 | 南 | 其他 | 有电梯', '低楼层(共18层)2012年建板楼  -  太湖新城（吴江）', '175万', '单价15487元/平米')
('https://image1.ljcdn.com/320500-inspection/test-892313b7-66cf-4969-af8b-33289a533869.png.296x216.jpg', '红树湾通透精装两房，满两年拎包就住，采光视野好', '新城红树湾  | 2室2厅 | 77平米 | 南 | 精装 | 有电梯', '高楼层(共33层)2015年建板塔结合  -  太湖新城（吴江）', '149万', '单价19351元/平米')
('', '吴江上海城 4室2厅 210万', '吴江上海城  | 4室2厅 | 143.97平米 | 南 | 毛坯 | 有电梯', '中楼层(共12层)2000年建板楼  -  太湖新城（吴江）', '210万', '单价14587元/平米')
('https://image1.ljcdn.com/320500-inspection/rsp_pic_uploadb0ea3d79-eddf-4777-866e-edc7def6bd39.jpg.296x216.jpg', '乐家 精装俩房 俩房朝南 采光好 诚心出售', '伟业迎春乐家  | 2室2厅 | 88平米 | 暂无数据 | 精装 | 有电梯', '中楼层(共18层)2015年建板楼  -  太湖新城（吴江）', '142万', '单价16137元/平米')
('https://image1.ljcdn.com/320500-inspection/test-337614f5-810b-45af-a3f1-b223a9516051.png.296x216.jpg', '首开玖珑花园 4室2厅 285万', '首开玖珑花园  | 4室2厅 | 146.86平米 | 南 | 其他 | 有电梯', '中楼层(共32层)2016年建板楼  -  太湖新城（吴江）', '285万', '单价19407元/平米')
('https://image1.ljcdn.com/320500-inspection/3f2ba739-99e8-4c06-b0ad-7c2112a91433.jpg.296x216.jpg', '绿地太湖城 4室2厅 280万', '绿地太湖城  | 4室2厅 | 143平米 | 暂无数据 | 毛坯 | 有电梯', '中楼层(共24层)2015年建板楼  -  太湖新城（吴江）', '280万', '单价19581元/平米')
('https://image1.ljcdn.com/shfdfs-image/20170226/951010ec-efff-475d-aa12-41e6200a1f32.jpg.296x216.jpg', '伟业迎春华府 3室2厅 240万', '伟业迎春华府  | 3室2厅 | 141.9平米 | 南 | 毛坯 | 无电梯', '中楼层(共6层)2012年建板楼  -  太湖新城（吴江）', '240万', '单价16914元/平米')
('', '苏高新地产天城花园 5室2厅 239万', '苏高新地产天城花园  | 5室2厅 | 225平米 | 暂无数据 | 毛坯 | 无电梯', '高楼层(共6层)2015年建板塔结合  -  松陵', '239万', '单价10623元/平米')
('https://image1.ljcdn.com/320500-inspection/test-75cfe532-0fb4-4714-b353-9fd40090526e.png.296x216.jpg', '首开玖珑花园 3室2厅 225万', '首开玖珑花园  | 3室2厅 | 93平米 | 南 北 | 其他 | 有电梯', '中楼层(共34层)2016年建板楼  -  太湖新城（吴江）', '225万', '单价24194元/平米')
('https://image1.ljcdn.com/320500-inspection/218b30e1-ed38-43af-86e1-853e260d9086.jpg.296x216.jpg', '海亮长桥府 2室2厅 165万', '海亮长桥府  | 2室2厅 | 85平米 | 南 | 精装 | 有电梯', '高楼层(共26层)2019年建板塔结合  -  太湖新城（吴江）', '165万', '单价19412元/平米')
('', '新城红树湾 3室2厅 168万', '新城红树湾  | 3室2厅 | 85.5平米 | 南 | 其他 | 有电梯', '低楼层(共34层)2015年建板塔结合  -  太湖新城（吴江）', '168万', '单价19650元/平米')
('', '蓝光天悦城 4室2厅 288万', '蓝光天悦城  | 4室2厅 | 124平米 | 南 北 | 其他 | 无电梯', '高楼层(共7层)2016年建板楼  -  太湖新城（吴江）', '288万', '单价23226元/平米')
('https://image1.ljcdn.com/320500-inspection/e26cf848-1659-4267-b408-757195c37267.jpg.296x216.jpg', '新湖明珠城望湖苑 2室1厅 164万', '新湖明珠城望湖苑  | 2室1厅 | 89平米 | 南 | 其他 | 有电梯', '低楼层(共17层)2016年建板塔结合  -  太湖新城（吴江）', '164万', '单价18427元/平米')
('https://image1.ljcdn.com/shfdfs-image/20170112/25fe4de3-0eac-458c-829d-ab53d48953fc.jpg.296x216.jpg', '新湖明珠城望湖苑 3室2厅 240万', '新湖明珠城望湖苑  | 3室2厅 | 170平米 | 南 | 毛坯 | 有电梯', '低楼层(共23层)2016年建板塔结合  -  太湖新城（吴江）', '240万', '单价14118元/平米')
('', '新湖明珠城丹桂苑 3室2厅 261万', '新湖明珠城丹桂苑  | 3室2厅 | 136平米 | 暂无数据 | 毛坯 | 有电梯', '高楼层(共11层)2016年建板楼  -  太湖新城（吴江）', '261万', '单价19192元/平米')
('https://image1.ljcdn.com/320500-inspection/test-91114c2d-7ae8-425b-84a8-7a35d7d47d21.png.296x216.jpg', '海亮长桥府 3室1厅 172万', '海亮长桥府  | 3室1厅 | 95平米 | 南 北 | 其他 | 有电梯', '高楼层(共27层)2015年建板楼  -  太湖新城（吴江）', '172万', '单价18106元/平米')
('https://image1.ljcdn.com/320500-inspection/test-36b3c0f2-69d8-4fb5-97fa-ab910f634f83.png.296x216.jpg', '伟业迎春乐家 3室2厅 155万', '伟业迎春乐家  | 3室2厅 | 99平米 | 南 北 | 毛坯 | 有电梯', '高楼层(共18层)板楼  -  太湖新城（吴江）', '155万', '单价15657元/平米')
('https://image1.ljcdn.com/320500-inspection/test-920da116-1a7b-48f3-9290-ce1f1cd343e4.png.296x216.jpg', '新城红树湾 3室2厅 184万', '新城红树湾  | 3室2厅 | 87.25平米 | 南 | 其他 | 有电梯', '低楼层(共34层)2015年建板塔结合  -  太湖新城（吴江）', '184万', '单价21089元/平米')
('', '太湖小区 5室2厅 375万', '太湖小区  | 5室2厅 | 254平米 | 南 | 其他 | 无电梯', '中楼层(共5层)2005年建板楼  -  松陵', '375万', '单价14764元/平米')
('https://image1.ljcdn.com/320500-inspection/df6d9231-5ca8-43f7-8774-f78a6d241fe5.jpg.296x216.jpg', '蓝光天悦城 4室2厅 308万', '蓝光天悦城  | 4室2厅 | 134.53平米 | 南 北 | 毛坯 | 无电梯', '中楼层(共7层)2016年建板楼  -  太湖新城（吴江）', '308万', '单价22895元/平米')
('https://image1.ljcdn.com/shfdfs-image/20161113/1fe0ed5f-3c93-4b9d-921d-96f1e667328e.jpg.296x216.jpg', '新湖明珠城望湖苑 4室2厅 286万', '新湖明珠城望湖苑  | 4室2厅 | 154平米 | 南 | 毛坯 | 有电梯', '低楼层(共24层)2016年建板楼  -  太湖新城（吴江）', '286万', '单价18572元/平米')
('https://image1.ljcdn.com/x-se/hdic-frame/9e2b7f15-6c1c-4727-826f-67aa28ef9b42.png.280x210.jpg', '新湖明珠城望湖苑 4室2厅 258万', '新湖明珠城望湖苑  | 4室2厅 | 135平米 | 南 | 毛坯 | 有电梯', '高楼层(共22层)2016年建板塔结合  -  太湖新城（吴江）', '258万', '单价19112元/平米')
('https://image1.ljcdn.com/320500-inspection/2a11b70c-bab7-42a3-b8be-6055acd9a710.JPG.296x216.jpg', '湖滨华城喜庆苑 4室2厅 180万', '湖滨华城喜庆苑  | 4室2厅 | 154平米 | 南 北 | 其他 | 无电梯', '高楼层(共6层)2011年建板楼  -  松陵', '180万', '单价11689元/平米')
('https://image1.ljcdn.com/320500-inspection/test-0cb1bbb5-8658-4339-a38e-4b13c16b5dd0.png.296x216.jpg', '海亮长桥府 3室2厅 168万', '海亮长桥府  | 3室2厅 | 95平米 | 南 | 毛坯 | 有电梯', '中楼层(共27层)2015年建板楼  -  太湖新城（吴江）', '168万', '单价17685元/平米')
('https://image1.ljcdn.com/shfdfs-image/20180114/be96a98c-f0d1-4c7e-947e-908c514a68b7.jpg.296x216.jpg', '迎春世家 本人看过 精装大三房 中间楼层 精装修毛坯价', '伟业迎春世家  | 3室2厅 | 132平米 | 南 | 精装 | 有电梯', '中楼层(共18层)2013年建板楼  -  太湖新城（吴江）', '205万', '单价15531元/平米')
('https://image1.ljcdn.com/320500-inspection/test-b73d08f0-0cac-4f84-ae19-783302adc166.png.296x216.jpg', '新城红树湾 3室2厅 195万', '新城红树湾  | 3室2厅 | 89.89平米 | 南 | 其他 | 有电梯', '高楼层(共11层)2016年建板塔结合  -  太湖新城（吴江）', '195万', '单价21694元/平米')
('https://image1.ljcdn.com/320500-inspection/test-7e6504a4-62dc-41b8-97eb-358caf71e242.png.296x216.jpg', '苏州湾景苑 2室2厅 235万', '苏州湾景苑  | 2室2厅 | 98平米 | 南 | 其他 | 有电梯', '低楼层(共31层)板塔结合  -  太湖新城（吴江）', '235万', '单价23980元/平米')
('https://image1.ljcdn.com/320500-inspection/0d088b11-08fa-4955-b222-100e51e842b0.jpg.296x216.jpg', '丽家 精装三房 一房朝南俩房朝北 采光好 诚心出售', '伟业迎春丽家  | 3室2厅 | 93.09平米 | 南 北 | 精装 | 有电梯', '高楼层(共18层)2015年建板楼  -  太湖新城（吴江）', '172万', '单价18477元/平米')
('https://image1.ljcdn.com/320500-inspection/64270452-76f3-4a4b-8ceb-a84d9aed7d4b.jpg.296x216.jpg', '新湖明珠城望湖苑 5室2厅 592万', '新湖明珠城望湖苑  | 5室2厅 | 270平米 | 暂无数据 | 其他 | 有电梯', '低楼层(共22层)2016年建板楼  -  太湖新城（吴江）', '592万', '单价21926元/平米')
('', '吴江新城吾悦广场 1室1厅 45万', '吴江新城吾悦广场  | 1室1厅 | 41平米 | 北 | 精装 | 有电梯', '低楼层(共24层)2015年建板楼  -  太湖新城（吴江）', '45万', '单价10976元/平米')
('https://image1.ljcdn.com/320500-inspection/test-266573d8-5381-442e-9881-c87a50752d88.png.296x216.jpg', '伟业迎春乐家 3室2厅 165万', '伟业迎春乐家  | 3室2厅 | 112.54平米 | 南 | 精装 | 有电梯', '低楼层(共18层)2016年建板楼  -  太湖新城（吴江）', '165万', '单价14662元/平米')
('https://image1.ljcdn.com/320500-inspection/test-0154affe-037b-4f94-89f3-ce833a5b1b8f.png.296x216.jpg', '伟业迎春华府 4室2厅 188万', '伟业迎春华府  | 4室2厅 | 108平米 | 南 | 其他 | 有电梯', '低楼层(共18层)2012年建板楼  -  太湖新城（吴江）', '188万', '单价17408元/平米')
('https://image1.ljcdn.com/320500-inspection/test-0d8a061e-d504-4991-a4fd-aa440366b9a9.png.296x216.jpg', '首开玖珑花园 3室2厅 190万', '首开玖珑花园  | 3室2厅 | 95平米 | 南 北 | 简装 | 有电梯', '中楼层(共34层)2016年建板楼  -  太湖新城（吴江）', '190万', '单价20000元/平米')
('https://image1.ljcdn.com/320500-inspection/test-a030218d-9093-40e6-b769-01111ea3e8fb.png.296x216.jpg', '新城红树湾 3室2厅 184万', '新城红树湾  | 3室2厅 | 89.97平米 | 东南 南 | 其他 | 有电梯', '高楼层(共11层)2016年建板塔结合  -  太湖新城（吴江）', '184万', '单价20452元/平米')
('https://image1.ljcdn.com/320500-inspection/9354d1ba-4037-4daf-a855-2617d618444c.jpg.296x216.jpg', '新湖明珠城罗马苑 4室2厅 550万', '新湖明珠城罗马苑   | 叠拼别墅 | 4室2厅 | 208平米 | 南 北 | 其他 | 无电梯', '下叠(共6层)2016年建板楼  -  太湖新城（吴江）', '550万', '单价26443元/平米')
('', '山湖嘉晖苑 3室2厅 158万', '山湖嘉晖苑  | 3室2厅 | 119.8平米 | 南 | 精装 | 无电梯', '高楼层(共6层)2009年建板楼  -  松陵', '158万', '单价13189元/平米')
('https://image1.ljcdn.com/320500-inspection/test-c04609ec-9558-4461-823b-fec6ece7efe8.png.296x216.jpg', '绿地太湖城 4室2厅 300万', '绿地太湖城  | 4室2厅 | 143平米 | 南 | 毛坯 | 有电梯', '低楼层(共11层)2015年建板楼  -  太湖新城（吴江）', '300万', '单价20980元/平米')
('https://image1.ljcdn.com/320500-inspection/test-76e793a3-3a7d-46af-8da4-a61fc6f974cb.png.296x216.jpg', '吴江新城吾悦广场 3室2厅 242万', '吴江新城吾悦广场  | 3室2厅 | 130平米 | 东南 | 其他', '高楼层(共33层)暂无数据  -  太湖新城（吴江）', '242万', '单价18616元/平米')
('', '吴江新城吾悦广场 1室1厅 36.5万', '吴江新城吾悦广场  | 1室1厅 | 38平米 | 西 | 其他 | 有电梯', '高楼层(共16层)板楼  -  太湖新城（吴江）', '36.5万', '单价9606元/平米')
('https://image1.ljcdn.com/320500-inspection/test-e159e1a9-5c70-4836-935c-09b40f81f027.png.296x216.jpg', '新城红树湾 3室2厅 168万', '新城红树湾  | 3室2厅 | 86平米 | 南 | 其他 | 有电梯', '低楼层(共34层)2015年建板塔结合  -  太湖新城（吴江）', '168万', '单价19535元/平米')
('https://image1.ljcdn.com/shfdfs-image/20171217/e0cdd063-8b0b-4555-8ced-9e5fc12c6991.jpg.296x216.jpg', '新城红树湾 3室2厅 165万', '新城红树湾  | 3室2厅 | 87平米 | 南 | 其他 | 有电梯', '高楼层(共34层)2015年建板塔结合  -  太湖新城（吴江）', '165万', '单价18966元/平米')
('', '南悦豪庭 3室2厅 200万', '南悦豪庭  | 3室2厅 | 179.81平米 | 南 | 毛坯 | 有电梯', '低楼层(共10层)2016年建板楼  -  松陵', '200万', '单价11123元/平米')
('https://image1.ljcdn.com/320500-inspection/test-19a688f1-6824-4a94-9a7e-3cbd720d8e6e.png.296x216.jpg', '新湖明珠城望湖苑 4室2厅 347万', '新湖明珠城望湖苑  | 4室2厅 | 221平米 | 南 | 简装 | 有电梯', '低楼层(共23层)2016年建板塔结合  -  太湖新城（吴江）', '347万', '单价15702元/平米')
('https://image1.ljcdn.com/320500-inspection/test-731ea732-992e-4525-9c4f-79771e238f89.png.296x216.jpg', '苏州湾景苑 3室2厅 310万', '苏州湾景苑  | 3室2厅 | 138平米 | 南 北 | 其他 | 有电梯', '高楼层(共31层)2018年建板楼  -  太湖新城（吴江）', '310万', '单价22464元/平米')
('https://image1.ljcdn.com/x-se/hdic-frame/faef9033-ed89-42fd-923f-0bc96b93e208.png.280x210.jpg', '新城红树湾 2室1厅 140万', '新城红树湾  | 2室1厅 | 77平米 | 南 | 毛坯 | 有电梯', '高楼层(共33层)2015年建板塔结合  -  太湖新城（吴江）', '140万', '单价18182元/平米')
('https://image1.ljcdn.com/shfdfs-image/20170606/35acac7f-97a0-4983-8223-ccf8d320b7d9.jpg.296x216.jpg', '伟业世家、两房，适合刚需，拎包入住', '伟业迎春世家  | 2室2厅 | 81平米 | 南 | 精装 | 有电梯', '高楼层(共18层)2015年建板楼  -  太湖新城（吴江）', '141万', '单价17408元/平米')
('https://image1.ljcdn.com/320500-inspection/e68b8493-1132-46ca-9605-e16376d20f66.jpg.296x216.jpg', '新城红树湾 3室2厅 174万', '新城红树湾  | 3室2厅 | 85.84平米 | 南 | 其他 | 有电梯', '中楼层(共34层)2015年建板塔结合  -  太湖新城（吴江）', '174万', '单价20271元/平米')
('', '新湖明珠城紫桂苑 3室2厅 285万', '新湖明珠城紫桂苑  | 3室2厅 | 150.32平米 | 南 | 毛坯 | 有电梯', '高楼层(共17层)2016年建板楼  -  太湖新城（吴江）', '285万', '单价18960元/平米')
('https://image1.ljcdn.com/320500-inspection/test-3da6ff5c-6c51-4993-86ff-35930be42382.png.296x216.jpg', '伟业迎春华府 4室2厅 260万', '伟业迎春华府  | 4室2厅 | 147平米 | 南 | 其他 | 无电梯', '中楼层(共6层)2012年建板楼  -  太湖新城（吴江）', '260万', '单价17688元/平米')
('https://image1.ljcdn.com/320500-inspection/test-9003ace8-73c0-4587-be7c-02cbf7652696.png.296x216.jpg', '绿地太湖城 3室2厅 220万', '绿地太湖城  | 3室2厅 | 117平米 | 南 | 毛坯 | 有电梯', '高楼层(共24层)2015年建板楼  -  太湖新城（吴江）', '220万', '单价18804元/平米')
('', '欧风华庭 3室2厅 206万', '欧风华庭  | 3室2厅 | 119平米 | 南 | 其他 | 无电梯', '高楼层(共6层)2008年建板楼  -  松陵', '206万', '单价17311元/平米')
('https://image1.ljcdn.com/shfdfs-image/20170905/ecd4c23d-6f65-4b02-9e04-42788631ac47.jpg.296x216.jpg', '伟业迎春华府 3室2厅 190万', '伟业迎春华府  | 3室2厅 | 110.4平米 | 南 | 精装 | 有电梯', '中楼层(共18层)2012年建板楼  -  太湖新城（吴江）', '190万', '单价17211元/平米')
('https://image1.ljcdn.com/320500-inspection/514a55bb-05e2-49e6-9dc2-7274f10b2fd7.jpg.296x216.jpg', '首开太湖一号 高楼层 视野宽阔 采光通风好', '首开玖珑花园  | 4室2厅 | 147平米 | 南 | 毛坯 | 有电梯', '高楼层(共32层)2016年建板楼  -  太湖新城（吴江）', '263万', '单价17892元/平米')
('', '奥林清华 5室3厅 670万', '奥林清华   | 双拼别墅 | 5室3厅 | 275平米 | 南 | 精装 | 无电梯', '3层2006年建板塔结合  -  松陵', '670万', '单价24364元/平米')
('https://image1.ljcdn.com/320500-inspection/test-dd7a3a3d-55d7-4a7c-9e9c-6ec42b5af627.png.296x216.jpg', '绿地太湖城 3室2厅 236万', '绿地太湖城  | 3室2厅 | 116平米 | 南 北 | 其他 | 有电梯', '高楼层(共27层)2015年建板楼  -  太湖新城（吴江）', '236万', '单价20345元/平米')
('https://image1.ljcdn.com/320500-inspection/test-90e36338-7d50-4517-a410-9fb6e6bf98d3.png.296x216.jpg', '新城红树湾 3室2厅 164万', '新城红树湾  | 3室2厅 | 88平米 | 南 北 | 其他 | 有电梯', '中楼层(共34层)2016年建板塔结合  -  太湖新城（吴江）', '164万', '单价18637元/平米')
('', '西湖花苑 4室2厅 216万', '西湖花苑  | 4室2厅 | 148.4平米 | 南 | 其他 | 有电梯', '高楼层(共13层)2009年建板楼  -  太湖新城（吴江）', '216万', '单价14556元/平米')
('https://image1.ljcdn.com/320500-inspection/f62303f7-ee09-4c32-a3bc-5a9aeb594d7e.jpg.296x216.jpg', '太湖湖景房，四室，三房朝南，满两年', '新湖明珠城望湖苑  | 4室2厅 | 166平米 | 南 | 其他 | 有电梯', '低楼层(共22层)2016年建板楼  -  太湖新城（吴江）', '278万', '单价16747元/平米')
('https://image1.ljcdn.com/320500-inspection/60a42a7a-3367-4260-a7e9-cbcd6033ecac.jpg.296x216.jpg', '新湖明珠城望湖苑 2室2厅 169万', '新湖明珠城望湖苑  | 2室2厅 | 89平米 | 南 | 其他 | 有电梯', '高楼层(共17层)2016年建板塔结合  -  太湖新城（吴江）', '169万', '单价18989元/平米')
('', '新湖明珠城望湖苑 3室2厅 213万', '新湖明珠城望湖苑  | 3室2厅 | 132.07平米 | 南 | 毛坯 | 有电梯', '低楼层(共11层)2016年建板塔结合  -  太湖新城（吴江）', '213万', '单价16128元/平米')
('https://image1.ljcdn.com/320500-inspection/test-f9cf265a-2a44-4d43-9ad5-14570ff2c38f.png.296x216.jpg', '新湖明珠城望湖苑 4室2厅 340万', '新湖明珠城望湖苑  | 4室2厅 | 165平米 | 南 | 其他 | 有电梯', '高楼层(共22层)2016年建板楼  -  太湖新城（吴江）', '340万', '单价20607元/平米')
('https://image1.ljcdn.com/320500-inspection/test-0236a97f-e3fe-4f2c-ae82-8b33918e8735.png.296x216.jpg', '新城红树湾 3室2厅 170万', '新城红树湾  | 3室2厅 | 88平米 | 南 | 其他 | 有电梯', '低楼层(共34层)2015年建板塔结合  -  太湖新城（吴江）', '170万', '单价19319元/平米')
('', '四房毛坯 高楼层 视野宽阔 采光通风好 交通便利', '首开玖珑花园  | 4室2厅 | 147平米 | 南 北 | 毛坯 | 有电梯', '高楼层(共32层)2016年建板楼  -  太湖新城（吴江）', '285万', '单价19388元/平米')
('https://image1.ljcdn.com/320500-inspection/33f4a092-887a-4e5f-9fc1-6375a4efc702.jpg.296x216.jpg', '蓝光天悦城 一楼带院 看房方便', '蓝光天悦城  | 5室2厅 | 231平米 | 南 北 | 毛坯 | 有电梯', '低楼层(共10层)2016年建板楼  -  太湖新城（吴江）', '490万', '单价21213元/平米')
('https://image1.ljcdn.com/320500-inspection/test-a6216c61-473c-4b41-84df-a7032dd8f878.png.296x216.jpg', '湾上风华 3室2厅 235万', '湾上风华  | 3室2厅 | 115平米 | 南 北 | 其他 | 无电梯', '中楼层(共18层)2018年建板塔结合  -  太湖新城（吴江）', '235万', '单价20435元/平米')
('', '南悦豪庭 5室2厅 385万', '南悦豪庭  | 5室2厅 | 217平米 | 暂无数据 | 其他 | 有电梯', '低楼层(共11层)2016年建板塔结合  -  松陵', '385万', '单价17742元/平米')
('https://image1.ljcdn.com/320500-inspection/test-689c74ea-29b4-4912-81b9-e639259b882b.png.296x216.jpg', '伟业迎春华府 4室2厅 234万', '伟业迎春华府  | 4室2厅 | 141平米 | 南 | 其他 | 有电梯', '高楼层(共18层)2011年建板楼  -  太湖新城（吴江）', '234万', '单价16596元/平米')
('https://image1.ljcdn.com/320500-inspection/d9904534-f387-49c5-bb33-734095ec7184.jpg.296x216.jpg', '景瑞东环之歌 3室2厅 155万', '景瑞东环之歌  | 3室2厅 | 93平米 | 南 | 毛坯 | 有电梯', '高楼层(共18层)2018年建板楼  -  松陵', '155万', '单价16667元/平米')
('https://image1.ljcdn.com/320500-inspection/test-554f9816-2365-4b20-958a-6eff26f5008d.png.296x216.jpg', '蓝光天悦城 3室1厅 235万', '蓝光天悦城  | 3室1厅 | 106平米 | 南 北 | 其他 | 无电梯', '中楼层(共33层)板楼  -  太湖新城（吴江）', '235万', '单价22170元/平米')
('https://image1.ljcdn.com/320500-inspection/fed413db-078f-45fa-ac33-48ece40a9c1d.jpg.296x216.jpg', '云玺湖滨商务广场 3室2厅 531万', '云玺湖滨商务广场  | 3室2厅 | 212.33平米 | 南 北 | 其他', '中楼层(共26层)暂无数据  -  太湖新城（吴江）', '531万', '单价25009元/平米')
('https://image1.ljcdn.com/320500-inspection/dc25670b-ddea-4c16-83e6-ac4addd6ecf9.jpg.296x216.jpg', '毛坯好房，楼层好，含车位，房东诚心出售', '苏州湾景苑  | 2室2厅 | 98平米 | 南 | 毛坯 | 有电梯', '中楼层(共31层)板塔结合  -  太湖新城（吴江）', '190万', '单价19388元/平米')
('', '奥林清华 3室2厅 220万', '奥林清华  | 3室2厅 | 131.59平米 | 南 | 毛坯 | 有电梯', '中楼层(共34层)板塔结合  -  松陵', '220万', '单价16719元/平米')
('', '鲈乡苑 3室2厅 206万', '鲈乡苑  | 3室2厅 | 151.5平米 | 南 | 精装 | 无电梯', '中楼层(共5层)1997年建板楼  -  松陵', '206万', '单价13598元/平米')
('https://image1.ljcdn.com/320500-inspection/a149bfd0-38f9-405c-b336-fa128725e5e0.jpg.296x216.jpg', '新湖明珠城罗马苑 4室3厅 399万', '新湖明珠城罗马苑   | 叠拼别墅 | 4室3厅 | 196平米 | 南 | 其他 | 无电梯', '下叠(共6层)2016年建板楼  -  太湖新城（吴江）', '399万', '单价20358元/平米')
('', '新湖明珠城聆湖苑 3室2厅 170万', '新湖明珠城聆湖苑  | 3室2厅 | 89平米 | 南 | 毛坯 | 有电梯', '高楼层(共31层)2016年建板楼  -  太湖新城（吴江）', '170万', '单价19102元/平米')
('https://image1.ljcdn.com/320500-inspection/637cd7c9-ef58-450a-bed1-cc3c219f82e0.JPG.296x216.jpg', '海亮长桥府 4室2厅 345万', '海亮长桥府  | 4室2厅 | 185平米 | 南 | 毛坯 | 无电梯', '高楼层(共7层)2013年建板塔结合  -  太湖新城（吴江）', '345万', '单价18649元/平米')
('https://image1.ljcdn.com/320500-inspection/test-7d79248b-9508-4db3-89e7-5449c6ff6f27.png.296x216.jpg', '新城红树湾 3室2厅 179万', '新城红树湾  | 3室2厅 | 86平米 | 南 | 其他 | 有电梯', '高楼层(共34层)2016年建板塔结合  -  太湖新城（吴江）', '179万', '单价20814元/平米')
('', '精装修  拎包入住   靠苏州站', '新湖明珠城聆湖苑  | 5室2厅 | 180平米 | 南 | 精装 | 有电梯', '低楼层(共31层)2016年建板楼  -  太湖新城（吴江）', '311万', '单价17278元/平米')
('https://image1.ljcdn.com/320500-inspection/test-96a74f64-8181-4325-8f44-271ee397a2d9.png.296x216.jpg', '伟业迎春华府 3室2厅 189万', '伟业迎春华府  | 3室2厅 | 112平米 | 南 | 精装 | 有电梯', '中楼层(共11层)2012年建板楼  -  太湖新城（吴江）', '189万', '单价16875元/平米')
('https://image1.ljcdn.com/320500-inspection/test-6ecf334b-98a9-4633-b6de-5f77943753f1.png.296x216.jpg', '海亮长桥府 2室2厅 170万', '海亮长桥府  | 2室2厅 | 85平米 | 南 | 精装 | 有电梯', '中楼层(共26层)2015年建板塔结合  -  太湖新城（吴江）', '170万', '单价20000元/平米')
('', '香槟街 1室0厅 60万', '香槟街  | 1室0厅 | 40平米 | 南 | 其他', '中楼层(共9层)板楼  -  松陵', '60万', '单价15000元/平米')
('https://image1.ljcdn.com/320500-inspection/test-2d626a50-f448-4401-ac83-169a06be5744.png.296x216.jpg', '伟业迎春乐家 3室2厅 190万', '伟业迎春乐家  | 3室2厅 | 109平米 | 南 | 精装 | 有电梯', '中楼层(共18层)2015年建板楼  -  太湖新城（吴江）', '190万', '单价17432元/平米')
('https://image1.ljcdn.com/320500-inspection/7057399d-88b4-49ef-87fd-c42435a9d0d0.jpg.296x216.jpg', '绿地太湖城 2室2厅 176万', '绿地太湖城  | 2室2厅 | 89平米 | 南 | 精装 | 有电梯', '低楼层(共33层)2015年建板楼  -  太湖新城（吴江）', '176万', '单价19776元/平米')
('', '吴江新城吾悦广场 1室1厅 49万', '吴江新城吾悦广场  | 1室1厅 | 44.1平米 | 北 | 精装 | 有电梯', '高楼层(共24层)2015年建板楼  -  太湖新城（吴江）', '49万', '单价11112元/平米')
('https://image1.ljcdn.com/320500-inspection/test-71287ccf-eb8d-499c-8cae-e1ec0312942b.png.296x216.jpg', '吴江新城吾悦广场 2室1厅 42万', '吴江新城吾悦广场  | 2室1厅 | 38平米 | 南 | 其他 | 有电梯', '高楼层(共16层)板楼  -  太湖新城（吴江）', '42万', '单价11053元/平米')
('https://image1.ljcdn.com/320500-inspection/test-63c79f81-4f49-440c-bbc6-50adc86bbeec.png.296x216.jpg', '三开间朝南，户型方正，满两年，精装修，生活方便', '伟业迎春世家  | 3室2厅 | 94平米 | 南 北 | 其他 | 有电梯', '高楼层(共16层)2015年建板楼  -  太湖新城（吴江）', '163万', '单价17341元/平米')
('', '万科碧桂园 4室2厅 180万', '万科碧桂园  | 4室2厅 | 93平米 | 南 | 其他 | 有电梯', '中楼层(共34层)2018年建板塔结合  -  太湖新城（吴江）', '180万', '单价19355元/平米')
('https://image1.ljcdn.com/320500-inspection/83b86c09-01fc-4ca3-8f54-306d3c40bb58.jpg.296x216.jpg', '吴江上海城 3室2厅 188万', '吴江上海城  | 3室2厅 | 143平米 | 南 | 简装 | 有电梯', '中楼层(共12层)2000年建板楼  -  太湖新城（吴江）', '188万', '单价13147元/平米')
('', '奥林清华 3室2厅 290万', '奥林清华  | 3室2厅 | 174平米 | 暂无数据 | 其他 | 有电梯', '高楼层(共30层)2006年建板塔结合  -  松陵', '290万', '单价16667元/平米')
('https://image1.ljcdn.com/320500-inspection/test-3e22accc-82fb-408f-ae75-5660c449cf97.png.296x216.jpg', '伟业迎春华府 1室1厅 80万', '伟业迎春华府  | 1室1厅 | 40.72平米 | 南 | 其他 | 有电梯', '中楼层(共18层)2013年建板楼  -  太湖新城（吴江）', '80万', '单价19647元/平米')
('https://image1.ljcdn.com/320500-inspection/test-4e2edd23-fe28-448d-a23d-84e4c37e8df1.png.296x216.jpg', '伟业迎春丽家 3室2厅 169万', '伟业迎春丽家  | 3室2厅 | 89.95平米 | 南 | 其他 | 有电梯', '高楼层(共18层)2015年建板楼  -  太湖新城（吴江）', '169万', '单价18789元/平米')
('', '金域华府 5室2厅 258万', '金域华府  | 5室2厅 | 183平米 | 南 北 | 精装 | 有电梯', '中楼层(共30层)2014年建板楼  -  松陵', '258万', '单价14099元/平米')
('https://image1.ljcdn.com/320500-inspection/e9d2b805-82b9-46f7-89b2-75f1111fe4f9.jpg.296x216.jpg', '吴江松陵伟业迎春乐家精装大三房，低价出售', '伟业迎春乐家  | 3室2厅 | 96.88平米 | 南 北 | 精装 | 有电梯', '高楼层(共18层)2015年建板楼  -  太湖新城（吴江）', '163万', '单价16825元/平米')
('https://image1.ljcdn.com/320500-inspection/test-1d52f168-49fe-4414-b57f-cf0af76908b5.png.296x216.jpg', '伟业迎春乐家 2室1厅 120万', '伟业迎春乐家  | 2室1厅 | 63平米 | 南 | 其他 | 无电梯', '高楼层(共18层)2016年建板楼  -  太湖新城（吴江）', '120万', '单价19048元/平米')
('https://image1.ljcdn.com/320500-inspection/test-808530cd-19c9-43bc-9442-95bb466948a9.png.296x216.jpg', '伟业迎春乐家 2室1厅 115万', '伟业迎春乐家  | 2室1厅 | 61.4平米 | 南 | 精装 | 有电梯', '低楼层(共18层)2016年建板楼  -  太湖新城（吴江）', '115万', '单价18730元/平米')
('', '海亮长桥府 2室2厅 165万', '海亮长桥府  | 2室2厅 | 85平米 | 南 | 精装 | 有电梯', '中楼层(共24层)2013年建板塔结合  -  太湖新城（吴江）', '165万', '单价19412元/平米')
('https://image1.ljcdn.com/320500-inspection/test-d8e7dfc3-4d73-40e8-98da-1180475c5ce6.png.296x216.jpg', '华润凯旋门 4室2厅 265万', '华润凯旋门  | 4室2厅 | 140.81平米 | 南 | 其他 | 有电梯', '中楼层(共34层)2017年建板塔结合  -  太湖新城（吴江）', '265万', '单价18820元/平米')
('https://image1.ljcdn.com/320500-inspection/test-ceb0b61c-ac8e-42df-aee5-62d6395746a7.png.296x216.jpg', '伟业迎春城橙家 3室1厅 148万', '伟业迎春城橙家  | 3室1厅 | 88.98平米 | 南 | 其他 | 有电梯', '低楼层(共27层)2017年建板塔结合  -  太湖新城（吴江）', '148万', '单价16633元/平米')
('https://image1.ljcdn.com/shfdfs-image/20170104/2e5458dd-dc5a-41c6-aa3d-8e75d45bbf94.jpg.296x216.jpg', '新湖明珠城望湖苑 2室2厅 164万', '新湖明珠城望湖苑  | 2室2厅 | 90平米 | 暂无数据 | 简装 | 有电梯', '中楼层(共16层)2016年建板楼  -  太湖新城（吴江）', '164万', '单价18223元/平米')
('https://image1.ljcdn.com/shfdfs-image/20161104/d5a98f0c-8d74-417d-b613-349c75f1041a.jpg.296x216.jpg', '伟业迎春乐家 2室2厅 145万', '伟业迎春乐家  | 2室2厅 | 86平米 | 暂无数据 | 精装 | 有电梯', '低楼层(共18层)2016年建板楼  -  太湖新城（吴江）', '145万', '单价16861元/平米')
('https://image1.ljcdn.com/320500-inspection/test-7dbcdc5a-c4b5-41a1-b29c-2d387975422d.png.296x216.jpg', '海亮长桥府 4室1厅 195万', '海亮长桥府  | 4室1厅 | 123.06平米 | 南 | 毛坯 | 有电梯', '低楼层(共26层)2018年建板塔结合  -  太湖新城（吴江）', '195万', '单价15846元/平米')
('https://image1.ljcdn.com/320500-inspection/test-c5f11a9f-33f4-46b9-a612-307fac357ece.png.296x216.jpg', '首开太湖一号 4室2厅 280万', '首开玖珑花园  | 4室2厅 | 147平米 | 暂无数据 | 毛坯 | 有电梯', '中楼层(共32层)2016年建板楼  -  太湖新城（吴江）', '280万', '单价19048元/平米')
('https://image1.ljcdn.com/320500-inspection/test-366c1ff2-0fa1-4b1d-ae34-ee902dd55e66.png.296x216.jpg', '绿地太湖城 4室2厅 263万', '绿地太湖城  | 4室2厅 | 143.13平米 | 南 北 | 毛坯 | 有电梯', '中楼层(共24层)2015年建板楼  -  太湖新城（吴江）', '263万', '单价18375元/平米')
('https://image1.ljcdn.com/shfdfs-image/20170705/a9b3b808-7107-4164-929a-293ccf6b22de.jpg.296x216.jpg', '伟业迎春丽家 3室2厅 178万', '伟业迎春丽家  | 3室2厅 | 99.86平米 | 南 | 精装 | 有电梯', '高楼层(共18层)2015年建板楼  -  太湖新城（吴江）', '178万', '单价17825元/平米')
('https://image1.ljcdn.com/320500-inspection/test-9b042fe5-ebb5-4102-a708-e968f55c1110.png.296x216.jpg', '房东置换诚心出售看房很方便有钥匙', '海亮长桥府  | 3室2厅 | 95平米 | 南 | 精装 | 有电梯', '中楼层(共26层)2018年建板塔结合  -  太湖新城（吴江）', '185万', '单价19474元/平米')
('https://image1.ljcdn.com/320500-inspection/test-073209ce-ebce-41cf-81bd-5d87a4967429.png.296x216.jpg', '苏州湾景苑 3室3厅 515万', '苏州湾景苑  | 3室3厅 | 217平米 | 南 | 毛坯 | 有电梯', '中楼层(共37层)板楼  -  太湖新城（吴江）', '515万', '单价23733元/平米')
('https://image1.ljcdn.com/shfdfs-image/20170726/52e02b7e-b057-427f-b0ea-a9a901546382.jpg.296x216.jpg', '鱼行街散盘 9室5厅 1680万', '鱼行街散盘  | 9室5厅 | 514.78平米 | 暂无数据 | 精装 | 无电梯', '低楼层(共1层)板楼  -  同里', '1680万', '单价32636元/平米')
('https://image1.ljcdn.com/320500-inspection/7fce213d-f43a-43fb-9f88-bcd3c64587f1.jpg.296x216.jpg', '伟业迎春乐家 3室2厅 148万', '伟业迎春乐家  | 3室2厅 | 88平米 | 南 | 精装 | 有电梯', '中楼层(共18层)2016年建板楼  -  太湖新城（吴江）', '148万', '单价16819元/平米')
('https://image1.ljcdn.com/320500-inspection/test-c05bf77a-cd98-4fcb-9578-39c530b28fd5.png.296x216.jpg', '新城红树湾 3室2厅 172万', '新城红树湾  | 3室2厅 | 85.99平米 | 南 | 其他 | 有电梯', '高楼层(共33层)2015年建板塔结合  -  太湖新城（吴江）', '172万', '单价20003元/平米')
('https://image1.ljcdn.com/320500-inspection/test-6d2d7f1b-c27c-4317-b23d-7921e140fd50.png.296x216.jpg', '首开玖珑花园 3室2厅 258万', '首开玖珑花园  | 3室2厅 | 133.64平米 | 南 | 其他 | 有电梯', '中楼层(共34层)2016年建板楼  -  太湖新城（吴江）', '258万', '单价19306元/平米')
('https://image1.ljcdn.com/320500-inspection/test-328deded-648c-4c94-b502-400f1d2f37e5.png.296x216.jpg', '新城招商香溪源 3室2厅 164万', '新城招商香溪源  | 3室2厅 | 93平米 | 南 北 | 毛坯 | 有电梯', '中楼层(共34层)2019年建板楼  -  太湖新城（吴江）', '164万', '单价17635元/平米')
('https://image1.ljcdn.com/320500-inspection/test-11b7cf14-c3a5-407c-8ee0-3f95116da17a.png.296x216.jpg', '伟业迎春乐家 3室2厅 184万', '伟业迎春乐家  | 3室2厅 | 109平米 | 南 | 毛坯 | 有电梯', '中楼层(共16层)2016年建板楼  -  太湖新城（吴江）', '184万', '单价16881元/平米')
('https://image1.ljcdn.com/320500-inspection/test-782bad78-0289-492a-9c6c-e2d0c5c829df.png.296x216.jpg', '红树湾小三房，户型方正，中间楼层，采光通风良好。', '新城红树湾  | 3室2厅 | 88平米 | 南 | 精装 | 有电梯', '高楼层(共34层)2015年建板塔结合  -  太湖新城（吴江）', '165万', '单价18750元/平米')
('', '首开玖珑花园 3室2厅 240万', '首开玖珑花园  | 3室2厅 | 114.6平米 | 南 | 毛坯 | 有电梯', '中楼层(共34层)2016年建板楼  -  太湖新城（吴江）', '240万', '单价20943元/平米')
('https://image1.ljcdn.com/shfdfs-image/20170707/3b8898aa-ad1b-4460-9371-f549514b999f.jpg.296x216.jpg', '海亮长桥府 3室2厅 164万', '海亮长桥府  | 3室2厅 | 111.84平米 | 暂无数据 | 毛坯 | 有电梯', '低楼层(共27层)2015年建板楼  -  太湖新城（吴江）', '164万', '单价14664元/平米')
('https://image1.ljcdn.com/320500-inspection/test-1a8a72b6-838c-4d27-9edd-1494ababdad2.png.296x216.jpg', '华润凯旋门 4室2厅 245万', '华润凯旋门  | 4室2厅 | 143平米 | 南 北 | 毛坯 | 有电梯', '低楼层(共34层)2017年建板塔结合  -  太湖新城（吴江）', '245万', '单价17133元/平米')
('https://image1.ljcdn.com/320500-inspection/78686128-807d-411b-abcb-e1f5154492ea.jpg.296x216.jpg', '苏州湾景苑 4室2厅 550万', '苏州湾景苑  | 4室2厅 | 221平米 | 南 | 毛坯 | 有电梯', '中楼层(共30层)板塔结合  -  太湖新城（吴江）', '550万', '单价24887元/平米')
('', '景瑞东环之歌 3室2厅 139万', '景瑞东环之歌  | 3室2厅 | 84平米 | 南 | 毛坯 | 有电梯', '高楼层(共21层)2018年建板楼  -  松陵', '139万', '单价16548元/平米')
('https://image1.ljcdn.com/320500-inspection/test-67fa4b81-7e89-4863-a9a8-066653984024.png.296x216.jpg', '海亮长桥府 4室2厅 220万', '海亮长桥府  | 4室2厅 | 120.94平米 | 暂无数据 | 毛坯 | 有电梯', '低楼层(共25层)板楼  -  太湖新城（吴江）', '220万', '单价18191元/平米')
('https://image1.ljcdn.com/320500-inspection/test-4fc56a35-1e46-46c0-ad6e-1faeb53edb5e.png.296x216.jpg', '伟业迎春丽家 3室2厅 175万', '伟业迎春丽家  | 3室2厅 | 100平米 | 暂无数据 | 精装 | 有电梯', '低楼层(共18层)2015年建板楼  -  太湖新城（吴江）', '175万', '单价17500元/平米')
('https://image1.ljcdn.com/320500-inspection/b03f4f86-6ade-4beb-b5f1-fd79be50cd23.jpg.296x216.jpg', '伟业迎春乐家 3室2厅 155万', '伟业迎春乐家  | 3室2厅 | 88平米 | 南 | 精装 | 有电梯', '低楼层(共18层)2016年建板楼  -  太湖新城（吴江）', '155万', '单价17614元/平米')
('https://image1.ljcdn.com/320500-inspection/test-2e9109b2-f12d-4f45-8108-34a9f34b9b7c.png.296x216.jpg', '新湖明珠城望湖苑 3室2厅 206万', '新湖明珠城望湖苑  | 3室2厅 | 133平米 | 南 | 毛坯', '低楼层(共8层)暂无数据  -  太湖新城（吴江）', '206万', '单价15489元/平米')
('', '景瑞东环之歌 3室2厅 143万', '景瑞东环之歌  | 3室2厅 | 88平米 | 南 | 毛坯 | 有电梯', '低楼层(共18层)2018年建板楼  -  松陵', '143万', '单价16250元/平米')
('https://image1.ljcdn.com/320500-inspection/test-710cac8b-8a46-4ad2-b7ea-1bf48283a219.png.296x216.jpg', '蓝光天悦城 开发商统装三房 中上楼层 采光好视野佳', '蓝光天悦城  | 3室2厅 | 106.49平米 | 南 | 其他 | 无电梯', '高楼层(共33层)板楼  -  太湖新城（吴江）', '229万', '单价21505元/平米')
('https://image1.ljcdn.com/320500-inspection/test-65ee9d70-65ce-4bf6-b565-0cac4bc519a5.png.296x216.jpg', '新湖明珠城望湖苑 2室2厅 168万', '新湖明珠城望湖苑  | 2室2厅 | 90.01平米 | 南 | 其他 | 有电梯', '低楼层(共17层)2016年建板塔结合  -  太湖新城（吴江）', '168万', '单价18665元/平米')
('https://image1.ljcdn.com/320500-inspection/0bf718c4-6aef-4e48-bcbb-f0ed0ab46b79.jpg.296x216.jpg', '新湖明珠城紫桂苑 3室2厅 186万', '新湖明珠城紫桂苑  | 3室2厅 | 85.6平米 | 南 | 其他 | 有电梯', '低楼层(共18层)2016年建板塔结合  -  太湖新城（吴江）', '186万', '单价21729元/平米')
('https://image1.ljcdn.com/320500-inspection/test-e89976c3-36ca-4f5c-9c7a-7d5d9e14f8d7.png.296x216.jpg', '新湖明珠城紫桂苑 3室2厅 285万', '新湖明珠城紫桂苑  | 3室2厅 | 138平米 | 南 北 | 其他 | 有电梯', '高楼层(共18层)2016年建板塔结合  -  太湖新城（吴江）', '285万', '单价20653元/平米')
('', '蓝光天悦城 3室2厅 215万', '蓝光天悦城  | 3室2厅 | 100平米 | 南 | 精装 | 有电梯', '中楼层(共33层)2018年建板楼  -  太湖新城（吴江）', '215万', '单价21500元/平米')
('https://image1.ljcdn.com/320500-inspection/6c7a8d26-dff4-48db-8a00-9dbc585cf0a6.jpg.296x216.jpg', '吴江上海城 2室2厅 148万', '吴江上海城  | 2室2厅 | 101平米 | 南 | 精装 | 有电梯', '低楼层(共18层)2000年建板楼  -  太湖新城（吴江）', '148万', '单价14654元/平米')
('https://image1.ljcdn.com/shfdfs-image/20161211/267468a5-f580-43ea-9287-565306ba245a.jpg.296x216.jpg', '伟业迎春乐家 2室2厅 133万', '伟业迎春乐家  | 2室2厅 | 86平米 | 南 | 毛坯 | 有电梯', '高楼层(共18层)2014年建板楼  -  太湖新城（吴江）', '133万', '单价15466元/平米')
('https://image1.ljcdn.com/320500-inspection/fde1972f-c9e0-4eb0-b334-c9eb9e7c8d85.jpg.296x216.jpg', '伟业迎春世家 2室2厅 155万', '伟业迎春世家  | 2室2厅 | 89平米 | 南 | 其他', '低楼层(共6层)暂无数据  -  太湖新城（吴江）', '155万', '单价17416元/平米')
('https://image1.ljcdn.com/320500-inspection/test-2138ae21-a561-4b14-9919-d35b0933009e.png.296x216.jpg', '吾悦广场西南边角户 精装自住 诚心出售', '吴江新城吾悦广场  | 1室1厅 | 57.16平米 | 南 西 | 其他 | 有电梯', '中楼层(共24层)2015年建板楼  -  太湖新城（吴江）', '63万', '单价11022元/平米')
('https://image1.ljcdn.com/x-se/hdic-frame/e5ddbd18-8c4c-4eaf-9556-d93d3277d1cd.png.280x210.jpg', '红树湾毛坯通透三房 采光无遮挡 视野很棒 出行便利', '新城红树湾  | 3室2厅 | 86平米 | 南 | 毛坯 | 有电梯', '高楼层(共34层)2016年建板塔结合  -  太湖新城（吴江）', '158万', '单价18373元/平米')
('https://image1.ljcdn.com/320500-inspection/50e87ad6-e978-4f3f-97aa-c1031233b10b.jpg.296x216.jpg', '丽湾国际 3室2厅 210万', '丽湾国际  | 3室2厅 | 143.13平米 | 南 北 | 其他 | 有电梯', '中楼层(共29层)2008年建板楼  -  太湖新城（吴江）', '210万', '单价14672元/平米')
('https://image1.ljcdn.com/320500-inspection/4cd30cce-5104-459c-96af-241b4192b7b2.jpg.296x216.jpg', '海亮长桥府 3室2厅 355万', '海亮长桥府  | 3室2厅 | 215平米 | 南 | 其他 | 无电梯', '低楼层(共6层)2015年建板楼  -  太湖新城（吴江）', '355万', '单价16512元/平米')
('https://image1.ljcdn.com/320500-inspection/a9798019-a7c8-4405-87d3-c0becebc21ce.jpg.296x216.jpg', '丽湾国际 3室2厅 205万', '丽湾国际  | 3室2厅 | 138平米 | 南 北 | 其他 | 有电梯', '中楼层(共32层)2008年建板楼  -  太湖新城（吴江）', '205万', '单价14856元/平米')
('https://image1.ljcdn.com/320500-inspection/test-a97693d0-7b81-42bd-a6e5-27bd6a08293a.png.296x216.jpg', '伟业迎春乐家 3室2厅 174万', '伟业迎春乐家  | 3室2厅 | 98.4平米 | 南 | 其他 | 有电梯', '高楼层(共18层)2014年建板楼  -  太湖新城（吴江）', '174万', '单价17683元/平米')
('', '新城红树湾 3室2厅 148万', '新城红树湾  | 3室2厅 | 85平米 | 南 | 毛坯 | 有电梯', '中楼层(共34层)2016年建板塔结合  -  太湖新城（吴江）', '148万', '单价17412元/平米')
('https://image1.ljcdn.com/320500-inspection/1e910f44-b08e-4045-b1d7-db3b8ae23345.jpg.296x216.jpg', '新城红树湾 3室2厅 175万', '新城红树湾  | 3室2厅 | 90平米 | 南 | 毛坯 | 有电梯', '高楼层(共8层)2016年建板塔结合  -  太湖新城（吴江）', '175万', '单价19445元/平米')
('https://image1.ljcdn.com/320500-inspection/test-10717fd2-2355-4e57-a84a-1e8dc26b4033.png.296x216.jpg', '中房颐园 3室2厅 270万', '中房颐园  | 3室2厅 | 132平米 | 南 北 | 其他 | 有电梯', '低楼层(共26层)板塔结合  -  太湖新城（吴江）', '270万', '单价20455元/平米')
('https://image1.ljcdn.com/320500-inspection/test-4e728e5f-3cea-405a-ba5d-88326b624dd6.png.296x216.jpg', '海亮长桥府 4室2厅 172万', '海亮长桥府  | 4室2厅 | 101平米 | 南 | 毛坯 | 有电梯', '中楼层(共26层)平房  -  太湖新城（吴江）', '172万', '单价17030元/平米')
('https://image1.ljcdn.com/320500-inspection/test-7a8945e5-ffa5-4439-be7b-d1e751329f89.png.296x216.jpg', '伟业迎春华府 2室2厅 160万', '伟业迎春华府  | 2室2厅 | 89.9平米 | 南 | 其他 | 有电梯', '低楼层(共18层)2012年建板楼  -  太湖新城（吴江）', '160万', '单价17798元/平米')
('', '伟业迎春世家 2室2厅 148万', '伟业迎春世家  | 2室2厅 | 94平米 | 南 | 简装 | 有电梯', '高楼层(共27层)2013年建板楼  -  太湖新城（吴江）', '148万', '单价15745元/平米')
('https://image1.ljcdn.com/320500-inspection/2e06d707-9cb5-4409-90bd-442b89d600ab.jpg.296x216.jpg', '伟业迎春华府 2室2厅 145万', '伟业迎春华府  | 2室2厅 | 84平米 | 南 | 精装 | 有电梯', '高楼层(共18层)2012年建板楼  -  太湖新城（吴江）', '145万', '单价17262元/平米')
('https://image1.ljcdn.com/320500-inspection/test-da1c6ce6-6bb5-424b-b6bd-3f4406f865fb.png.296x216.jpg', '新湖明珠城望湖苑 3室2厅 250万', '新湖明珠城望湖苑  | 3室2厅 | 143平米 | 南 | 精装 | 有电梯', '高楼层(共22层)2016年建板塔结合  -  太湖新城（吴江）', '250万', '单价17483元/平米')
('https://image1.ljcdn.com/320500-inspection/test-24f18fef-5e3e-412f-95ba-0ccf74153699.png.296x216.jpg', '瑞景国际 3室2厅 232万', '瑞景国际  | 3室2厅 | 136.4平米 | 南 | 其他 | 无电梯', '低楼层(共6层)2016年建板楼  -  松陵', '232万', '单价17009元/平米')
('https://image1.ljcdn.com/320500-inspection/test-52438aef-d892-44f5-9f15-c0cdef294b0e.png.296x216.jpg', '伟业迎春乐家 3室2厅 185万', '伟业迎春乐家  | 3室2厅 | 106平米 | 南 | 简装 | 有电梯', '中楼层(共18层)2014年建板楼  -  太湖新城（吴江）', '185万', '单价17453元/平米')
('', '伟业迎春城橙家 3室2厅 145万', '伟业迎春城橙家  | 3室2厅 | 94.85平米 | 南 | 毛坯 | 有电梯', '高楼层(共27层)2017年建板塔结合  -  太湖新城（吴江）', '145万', '单价15288元/平米')
('https://image1.ljcdn.com/320500-inspection/9d4db494-b7c5-44a4-b4bf-0dbf207e89d6.jpg.296x216.jpg', '海亮长桥府 3室2厅 174万', '海亮长桥府  | 3室2厅 | 103平米 | 南 | 其他 | 有电梯', '低楼层(共26层)2015年建板塔结合  -  太湖新城（吴江）', '174万', '单价16894元/平米')
('https://image1.ljcdn.com/320500-inspection/test-14293fd7-8e37-426d-8099-e5b2c3da3faa.png.296x216.jpg', '新湖明珠城紫桂苑 3室2厅 220万', '新湖明珠城紫桂苑  | 3室2厅 | 113平米 | 南 | 简装 | 有电梯', '高楼层(共23层)2016年建板塔结合  -  太湖新城（吴江）', '220万', '单价19470元/平米')
('https://image1.ljcdn.com/320500-inspection/test-0531dc14-0592-4019-b96d-a1d4a1e5a60f.png.296x216.jpg', '伟业迎春乐家 2室2厅 150万', '伟业迎春乐家  | 2室2厅 | 90.71平米 | 南 北 | 其他 | 有电梯', '高楼层(共18层)2016年建板楼  -  太湖新城（吴江）', '150万', '单价16537元/平米')
('https://image1.ljcdn.com/320500-inspection/test-12c69c03-c676-4b31-aa69-4e56334c8a69.png.296x216.jpg', '吴江上海城 3室2厅 189万', '吴江上海城  | 3室2厅 | 133.8平米 | 南 | 精装 | 有电梯', '中楼层(共18层)2000年建板楼  -  太湖新城（吴江）', '189万', '单价14126元/平米')
('', '新湖明珠城望湖苑 2室1厅 154万', '新湖明珠城望湖苑  | 2室1厅 | 91平米 | 南 | 其他 | 有电梯', '中楼层(共20层)2016年建板楼  -  太湖新城（吴江）', '154万', '单价16924元/平米')
('https://image1.ljcdn.com/320500-inspection/4eb63c71-108f-4cef-a24c-88f72cb71a2d.jpg.296x216.jpg', '新城红树湾 3室2厅 174万', '新城红树湾  | 3室2厅 | 85.84平米 | 南 | 其他 | 有电梯', '低楼层(共34层)2015年建板塔结合  -  太湖新城（吴江）', '174万', '单价20271元/平米')
('https://image1.ljcdn.com/320500-inspection/test-7b1fe508-cd68-4447-a6dc-32505558d280.png.296x216.jpg', '伟业迎春乐家 3室2厅 165万', '伟业迎春乐家  | 3室2厅 | 99平米 | 南 | 其他 | 有电梯', '高楼层(共18层)2016年建板楼  -  太湖新城（吴江）', '165万', '单价16667元/平米')
('https://image1.ljcdn.com/320500-inspection/49d89082-db05-4ea0-b489-954f754ae6d5.jpg.296x216.jpg', '蓝光天悦城 3室2厅 225万', '蓝光天悦城  | 3室2厅 | 100平米 | 南 | 精装 | 有电梯', '中楼层(共33层)2018年建板楼  -  太湖新城（吴江）', '225万', '单价22500元/平米')
('https://image1.ljcdn.com/320500-inspection/test-54c58e5d-0f9c-45ae-b576-84c9942b046a.png.296x216.jpg', '伟业迎春乐家 2室2厅 136万', '伟业迎春乐家  | 2室2厅 | 90平米 | 暂无数据 | 精装 | 有电梯', '低楼层(共18层)2016年建板楼  -  太湖新城（吴江）', '136万', '单价15112元/平米')
('https://image1.ljcdn.com/x-se/hdic-frame/d3c8858d-1565-4935-b176-a23064667fbd.png.280x210.jpg', '新城红树湾 3室2厅 200万', '新城红树湾  | 3室2厅 | 90.2平米 | 南 北 | 其他 | 有电梯', '中楼层(共11层)2016年建板塔结合  -  太湖新城（吴江）', '200万', '单价22173元/平米')
('https://image1.ljcdn.com/320500-inspection/b67ab271-b592-45b0-820a-0e8429ee7f7b.jpg.296x216.jpg', '绿地中心 2室1厅 72万', '绿地中心  | 2室1厅 | 61.27平米 | 北 | 其他 | 有电梯', '中楼层(共18层)2018年建板楼  -  太湖新城（吴江）', '72万', '单价11752元/平米')
('https://image1.ljcdn.com/320500-inspection/test-a4858b16-bb68-4e2a-9a87-603356b72f18.png.296x216.jpg', '瑞景国际 3室2厅 246万', '瑞景国际  | 3室2厅 | 132平米 | 南 | 精装 | 有电梯', '低楼层(共10层)2016年建板楼  -  松陵', '246万', '单价18637元/平米')
('https://image1.ljcdn.com/320500-inspection/a4b53c8d-e8b9-4153-ad73-27f4aeb519dc.jpg.296x216.jpg', '伟业迎春世家 2室2厅 158万', '伟业迎春世家  | 2室2厅 | 88平米 | 南 | 其他 | 有电梯', '高楼层(共25层)2014年建板楼  -  太湖新城（吴江）', '158万', '单价17955元/平米')
('https://image1.ljcdn.com/320500-inspection/test-902d5159-d066-42c2-bb16-71c12e4e0520.png.296x216.jpg', '伟业迎春乐家 3室2厅 168.5万', '伟业迎春乐家  | 3室2厅 | 95.6平米 | 南 | 精装 | 有电梯', '低楼层(共18层)2016年建板楼  -  太湖新城（吴江）', '168.5万', '单价17626元/平米')
('', '新湖明珠城望湖苑 3室2厅 205万', '新湖明珠城望湖苑  | 3室2厅 | 118平米 | 南 | 毛坯', '高楼层(共23层)板楼  -  太湖新城（吴江）', '205万', '单价17373元/平米')
('https://image1.ljcdn.com/320500-inspection/14865d87-fbfd-4da5-8a63-119527eb89c0.jpg.296x216.jpg', '一线湖景公寓，挑高5.3米，配套齐全，随时可看', '绿地中心  | 2室1厅 | 62.06平米 | 南 | 其他 | 有电梯', '中楼层(共18层)2018年建板楼  -  太湖新城（吴江）', '93万', '单价14986元/平米')
('https://image1.ljcdn.com/320500-inspection/test-adfe8d02-e837-4e83-87c3-43200eb2f265.png.296x216.jpg', '新湖明珠城米兰苑 3室2厅 267万', '新湖明珠城米兰苑  | 3室2厅 | 127平米 | 南 | 其他', '中楼层(共6层)暂无数据  -  太湖新城（吴江）', '267万', '单价21024元/平米')
('https://image1.ljcdn.com/320500-inspection/968b8b6f-83d5-4241-8eac-d64350591c3e.jpg.296x216.jpg', '乐家 精装三房 俩房朝南一房朝北 采光好 诚心出售', '伟业迎春乐家  | 3室2厅 | 104平米 | 南 北 | 精装 | 无电梯', '中楼层(共6层)2016年建板楼  -  太湖新城（吴江）', '178万', '单价17116元/平米')
('https://image1.ljcdn.com/320500-inspection/test-3d1c72d1-edd9-4ad0-b5a5-b91828c7cdd8.png.296x216.jpg', '中房颐园 4室2厅 292万', '中房颐园  | 4室2厅 | 143平米 | 南 | 其他 | 有电梯', '低楼层(共18层)板塔结合  -  太湖新城（吴江）', '292万', '单价20420元/平米')
('https://image1.ljcdn.com/320500-inspection/test-4ba71219-cdfa-48ef-a2c4-e87acf67b496.png.296x216.jpg', '绿地太湖城 4室2厅 385万', '绿地太湖城  | 4室2厅 | 179.9平米 | 南 | 毛坯 | 无电梯', '低楼层(共5层)2015年建板楼  -  太湖新城（吴江）', '385万', '单价21401元/平米')
('https://image1.ljcdn.com/320500-inspection/test-c57e0632-57e0-4806-9cbc-8c98842d56a3.png.296x216.jpg', '九龙豪苑 3室2厅 162万', '九龙豪苑  | 3室2厅 | 106平米 | 南 | 其他 | 无电梯', '高楼层(共6层)2003年建板楼  -  太湖新城（吴江）', '162万', '单价15284元/平米')
('https://image1.ljcdn.com/320500-inspection/b2e3b0ca-2d92-48e4-9caf-d36ccfacf90e.jpg.296x216.jpg', '中南世纪城 2室2厅 180万', '中南世纪城  | 2室2厅 | 95平米 | 南 北 | 精装 | 有电梯', '中楼层(共26层)板楼  -  松陵', '180万', '单价18948元/平米')
('https://image1.ljcdn.com/320500-inspection/test-9fc6e032-71cd-4f0c-b79c-cfdfac69923c.png.296x216.jpg', '海亮长桥府 4室3厅 346万', '海亮长桥府  | 4室3厅 | 185平米 | 南 | 精装 | 无电梯', '高楼层(共6层)2015年建板楼  -  太湖新城（吴江）', '346万', '单价18703元/平米')
('https://image1.ljcdn.com/320500-inspection/test-88912704-090b-4213-892b-255b9cf419f7.png.296x216.jpg', '新湖明珠城紫桂苑 3室2厅 249万', '新湖明珠城紫桂苑  | 3室2厅 | 138平米 | 南 北 | 其他 | 有电梯', '低楼层(共18层)2016年建板塔结合  -  太湖新城（吴江）', '249万', '单价18044元/平米')
('https://image1.ljcdn.com/320500-inspection/b722865a-0f6f-44bc-882c-b85a386cda79.jpg.296x216.jpg', '新城红树湾 3室2厅 192万', '新城红树湾  | 3室2厅 | 91平米 | 南 | 其他 | 有电梯', '中楼层(共8层)2016年建板塔结合  -  太湖新城（吴江）', '192万', '单价21099元/平米')
('https://image1.ljcdn.com/320500-inspection/test-8e1081bc-4b70-4912-bf14-09ac5cd92901.png.296x216.jpg', '苏州湾景苑 4室2厅 410万', '苏州湾景苑  | 4室2厅 | 167平米 | 南 | 毛坯 | 有电梯', '中楼层(共31层)2017年建板楼  -  太湖新城（吴江）', '410万', '单价24551元/平米')
('https://image1.ljcdn.com/shfdfs-image/20171214/045ded01-7310-4294-98db-06a79ef43ea5.jpg.296x216.jpg', '吴江新城吾悦广场 1室0厅 45万', '吴江新城吾悦广场  | 1室0厅 | 37平米 | 南 | 精装 | 有电梯', '高楼层(共16层)2015年建板楼  -  太湖新城（吴江）', '45万', '单价12163元/平米')
('https://image1.ljcdn.com/320500-inspection/test-60738b72-ab2b-45b2-b927-8b5b13bb1ea7.png.296x216.jpg', '蓝光天悦城 统装三房 中低楼层 诚心出售', '蓝光天悦城  | 3室2厅 | 107平米 | 南 | 精装 | 有电梯', '低楼层(共33层)2018年建板楼  -  太湖新城（吴江）', '220万', '单价20561元/平米')
('https://image1.ljcdn.com/320500-inspection/test-23ebc32a-ac80-4cde-9d36-b90a8979c740.png.296x216.jpg', '伟业迎春华府 2室2厅 135万', '伟业迎春华府  | 2室2厅 | 84.25平米 | 南 | 其他 | 有电梯', '高楼层(共18层)2012年建板楼  -  太湖新城（吴江）', '135万', '单价16024元/平米')
('https://image1.ljcdn.com/320500-inspection/test-e8a08749-cfe2-49c3-9a92-3f1d945a540d.png.296x216.jpg', '新城红树湾 3室2厅 189万', '新城红树湾  | 3室2厅 | 90平米 | 南 | 其他 | 有电梯', '中楼层(共10层)2016年建板塔结合  -  太湖新城（吴江）', '189万', '单价21000元/平米')
('https://image1.ljcdn.com/320500-inspection/test-00edbcbb-0529-4d42-9c2b-ad564ca5be9f.png.296x216.jpg', '蓝光天悦城 统装三房 交通便利', '蓝光天悦城  | 3室2厅 | 106.5平米 | 南 | 精装 | 有电梯', '低楼层(共33层)2016年建板楼  -  太湖新城（吴江）', '216万', '单价20282元/平米')
('https://image1.ljcdn.com/320500-inspection/test-46d976bb-8bcb-4b72-8619-2d614b81363b.png.296x216.jpg', '伟业迎春华府 3室2厅 150万', '伟业迎春华府  | 3室2厅 | 82平米 | 南 | 其他 | 有电梯', '高楼层(共18层)2013年建板楼  -  太湖新城（吴江）', '150万', '单价18293元/平米')
('https://image1.ljcdn.com/320500-inspection/test-d96ebb49-45ea-46c1-ade6-90ce5f779c8c.png.296x216.jpg', '伟业迎春乐家 2室2厅 145万', '伟业迎春乐家  | 2室2厅 | 83.51平米 | 南 | 精装 | 有电梯', '中楼层(共18层)2016年建板楼  -  太湖新城（吴江）', '145万', '单价17364元/平米')
('https://image1.ljcdn.com/320500-inspection/test-48be6c29-cd23-437d-800f-aa1b0cc85a53.png.296x216.jpg', '海亮长桥府 3室2厅 173万', '海亮长桥府  | 3室2厅 | 95平米 | 南 | 其他 | 有电梯', '中楼层(共27层)2015年建板楼  -  太湖新城（吴江）', '173万', '单价18211元/平米')
('https://image1.ljcdn.com/shfdfs-image/20171216/47b1a7cf-0729-44c9-97fe-9b0c6766f713.jpg.296x216.jpg', '亨通长安府 4室2厅 228万', '亨通长安府  | 4室2厅 | 143.8平米 | 南 | 毛坯 | 有电梯', '高楼层(共33层)板楼  -  松陵', '228万', '单价15856元/平米')
('https://image1.ljcdn.com/320500-inspection/test-57e18c9e-0ace-4c38-a432-1fe755d43eb8.png.296x216.jpg', '新城红树湾 2室2厅 145万', '新城红树湾  | 2室2厅 | 77平米 | 南 | 其他 | 有电梯', '高楼层(共34层)2015年建板塔结合  -  太湖新城（吴江）', '145万', '单价18832元/平米')
('https://image1.ljcdn.com/320500-inspection/test-a4934294-3072-4083-8cd7-43909ae74cdf.png.296x216.jpg', '海亮长桥府 4室2厅 232万', '海亮长桥府  | 4室2厅 | 123平米 | 南 | 其他 | 有电梯', '中楼层(共24层)2013年建板塔结合  -  太湖新城（吴江）', '232万', '单价18862元/平米')
('https://image1.ljcdn.com/320500-inspection/test-0fd40e72-582f-4278-abcb-5335a8b522fe.png.296x216.jpg', '华润凯旋门 3室2厅 272万', '华润凯旋门  | 3室2厅 | 124.9平米 | 南 | 其他 | 有电梯', '低楼层(共28层)2017年建板楼  -  太湖新城（吴江）', '272万', '单价21778元/平米')
('https://image1.ljcdn.com/320500-inspection/3eb8df54-8bc0-4a80-8ad7-69caabb58a6c.jpg.296x216.jpg', '新湖明珠城望湖苑 4室2厅 357万', '新湖明珠城望湖苑  | 4室2厅 | 219平米 | 南 | 简装 | 有电梯', '中楼层(共21层)2016年建板塔结合  -  太湖新城（吴江）', '357万', '单价16302元/平米')
('https://image1.ljcdn.com/320500-inspection/rsp_pic_upload33eb4c46-8381-473f-9bea-bbfb86ba902f.jpg.296x216.jpg', '伟业迎春华府，改善4房，中间楼层，采光无遮挡', '伟业迎春华府  | 4室2厅 | 133平米 | 暂无数据 | 简装 | 有电梯', '中楼层(共18层)2012年建板楼  -  太湖新城（吴江）', '208万', '单价15640元/平米')
('https://image1.ljcdn.com/320500-inspection/test-77eb0075-a924-487b-8768-725ae60bd44e.png.296x216.jpg', '蓝光天悦城 3室2厅 235万', '蓝光天悦城  | 3室2厅 | 107平米 | 南 | 其他 | 有电梯', '低楼层(共23层)2016年建板楼  -  太湖新城（吴江）', '235万', '单价21963元/平米')
('https://image1.ljcdn.com/320500-inspection/27eea9c0-f83f-4603-9d14-852c7754dc43.jpg.296x216.jpg', '丽湾国际 3室2厅 230万', '丽湾国际  | 3室2厅 | 141平米 | 暂无数据 | 精装 | 有电梯', '低楼层(共17层)2008年建板楼  -  太湖新城（吴江）', '230万', '单价16313元/平米')
('https://image1.ljcdn.com/320500-inspection/test-d6e8f6f1-916b-43ef-ae45-947285588dca.png.296x216.jpg', '阳光嘉园 1室1厅 70万', '阳光嘉园  | 1室1厅 | 49.55平米 | 南 | 其他 | 有电梯', '中楼层(共11层)2006年建板楼  -  松陵', '70万', '单价14128元/平米')
('https://image1.ljcdn.com/320500-inspection/test-a9a60380-8fce-4159-8895-49223b6962ec.png.296x216.jpg', '湾上风华 3室2厅 205万', '湾上风华  | 3室2厅 | 95平米 | 南 | 其他', '高楼层(共30层)暂无数据  -  太湖新城（吴江）', '205万', '单价21579元/平米')
('https://image1.ljcdn.com/320500-inspection/rsp_pic_upload180a4101-fc5c-40a8-b027-59e03b7589a5.jpg.296x216.jpg', '乐家 精装俩房 俩房朝南 采光好 诚心出售 实用面积高', '伟业迎春乐家  | 2室2厅 | 88平米 | 南 | 精装 | 有电梯', '高楼层(共18层)2014年建板楼  -  太湖新城（吴江）', '159万', '单价18069元/平米')
('https://image1.ljcdn.com/320500-inspection/test-6ba67c06-7847-4ca7-a5dd-16cd8f13abdb.png.296x216.jpg', '伟业迎春乐家 3室2厅 194万', '伟业迎春乐家  | 3室2厅 | 108平米 | 南 | 精装 | 有电梯', '高楼层(共18层)2015年建板楼  -  太湖新城（吴江）', '194万', '单价17963元/平米')
('https://image1.ljcdn.com/320500-inspection/test-8c67f125-3b95-46a7-b522-4caf1b06f2d9.png.296x216.jpg', '蓝光天悦城 3室2厅 219万', '蓝光天悦城  | 3室2厅 | 107平米 | 南 | 其他 | 有电梯', '低楼层(共28层)2016年建板楼  -  太湖新城（吴江）', '219万', '单价20468元/平米')
('https://image1.ljcdn.com/320500-inspection/20dbae3c-c160-47d8-9b62-66da14fa1beb.jpg.296x216.jpg', '新城红树湾 3室2厅 170万', '新城红树湾  | 3室2厅 | 85平米 | 南 | 精装 | 有电梯', '中楼层(共34层)2016年建板塔结合  -  太湖新城（吴江）', '170万', '单价20000元/平米')
('https://image1.ljcdn.com/320500-inspection/test-d86ddc62-efed-4157-93de-62d5db06164c.png.296x216.jpg', '新湖明珠城望湖苑 4室2厅 410万', '新湖明珠城望湖苑  | 4室2厅 | 225平米 | 暂无数据 | 毛坯 | 有电梯', '高楼层(共21层)2016年建板塔结合  -  太湖新城（吴江）', '410万', '单价18223元/平米')
('https://image1.ljcdn.com/320500-inspection/test-d5b109a3-2df7-4800-b4e1-cc4594c3b834.png.296x216.jpg', '瑞景国际 4室2厅 240万', '瑞景国际  | 4室2厅 | 143平米 | 南 北 | 其他 | 有电梯', '低楼层(共9层)2016年建板楼  -  松陵', '240万', '单价16784元/平米')
('https://image1.ljcdn.com/320500-inspection/b0567859-fd99-4d46-820f-6b07f05258cc.jpg.296x216.jpg', '伟业迎春华府 3室2厅 155万', '伟业迎春华府  | 3室2厅 | 90平米 | 南 | 精装 | 无电梯', '高楼层(共5层)2012年建板楼  -  太湖新城（吴江）', '155万', '单价17223元/平米')
('https://image1.ljcdn.com/320500-inspection/1005f24f-68d5-4839-8b10-441ce803a72a.jpg.296x216.jpg', '海亮长桥府 4室2厅 261万', '海亮长桥府  | 4室2厅 | 187平米 | 南 | 简装 | 无电梯', '低楼层(共7层)2013年建板塔结合  -  太湖新城（吴江）', '261万', '单价13958元/平米')
('https://image1.ljcdn.com/320500-inspection/test-ebc71d94-1bc5-43f9-905c-9a902c4f2f33.png.296x216.jpg', '苏高新地产天城花园 4室2厅 185万', '苏高新地产天城花园  | 4室2厅 | 141平米 | 南 | 其他 | 有电梯', '低楼层(共24层)2015年建板塔结合  -  松陵', '185万', '单价13121元/平米')
('https://image1.ljcdn.com/320500-inspection/2628858c-9b6e-417a-bde9-66ab11d76b50.jpg.296x216.jpg', '华润凯旋门 3室2厅 318万', '华润凯旋门  | 3室2厅 | 143.3平米 | 南 | 精装', '低楼层(共34层)板楼  -  太湖新城（吴江）', '318万', '单价22192元/平米')
('https://image1.ljcdn.com/320500-inspection/b2d7b254-f0a8-4cf1-9631-c055590c5858.jpg.296x216.jpg', '吴越祥院 4室2厅 301万', '吴越祥院  | 4室2厅 | 174平米 | 南 北 | 其他 | 有电梯', '中楼层(共10层)2011年建板楼  -  太湖新城（吴江）', '301万', '单价17299元/平米')
('https://image1.ljcdn.com/320500-inspection/test-5e8d0a15-4663-4856-8f4d-e6cddde7296e.png.296x216.jpg', '新城红树湾 3室2厅 196万', '新城红树湾  | 3室2厅 | 90.5平米 | 南 | 其他 | 有电梯', '中楼层(共10层)2016年建板塔结合  -  太湖新城（吴江）', '196万', '单价21658元/平米')
('https://image1.ljcdn.com/320500-inspection/02fa9b98-9a1e-470b-8174-b25d5e1d5e75.jpg.296x216.jpg', '西湖花苑 2室2厅 160万', '西湖花苑  | 2室2厅 | 101.42平米 | 南 | 其他 | 无电梯', '高楼层(共6层)2009年建板楼  -  太湖新城（吴江）', '160万', '单价15776元/平米')
('https://image1.ljcdn.com/320500-inspection/650828e5-f243-42ff-8f22-6bdd440d3df1.jpg.296x216.jpg', '新湖明珠城望湖苑 4室2厅 450万', '新湖明珠城望湖苑  | 4室2厅 | 221.87平米 | 南 | 其他 | 有电梯', '低楼层(共22层)2016年建板楼  -  太湖新城（吴江）', '450万', '单价20283元/平米')
('https://image1.ljcdn.com/320500-inspection/test-41bd7059-e5a4-4120-91ac-869133830a8c.png.296x216.jpg', '新城红树湾 3室2厅 179万', '新城红树湾  | 3室2厅 | 88平米 | 南 | 精装 | 有电梯', '高楼层(共32层)2016年建板塔结合  -  太湖新城（吴江）', '179万', '单价20341元/平米')
('https://image1.ljcdn.com/320500-inspection/0b84b2fd-27ba-45e2-b3a5-92a6955bea28.jpg.296x216.jpg', '新湖明珠城米兰苑 2室2厅 195万', '新湖明珠城米兰苑  | 2室2厅 | 99.5平米 | 南 | 精装 | 无电梯', '中楼层(共6层)板楼  -  太湖新城（吴江）', '195万', '单价19598元/平米')
('https://image1.ljcdn.com/320500-inspection/824c8f12-ef42-448e-82cd-45af5bd39750.jpg.296x216.jpg', '海亮长桥府 4室2厅 245万', '海亮长桥府  | 4室2厅 | 138平米 | 南 | 毛坯 | 有电梯', '中楼层(共12层)2018年建板楼  -  太湖新城（吴江）', '245万', '单价17754元/平米')
('https://image1.ljcdn.com/320500-inspection/test-b876b536-35ed-4faf-a93f-b6e243fb8f2d.png.296x216.jpg', '新城红树湾 3室2厅 179万', '新城红树湾  | 3室2厅 | 90平米 | 南 | 精装 | 有电梯', '高楼层(共11层)2016年建板塔结合  -  太湖新城（吴江）', '179万', '单价19889元/平米')
('', '西湖花苑通透精装大三房 全新装修未住过 满两年税少', '西湖花苑  | 3室2厅 | 124.22平米 | 暂无数据 | 精装 | 有电梯', '高楼层(共13层)2009年建板楼  -  太湖新城（吴江）', '184万', '单价14813元/平米')
('https://image1.ljcdn.com/320500-inspection/1436b6e5-5a3e-4937-b9ab-05ca1f9f1e9c.jpg.296x216.jpg', '新城红树湾 4室2厅 249万', '新城红树湾  | 4室2厅 | 120平米 | 南 | 精装 | 有电梯', '高楼层(共11层)2016年建板塔结合  -  太湖新城（吴江）', '249万', '单价20750元/平米')
('https://image1.ljcdn.com/320500-inspection/412dffa2-2708-4dd6-ad3c-8234a4981206.png.296x216.jpg', '美岸青城幸福里 3室2厅 198万', '美岸青城幸福里  | 3室2厅 | 127.64平米 | 南 | 精装 | 无电梯', '低楼层(共6层)2011年建板楼  -  松陵', '198万', '单价15513元/平米')
('https://image1.ljcdn.com/320500-inspection/test-5ea77d86-2360-4042-b615-27e6c3b7404e.png.296x216.jpg', '乐家 毛坯三房 俩房朝南一房朝北 采光好  随时看', '伟业迎春乐家  | 3室2厅 | 89.5平米 | 南 北 | 其他 | 无电梯', '高楼层(共6层)2016年建板楼  -  太湖新城（吴江）', '160万', '单价17878元/平米')
('', '海亮长桥府 3室2厅 190万', '海亮长桥府  | 3室2厅 | 101.4平米 | 暂无数据 | 毛坯 | 有电梯', '低楼层(共26层)平房  -  太湖新城（吴江）', '190万', '单价18738元/平米')
('https://image1.ljcdn.com/320500-inspection/e095c1f5-5dfd-465d-93ef-944ca8b271fa.jpg.296x216.jpg', '新湖明珠城望湖苑 3室2厅 216万', '新湖明珠城望湖苑  | 3室2厅 | 130平米 | 南 | 其他', '低楼层(共6层)暂无数据  -  太湖新城（吴江）', '216万', '单价16616元/平米')
('https://image1.ljcdn.com/320500-inspection/65d08d33-863b-4f22-8637-d1777a324e8c.jpg.296x216.jpg', '奥林清华 4室2厅 310万', '奥林清华  | 4室2厅 | 159平米 | 南 | 毛坯 | 有电梯', '高楼层(共30层)2006年建板塔结合  -  松陵', '310万', '单价19497元/平米')
('https://image1.ljcdn.com/320500-inspection/test-ee6ab949-1cf7-4322-817c-662b4c26c5c1.png.296x216.jpg', '新湖明珠城聆湖苑 4室2厅 315万', '新湖明珠城聆湖苑  | 4室2厅 | 143平米 | 南 | 精装 | 有电梯', '中楼层(共28层)2016年建板楼  -  太湖新城（吴江）', '315万', '单价22028元/平米')
('', '苏高新地产天城花园 3室2厅 265万', '苏高新地产天城花园  | 3室2厅 | 143.7平米 | 暂无数据 | 其他 | 有电梯', '高楼层(共27层)2015年建板塔结合  -  松陵', '265万', '单价18442元/平米')
('https://image1.ljcdn.com/320500-inspection/10b165bf-e7b0-425a-9814-8ae83a94541c.jpg.296x216.jpg', '伟业迎春华府 3室2厅 150万', '伟业迎春华府  | 3室2厅 | 91.6平米 | 南 | 其他 | 无电梯', '高楼层(共6层)2012年建板楼  -  太湖新城（吴江）', '150万', '单价16376元/平米')
('https://image1.ljcdn.com/320500-inspection/e25d3b11-24a2-4942-8806-37ebaa53b527.jpg.296x216.jpg', '新湖明珠城紫桂苑 4室2厅 265万', '新湖明珠城紫桂苑  | 4室2厅 | 142平米 | 南 | 精装 | 有电梯', '高楼层(共25层)2016年建板楼  -  太湖新城（吴江）', '265万', '单价18662元/平米')
('https://image1.ljcdn.com/320500-inspection/test-9b1df935-36d6-4714-9577-6631da4a0cd3.png.296x216.jpg', '海亮长桥府 3室2厅 170万', '海亮长桥府  | 3室2厅 | 92平米 | 南 北 | 其他 | 有电梯', '高楼层(共24层)板楼  -  太湖新城（吴江）', '170万', '单价18479元/平米')
('', '海亮长桥府 4室2厅 255万', '海亮长桥府  | 4室2厅 | 145平米 | 南 | 其他 | 无电梯', '低楼层(共6层)2015年建板楼  -  太湖新城（吴江）', '255万', '单价17587元/平米')
('https://image1.ljcdn.com/320500-inspection/88dd5713-96f6-4eda-8685-9648bec8b0f2.jpg.296x216.jpg', '新城红树湾 3室2厅 169万', '新城红树湾  | 3室2厅 | 86.26平米 | 南 | 毛坯 | 有电梯', '高楼层(共34层)2016年建板塔结合  -  太湖新城（吴江）', '169万', '单价19592元/平米')
('https://image1.ljcdn.com/320500-inspection/test-02be05a4-5143-4d61-84db-23872815a2b4.png.296x216.jpg', '蓝光天悦城 3室2厅 219万', '蓝光天悦城  | 3室2厅 | 107平米 | 南 | 其他 | 有电梯', '低楼层(共28层)2016年建板楼  -  太湖新城（吴江）', '219万', '单价20468元/平米')
('', '香悦水岸 1室1厅 58万', '香悦水岸  | 1室1厅 | 52.35平米 | 南 | 其他 | 有电梯', '低楼层(共16层)2016年建板塔结合  -  汾湖', '58万', '单价11080元/平米')
('https://image1.ljcdn.com/320500-inspection/9eb14274-5ba6-45c6-a7b9-db4a155e9c7c.jpg.296x216.jpg', '伟业迎春乐家 2室2厅 150万', '伟业迎春乐家  | 2室2厅 | 84平米 | 南 | 精装 | 无电梯', '低楼层(共6层)2016年建板楼  -  太湖新城（吴江）', '150万', '单价17858元/平米')
('https://image1.ljcdn.com/320500-inspection/test-e1331362-c1f4-432b-9be0-ddd9946d3056.png.296x216.jpg', '瑞景国际 3室2厅 210万', '瑞景国际  | 3室2厅 | 137平米 | 南 | 其他 | 无电梯', '中楼层(共6层)2016年建板楼  -  松陵', '210万', '单价15329元/平米')
('https://image1.ljcdn.com/320500-inspection/test-7f4ad0b0-0446-4ebc-ae25-08eaaa6cdb60.png.296x216.jpg', '格林华城 2室1厅 138万', '格林华城  | 2室1厅 | 83平米 | 南 北 | 其他 | 无电梯', '中楼层(共6层)2007年建板楼  -  松陵', '138万', '单价16627元/平米')
('https://image1.ljcdn.com/320500-inspection/test-4086112e-2b1e-4784-91ca-4d309094fa87.png.296x216.jpg', '中房颐园 3室2厅 298万', '中房颐园  | 3室2厅 | 134.07平米 | 南 | 精装 | 有电梯', '低楼层(共26层)板塔结合  -  太湖新城（吴江）', '298万', '单价22228元/平米')
('', '伟业迎春城橙家 2室1厅 146万', '伟业迎春城橙家  | 2室1厅 | 94.85平米 | 南 | 其他 | 有电梯', '高楼层(共27层)2017年建板塔结合  -  太湖新城（吴江）', '146万', '单价15393元/平米')
('https://image1.ljcdn.com/320500-inspection/test-095ef269-f2d2-466a-b9f4-e1929d7c4686.png.296x216.jpg', '伟业迎春世家 3室2厅 184万', '伟业迎春世家  | 3室2厅 | 106平米 | 南 | 其他 | 无电梯', '低楼层(共6层)2015年建板楼  -  太湖新城（吴江）', '184万', '单价17359元/平米')
('', '中南世纪城 3室2厅 194万', '中南世纪城  | 3室2厅 | 108平米 | 南 | 精装 | 有电梯', '高楼层(共33层)2019年建板塔结合  -  松陵', '194万', '单价17963元/平米')
('https://image1.ljcdn.com/320500-inspection/test-13a8fc74-634d-4f34-aab7-fd90fbb66d7d.png.296x216.jpg', '伟业迎春乐家 2室2厅 153万', '伟业迎春乐家  | 2室2厅 | 88平米 | 南 | 精装 | 有电梯', '中楼层(共18层)2016年建板楼  -  太湖新城（吴江）', '153万', '单价17387元/平米')
('', '卓锦兰香 4室2厅 166万', '卓锦兰香  | 4室2厅 | 127.09平米 | 南 | 其他 | 有电梯', '低楼层(共20层)2015年建板塔结合  -  松陵', '166万', '单价13062元/平米')
('https://image1.ljcdn.com/320500-inspection/test-5940d7f3-fd54-4415-8b35-5206fb2c8369.png.296x216.jpg', '红树湾毛坯三房 中上楼层 远眺东太湖 看房有钥匙', '新城红树湾  | 3室2厅 | 87.6平米 | 南 | 毛坯 | 有电梯', '中楼层(共34层)2016年建板塔结合  -  太湖新城（吴江）', '159万', '单价18151元/平米')
('', '首开玖珑花园 3室2厅 266万', '首开玖珑花园  | 3室2厅 | 114平米 | 南 | 其他 | 有电梯', '高楼层(共34层)2016年建板楼  -  太湖新城（吴江）', '266万', '单价23334元/平米')
('https://image1.ljcdn.com/320500-inspection/d5e7eb45-407c-4a4d-bc62-1779f7167249.jpg.296x216.jpg', '新湖明珠城紫桂苑 1室1厅 71万', '新湖明珠城紫桂苑  | 1室1厅 | 51平米 | 南 北 | 其他', '中楼层(共13层)板塔结合  -  太湖新城（吴江）', '71万', '单价13922元/平米')
('https://image1.ljcdn.com/x-se/hdic-frame/ce47823d-a06f-415c-9371-fdc273e97e51.png.280x210.jpg', '新湖明珠城望湖苑 2室2厅 165万', '新湖明珠城望湖苑  | 2室2厅 | 90.17平米 | 南 北 | 毛坯 | 有电梯', '高楼层(共17层)2016年建板塔结合  -  太湖新城（吴江）', '165万', '单价18299元/平米')
('https://image1.ljcdn.com/320500-inspection/test-98913a8d-e2e9-4cf3-8a84-f89b1bbc27f1.png.296x216.jpg', '蓝光天悦城 4室2厅 255万', '蓝光天悦城  | 4室2厅 | 117平米 | 南 北 | 其他 | 有电梯', '中楼层(共28层)2016年建板楼  -  太湖新城（吴江）', '255万', '单价21795元/平米')
('', '新湖明珠城米兰苑 3室2厅 260万', '新湖明珠城米兰苑  | 3室2厅 | 128平米 | 南 | 精装 | 有电梯', '中楼层(共11层)板楼  -  太湖新城（吴江）', '260万', '单价20313元/平米')
('https://image1.ljcdn.com/320500-inspection/rsp_pic_uploadcfffe000-6920-449e-ab60-a39c0f69322e.jpg.296x216.jpg', '绿地太湖城 4室2厅 368万', '绿地太湖城  | 4室2厅 | 171.2平米 | 南 | 毛坯 | 无电梯', '中楼层(共5层)2015年建板楼  -  太湖新城（吴江）', '368万', '单价21496元/平米')
('', '新城招商香溪源 3室2厅 165万', '新城招商香溪源  | 3室2厅 | 93平米 | 南 | 毛坯 | 有电梯', '低楼层(共34层)2019年建板塔结合  -  太湖新城（吴江）', '165万', '单价17742元/平米')
('https://image1.ljcdn.com/320500-inspection/test-693c52d3-67e5-42a8-bcb2-d7676284c41d.png.296x216.jpg', '伟业迎春华府 3室2厅 135万', '伟业迎春华府  | 3室2厅 | 78平米 | 南 | 其他 | 无电梯', '低楼层(共5层)2012年建板楼  -  太湖新城（吴江）', '135万', '单价17308元/平米')
('https://image1.ljcdn.com/x-se/hdic-frame/f16bc1b5-356d-468e-84d6-39b9e8a4f632.png.280x210.jpg', '海亮长桥府 4室2厅 204万', '海亮长桥府  | 4室2厅 | 122.8平米 | 南 | 其他 | 有电梯', '中楼层(共27层)2015年建板楼  -  太湖新城（吴江）', '204万', '单价16613元/平米')
('https://image1.ljcdn.com/320500-inspection/test-325dd084-b161-4479-aff6-1fb87c232116.png.296x216.jpg', '新湖明珠城丹桂苑 3室2厅 256万', '新湖明珠城丹桂苑  | 3室2厅 | 132平米 | 南 北 | 其他 | 无电梯', '高楼层(共6层)2016年建板楼  -  太湖新城（吴江）', '256万', '单价19394元/平米')
('', '香悦水岸 3室2厅 160万', '香悦水岸  | 3室2厅 | 140平米 | 南 北 | 毛坯 | 有电梯', '高楼层(共18层)2016年建板塔结合  -  汾湖', '160万', '单价11429元/平米')
('https://image1.ljcdn.com/320500-inspection/test-0f87ed47-6cab-46d1-b8ad-34f2ce29890a.png.296x216.jpg', '新湖明珠城望湖苑 2室2厅 168万', '新湖明珠城望湖苑  | 2室2厅 | 91平米 | 南 | 其他 | 有电梯', '中楼层(共20层)2016年建板楼  -  太湖新城（吴江）', '168万', '单价18462元/平米')
('https://image1.ljcdn.com/x-se/hdic-frame/0ab4a86b-c392-4117-b705-bdd6c8d7626d.png.280x210.jpg', '伟业迎春城橙家 2室2厅 125万', '伟业迎春城橙家  | 2室2厅 | 78平米 | 南 | 毛坯 | 有电梯', '高楼层(共27层)2017年建板楼  -  太湖新城（吴江）', '125万', '单价16026元/平米')
('https://image1.ljcdn.com/320500-inspection/test-48816f87-29f2-49c9-b91b-e108c859eefa.png.296x216.jpg', '首开玖珑花园 2室2厅 170万', '首开玖珑花园  | 2室2厅 | 92.09平米 | 南 | 其他 | 有电梯', '中楼层(共32层)2016年建板楼  -  太湖新城（吴江）', '170万', '单价18461元/平米')
('', '朗诗太湖绿郡 4室2厅 360万', '朗诗太湖绿郡  | 4室2厅 | 142平米 | 南 | 其他 | 无电梯', '低楼层(共7层)2016年建板楼  -  松陵', '360万', '单价25353元/平米')
('https://image1.ljcdn.com/320500-inspection/test-7be5055e-d032-4f5d-b973-b744f520dcea.png.296x216.jpg', '蓝光天悦城南北通精装四房 采光刺眼 咫临轻轨看房随时', '蓝光天悦城  | 4室2厅 | 117.89平米 | 南 | 精装 | 有电梯', '高楼层(共33层)2016年建板楼  -  太湖新城（吴江）', '242万', '单价20528元/平米')
('', '吴江上海城 2室2厅 140万', '吴江上海城  | 2室2厅 | 99平米 | 南 | 其他 | 有电梯', '中楼层(共11层)2000年建板楼  -  太湖新城（吴江）', '140万', '单价14142元/平米')
('https://image1.ljcdn.com/320500-inspection/test-b1ff206c-3668-450f-9565-e27dff1b571e.png.296x216.jpg', '伟业迎春乐家 2室2厅 135万', '伟业迎春乐家  | 2室2厅 | 82.75平米 | 暂无数据 | 毛坯 | 无电梯', '高楼层(共6层)2016年建板楼  -  太湖新城（吴江）', '135万', '单价16315元/平米')
('', '伟业迎春乐家 3室2厅 160万', '伟业迎春乐家  | 3室2厅 | 89.49平米 | 南 | 毛坯 | 无电梯', '低楼层(共6层)2016年建板楼  -  太湖新城（吴江）', '160万', '单价17880元/平米')
('', '金域华府 4室2厅 265万', '金域华府  | 4室2厅 | 138平米 | 南 | 精装 | 有电梯', '低楼层(共15层)2014年建板楼  -  松陵', '265万', '单价19203元/平米')
('', '伟业迎春城橙家 2室2厅 143万', '伟业迎春城橙家  | 2室2厅 | 85平米 | 南 | 其他', '高楼层(共16层)塔楼  -  太湖新城（吴江）', '143万', '单价16824元/平米')
('https://image1.ljcdn.com/x-se/hdic-frame/847706e6-db2e-47f2-a8d2-81bdc51f2c34.png.280x210.jpg', '伟业迎春乐家 2室1厅 110万', '伟业迎春乐家  | 2室1厅 | 63平米 | 南 | 其他 | 有电梯', '低楼层(共18层)2014年建板楼  -  太湖新城（吴江）', '110万', '单价17461元/平米')
('', '苏高新地产天城花园 毛坯大五房 单价低 中上楼层', '苏高新地产天城花园  | 5室2厅 | 207.57平米 | 南 | 其他 | 有电梯', '高楼层(共29层)2015年建板塔结合  -  松陵', '240万', '单价11563元/平米')
('', '苏高新地产天城花园 4室2厅 180万', '苏高新地产天城花园  | 4室2厅 | 143.73平米 | 南 | 其他 | 有电梯', '高楼层(共29层)2015年建板塔结合  -  松陵', '180万', '单价12524元/平米')
('', '苏高新地产天城花园 4室2厅 180万', '苏高新地产天城花园  | 4室2厅 | 143.73平米 | 南 | 其他 | 有电梯', '高楼层(共29层)2015年建板塔结合  -  松陵', '180万', '单价12524元/平米')
('', '苏高新地产天城花园 5室2厅 240万', '苏高新地产天城花园  | 5室2厅 | 207.57平米 | 南 | 其他 | 有电梯', '高楼层(共29层)2015年建板塔结合  -  松陵', '240万', '单价11563元/平米')
('', '丽湾国际 4室2厅 252万', '丽湾国际  | 4室2厅 | 180平米 | 南 | 毛坯 | 有电梯', '中楼层(共13层)2008年建板楼  -  太湖新城（吴江）', '252万', '单价14000元/平米')
('https://image1.ljcdn.com/x-se/hdic-frame/d6c3cb31-2a61-4e6f-b42c-dac0dc297474.png.280x210.jpg', '伟业迎春华府 3室2厅 175万', '伟业迎春华府  | 3室2厅 | 108.19平米 | 南 | 其他 | 有电梯', '中楼层(共18层)2012年建板楼  -  太湖新城（吴江）', '175万', '单价16176元/平米')
('', '新湖明珠城望湖苑 2室2厅 185万', '新湖明珠城望湖苑  | 2室2厅 | 88平米 | 南 | 其他 | 有电梯', '高楼层(共17层)2016年建板塔结合  -  太湖新城（吴江）', '185万', '单价21023元/平米')
('', '伟业迎春华府 3室2厅 170万', '伟业迎春华府  | 3室2厅 | 110.47平米 | 南 | 简装 | 有电梯', '低楼层(共18层)2012年建板楼  -  太湖新城（吴江）', '170万', '单价15389元/平米')
('https://image1.ljcdn.com/x-se/hdic-frame/b8485eab-063e-4572-a16c-001feb4d0b1f.png.280x210.jpg', '伟业迎春华府 4室2厅 195万', '伟业迎春华府  | 4室2厅 | 136.97平米 | 南 北 | 毛坯 | 有电梯', '高楼层(共18层)2011年建板楼  -  太湖新城（吴江）', '195万', '单价14237元/平米')
('', '奥林运河湾 2室1厅 65万', '奥林运河湾  | 2室1厅 | 38.8平米 | 南 | 其他', '中楼层(共8层)暂无数据  -  松陵', '65万', '单价16753元/平米')
('', '新湖明珠城望湖苑 3室1厅 255万', '新湖明珠城望湖苑  | 3室1厅 | 140平米 | 南 | 其他 | 有电梯', '低楼层(共23层)2016年建板楼  -  太湖新城（吴江）', '255万', '单价18215元/平米')
('', '湾上风华 3室2厅 195万', '湾上风华  | 3室2厅 | 98平米 | 南 | 其他', '高楼层(共33层)暂无数据  -  太湖新城（吴江）', '195万', '单价19898元/平米')
('', '云玺湖滨商务广场 3室2厅 513万', '云玺湖滨商务广场  | 3室2厅 | 212.23平米 | 南 北 | 其他', '中楼层(共26层)暂无数据  -  太湖新城（吴江）', '513万', '单价24172元/平米')
('https://image1.ljcdn.com/x-se/hdic-frame/20e8a6c6-957b-46ba-a01c-b6a1d385d997.png.280x210.jpg', '新城红树湾 3室1厅 160万', '新城红树湾  | 3室1厅 | 86平米 | 南 | 其他 | 有电梯', '低楼层(共34层)2015年建板塔结合  -  太湖新城（吴江）', '160万', '单价18605元/平米')
('', '格林悦城花园 2室1厅 82万', '格林悦城花园  | 2室1厅 | 55平米 | 南 | 其他 | 有电梯', '高楼层(共14层)2014年建板楼  -  松陵', '82万', '单价14910元/平米')
('', '中粮本源 3室2厅 286万', '中粮本源   | 独栋别墅 | 3室2厅 | 128平米 | 南 北 | 其他 | 无电梯', '1层板楼  -  同里', '286万', '单价22344元/平米')
('', '新城吾悦花园 5室3厅 266万', '新城吾悦花园  | 5室3厅 | 250平米 | 南 | 其他', '低楼层(共33层)暂无数据  -  太湖新城（吴江）', '266万', '单价10640元/平米')
('', '景瑞东环之歌 3室2厅 148万', '景瑞东环之歌  | 3室2厅 | 88平米 | 南 北 | 毛坯 | 有电梯', '低楼层(共18层)2018年建板楼  -  松陵', '148万', '单价16819元/平米')
('', '格林悦城花园 3室2厅 134万', '格林悦城花园  | 3室2厅 | 91.5平米 | 南 | 毛坯 | 无电梯', '低楼层(共6层)2014年建板楼  -  松陵', '134万', '单价14645元/平米')
('https://image1.ljcdn.com/320500-inspection/test-2ddcd52c-fd22-424e-be55-06713eade6ff.png.296x216.jpg', '吴江新城吾悦广场 1室1厅 42万', '吴江新城吾悦广场  | 1室1厅 | 36.87平米 | 西 | 其他 | 有电梯', '中楼层(共16层)板楼  -  太湖新城（吴江）', '42万', '单价11392元/平米')
('https://image1.ljcdn.com/320500-inspection/test-653f8d18-d03f-4dbe-b008-e5e6671fe044.png.296x216.jpg', '吴江新城吾悦广场 1室1厅 42万', '吴江新城吾悦广场  | 1室1厅 | 36.09平米 | 西 | 其他 | 有电梯', '中楼层(共16层)板楼  -  太湖新城（吴江）', '42万', '单价11638元/平米')
('', '格林悦城花园 3室2厅 140万', '格林悦城花园  | 3室2厅 | 91平米 | 南 | 其他 | 无电梯', '中楼层(共6层)2014年建板楼  -  松陵', '140万', '单价15385元/平米')
('', '格林悦城花园 3室2厅 145万', '格林悦城花园  | 3室2厅 | 91平米 | 南 | 其他 | 无电梯', '中楼层(共6层)2014年建板楼  -  松陵', '145万', '单价15935元/平米')
('', '新湖明珠城望湖苑 3室2厅 210万', '新湖明珠城望湖苑  | 3室2厅 | 110平米 | 南 | 其他', '中楼层(共23层)板楼  -  太湖新城（吴江）', '210万', '单价19091元/平米')
('https://image1.ljcdn.com/x-se/hdic-frame/6c0a7985-5645-48a9-9cff-a0d092b24f4a.png.280x210.jpg', '新城红树湾 2室2厅 148万', '新城红树湾  | 2室2厅 | 77平米 | 南 北 | 其他 | 有电梯', '高楼层(共34层)2015年建板塔结合  -  太湖新城（吴江）', '148万', '单价19221元/平米')
('', '伟业迎春丽家 3室2厅 158万', '伟业迎春丽家  | 3室2厅 | 99.25平米 | 南 | 其他 | 有电梯', '高楼层(共18层)2015年建板楼  -  太湖新城（吴江）', '158万', '单价15920元/平米')
('', '伟业迎春乐家 2室2厅 145万', '伟业迎春乐家  | 2室2厅 | 83平米 | 南 | 毛坯 | 无电梯', '中楼层(共6层)2016年建板楼  -  太湖新城（吴江）', '145万', '单价17470元/平米')
('https://image1.ljcdn.com/320500-inspection/test-7345ed75-ebf5-4a99-be04-21316dff443f.png.296x216.jpg', '吴江新城吾悦广场 1室1厅 63万', '吴江新城吾悦广场  | 1室1厅 | 59平米 | 东北 | 精装 | 有电梯', '高楼层(共24层)板楼  -  太湖新城（吴江）', '63万', '单价10678元/平米')
('https://image1.ljcdn.com/320500-inspection/test-bc7f3b32-7968-4efe-a59a-3e8a47105f54.png.296x216.jpg', '苏州湾景苑 2室2厅 276万', '苏州湾景苑  | 2室2厅 | 102平米 | 南 | 其他 | 有电梯', '高楼层(共31层)2018年建板楼  -  太湖新城（吴江）', '276万', '单价27059元/平米')
('https://image1.ljcdn.com/320500-inspection/test-9639c41b-9e66-4db9-b427-00da2286747b.png.296x216.jpg', '格林华城 3室2厅 140万', '格林华城  | 3室2厅 | 89平米 | 南 | 其他 | 无电梯', '高楼层(共6层)2011年建板楼  -  松陵', '140万', '单价15731元/平米')
('https://image1.ljcdn.com/320500-inspection/test-fb8cad22-0dc2-465a-a403-7133ecb49ba5.png.296x216.jpg', '伟业迎春华府 2室2厅 160万', '伟业迎春华府  | 2室2厅 | 82.5平米 | 南 | 其他 | 有电梯', '中楼层(共18层)2012年建板楼  -  太湖新城（吴江）', '160万', '单价19394元/平米')
('', '欧风华庭 3室2厅 220万', '欧风华庭  | 3室2厅 | 140平米 | 南 | 其他 | 有电梯', '中楼层(共11层)2008年建板楼  -  松陵', '220万', '单价15715元/平米')
('https://image1.ljcdn.com/320500-inspection/test-e7b3bdec-eb51-4be2-bd84-331087525316.png.296x216.jpg', '新湖明珠城紫桂苑 4室2厅 240万', '新湖明珠城紫桂苑  | 4室2厅 | 141.82平米 | 南 | 其他 | 有电梯', '中楼层(共25层)2016年建板楼  -  太湖新城（吴江）', '240万', '单价16923元/平米')
('', '新城红树湾 3室2厅 163万', '新城红树湾  | 3室2厅 | 88平米 | 南 | 其他 | 有电梯', '低楼层(共34层)2015年建板塔结合  -  太湖新城（吴江）', '163万', '单价18523元/平米')
('', '海亮长桥府 3室2厅 195万', '海亮长桥府  | 3室2厅 | 104平米 | 南 北 | 其他 | 有电梯', '低楼层(共27层)2015年建板楼  -  太湖新城（吴江）', '195万', '单价18750元/平米')
('https://image1.ljcdn.com/320500-inspection/test-9a630e85-58e6-4e93-8072-8697d90e133b.png.296x216.jpg', '伟业迎春华府 1室1厅 78万', '伟业迎春华府  | 1室1厅 | 41平米 | 南 | 其他 | 有电梯', '中楼层(共18层)2013年建板楼  -  太湖新城（吴江）', '78万', '单价19025元/平米')
('', '云玺湖滨商务广场 5室2厅 1378万', '云玺湖滨商务广场  | 5室2厅 | 335.2平米 | 南 | 其他', '高楼层(共28层)2016年建板塔结合  -  太湖新城（吴江）', '1378万', '单价41110元/平米')
('', '苏高新地产天城花园 5室2厅 308万', '苏高新地产天城花园  | 5室2厅 | 218平米 | 南 | 其他 | 无电梯', '高楼层(共6层)2015年建板塔结合  -  松陵', '308万', '单价14129元/平米')
