('https://image1.ljcdn.com/210100-inspection/65ec54f2-3154-44dd-93c3-ebdb1517d5e8.jpg.296x216.jpg', '人杰水岸一期多层 精装修 业主自住婚装', '中铁人杰水岸一期  | 3室2厅 | 81.53平米 | 南 北 | 其他', '高楼层(共6层)2014年建板楼  -  沈北新区', '75万', '单价9200元/平米')
('https://image1.ljcdn.com/210100-inspection/cd05f011-d5c9-4953-b4d0-82ac2ddade9c.jpg.296x216.jpg', '雅居乐 精装修 现房 满二  河景房', '沈阳雅居乐花园C地块  | 2室2厅 | 93.4平米 | 南 | 精装', '低楼层(共32层)暂无数据  -  沈北新区', '75万', '单价8030元/平米')
('https://image1.ljcdn.com/210100-inspection/2c344842-1e6b-4517-88ae-9eef51f1bcd3.jpg.296x216.jpg', '沈北新区 中铁人杰水岸 精装修多层  舒适度高', '人杰水岸二期  | 2室1厅 | 76.99平米 | 南 北 | 其他', '高楼层(共6层)板楼  -  沈北新区', '70万', '单价9093元/平米')
('https://image1.ljcdn.com/210100-inspection/6dc8871d-ced0-4543-9193-462645d10f1e.jpg.296x216.jpg', '人杰水岸二期 3室2厅 98万', '人杰水岸二期  | 3室2厅 | 102.26平米 | 南 北 | 其他', '中楼层(共6层)暂无数据  -  沈北新区', '98万', '单价9584元/平米')
('https://image1.ljcdn.com/210100-inspection/7ce96c3c-8176-47ca-a21d-44b312aca737.jpg.296x216.jpg', '三盛颐景蓝湾 2室1厅 49万', '三盛颐景蓝湾  | 2室1厅 | 78.86平米 | 南 | 精装', '低楼层(共32层)暂无数据  -  沈北新区', '49万', '单价6214元/平米')
('https://image1.ljcdn.com/210100-inspection/d3223cc7-5d82-417e-9d50-1fddaad55bf0.jpg.296x216.jpg', '沈阳雅居乐花园，南北标户，精装洋房，拎包即住！', '沈阳雅居乐花园C地块  | 3室2厅 | 142.2平米 | 南 北 | 其他', '中楼层(共7层)暂无数据  -  沈北新区', '145万', '单价10197元/平米')
('https://image1.ljcdn.com/210100-inspection/4587a886-1464-4f34-9c34-2792b8016144.jpg.296x216.jpg', '中铁人杰价格可议一室南向精装修送家具家电无大税', '人杰水岸二期  | 1室0厅 | 48.09平米 | 南 | 其他', '低楼层(共26层)板楼  -  沈北新区', '38万', '单价7902元/平米')
('https://image1.ljcdn.com/210100-inspection/c44ddae3-648e-435d-b253-f660e86b2e28.jpg.296x216.jpg', '人杰水岸二期 3室1厅 102万', '人杰水岸二期  | 3室1厅 | 101.47平米 | 南 北 | 其他', '中楼层(共6层)暂无数据  -  沈北新区', '102万', '单价10053元/平米')
('https://image1.ljcdn.com/210100-inspection/d4752441-ffb5-4d20-9db8-d9063fcb08a5.jpg.296x216.jpg', '雷明锦程 1室1厅 33万', '雷明锦程  | 1室1厅 | 39.93平米 | 东北 | 其他', '高楼层(共29层)暂无数据  -  沈北新区', '33万', '单价8265元/平米')
('https://image1.ljcdn.com/210100-inspection/58db3f9b-e37c-44f4-90f1-b58b2ed7cf98.jpg.296x216.jpg', '沈阳雅居乐花园C地块 3室2厅 76万', '沈阳雅居乐花园C地块  | 3室2厅 | 93.4平米 | 南 | 其他', '中楼层(共32层)暂无数据  -  沈北新区', '76万', '单价8138元/平米')
('https://image1.ljcdn.com/210100-inspection/0b43f61c-baec-4714-9e14-788fff693c07.jpg.296x216.jpg', '皇家御院 2室1厅 33万', '皇家御院  | 2室1厅 | 55.48平米 | 南 北 | 其他', '高楼层(共6层)板楼  -  沈北新区', '33万', '单价5949元/平米')
('https://image1.ljcdn.com/210100-inspection/3dd3bf89-4b85-46d3-87bd-dff9c2f66916.jpg.296x216.jpg', '碧桂园太阳城 1室1厅 36万', '碧桂园太阳城  | 1室1厅 | 62.25平米 | 南 | 其他', '高楼层(共32层)暂无数据  -  沈北新区', '36万', '单价5784元/平米')
('https://image1.ljcdn.com/210100-inspection/a547355e-3e4c-43ca-b955-ae80d9b43340.jpg.296x216.jpg', '碧桂园太阳城 南向小户型 采光好 适合居住 园区位置好', '碧桂园太阳城  | 1室1厅 | 62.2平米 | 南 | 其他', '低楼层(共32层)暂无数据  -  沈北新区', '34万', '单价5467元/平米')
('https://image1.ljcdn.com/210100-inspection/34197bbd-fbfd-4843-a6c5-f0eeb6d671de.jpg.296x216.jpg', '中铁人杰水岸一期 3室2厅 98万', '中铁人杰水岸一期  | 3室2厅 | 98.99平米 | 南 北 | 其他', '中楼层(共6层)暂无数据  -  沈北新区', '98万', '单价9900元/平米')
('https://image1.ljcdn.com/210100-inspection/1a31a3fc-f8c5-4927-9986-3576b4ef0726.jpg.296x216.jpg', '华强城 1室1厅 48.5万', '华强城  | 1室1厅 | 53.49平米 | 西 北 | 其他', '中楼层(共31层)板楼  -  沈北新区', '48.5万', '单价9068元/平米')
('https://image1.ljcdn.com/210100-inspection/2b694664-f4fe-4250-9ecb-41c76d69a1f8.jpg.296x216.jpg', '沈北龙湖香醍漫步 别墅园区 精装小高采光好 拎包入住', '龙湖香醍漫步  | 3室2厅 | 142.05平米 | 南 北 | 其他', '高楼层(共8层)暂无数据  -  沈北新区', '120万', '单价8448元/平米')
('https://image1.ljcdn.com/210100-inspection/6a9c076b-1f98-4c8b-ba17-092c1032ed96.jpg.296x216.jpg', '碧桂园太阳城 1室1厅 34万', '碧桂园太阳城  | 1室1厅 | 62.2平米 | 南 | 其他', '中楼层(共32层)暂无数据  -  沈北新区', '34万', '单价5467元/平米')
('https://image1.ljcdn.com/210100-inspection/00d1ed58-7f2f-499b-ad16-f10fc613dae0.jpg.296x216.jpg', '荣盛盛京绿洲 2室1厅 49万', '荣盛盛京绿洲  | 2室1厅 | 78.32平米 | 南 北 | 其他', '中楼层(共11层)暂无数据  -  沈北新区', '49万', '单价6257元/平米')
('https://image1.ljcdn.com/210100-inspection/c9dae891-b38f-4b0b-aca1-8b6ad5822c7e.jpg.296x216.jpg', '中铁梧桐苑 2室2厅 64万', '中铁梧桐苑  | 2室2厅 | 100.45平米 | 南 北 | 其他', '中楼层(共11层)2015年建板楼  -  沈北新区', '64万', '单价6372元/平米')
('https://image1.ljcdn.com/210100-inspection/9a7beb2b-0729-4475-a26e-5e5e1c248d79.jpg.296x216.jpg', '融创唐轩公馆 2室1厅 49万', '融创唐轩公馆  | 2室1厅 | 60.06平米 | 西北 | 其他', '高楼层(共31层)暂无数据  -  沈北新区', '49万', '单价8159元/平米')
('https://image1.ljcdn.com/210100-inspection/92e36737-3f09-4153-b5de-56c540463c5b.jpg.296x216.jpg', '中铁人杰水岸二期 南北通透 采光良好 家具家电赠送', '人杰水岸二期  | 2室1厅 | 77.19平米 | 南 北 | 其他', '高楼层(共6层)暂无数据  -  沈北新区', '71万', '单价9199元/平米')
('https://image1.ljcdn.com/210100-inspection/6f858155-05a8-4512-a01e-5fecea5e3714.jpg.296x216.jpg', '荣盛盛京绿洲 3室2厅 87万', '荣盛盛京绿洲  | 3室2厅 | 132.53平米 | 南 北 | 其他', '中楼层(共11层)2016年建板楼  -  沈北新区', '87万', '单价6565元/平米')
('https://image1.ljcdn.com/210100-inspection/a449a011-e380-4789-a08c-1b34be5e9076.jpg.296x216.jpg', '荣盛盛京绿洲 3室2厅 70万', '荣盛盛京绿洲  | 3室2厅 | 98.06平米 | 南 北 | 其他', '中楼层(共8层)2016年建板楼  -  沈北新区', '70万', '单价7139元/平米')
('https://image1.ljcdn.com/210100-inspection/0e7f6625-be2e-419c-b7e7-7412972ee879.jpg.296x216.jpg', '蒲河路 人杰水岸 三室带阁楼精装修 全明户型 随时看房', '中铁人杰水岸一期  | 3室2厅 | 100.97平米 | 东 南 北 | 其他', '高楼层(共6层)2014年建板楼  -  沈北新区', '98万', '单价9706元/平米')
('https://image1.ljcdn.com/210100-inspection/636660ea-cf64-4559-a0a8-59b7604a92ce.jpg.296x216.jpg', '华强城 3室2厅 90万', '华强城  | 3室2厅 | 116.49平米 | 南 北 | 毛坯', '高楼层(共31层)板楼  -  沈北新区', '90万', '单价7726元/平米')
('https://image1.ljcdn.com/210100-inspection/8cfc6928-11f3-4f83-8ab5-174c00a6f47d.jpg.296x216.jpg', '阳光书香园 满五唯一 南北花园16平 六层 不挡光', '阳光书香园  | 2室1厅 | 63.38平米 | 南 北 | 其他', '低楼层(共5层)暂无数据  -  沈北新区', '45万', '单价7101元/平米')
('https://image1.ljcdn.com/210100-inspection/60e56310-eec3-4e21-af23-b27e842250ca.jpg.296x216.jpg', '富城俪景嘉园 信基城旁 精装两室 拎包入住', '富城俪景嘉园  | 2室2厅 | 88.61平米 | 南 北 | 其他', '中楼层(共6层)暂无数据  -  沈北新区', '49万', '单价5530元/平米')
('https://image1.ljcdn.com/210100-inspection/17e92237-5793-429a-8760-549e8bde09de.jpg.296x216.jpg', '龙湖香醍漫步 5室3厅 290万', '龙湖香醍漫步  | 5室3厅 | 324.14平米 | 南 北 | 毛坯', '低楼层(共3层)暂无数据  -  沈北新区', '290万', '单价8947元/平米')
('https://image1.ljcdn.com/210100-inspection/c59208c9-93c9-40d5-8f7f-5a3255aefb14.jpg.296x216.jpg', '华强城 精装修四室两卫 楼层好视野好 没住过', '华强城  | 4室2厅 | 129.19平米 | 南 北 | 其他', '高楼层(共18层)板楼  -  沈北新区', '125万', '单价9676元/平米')
('https://image1.ljcdn.com/210100-inspection/87ffde4d-986f-49a0-9be2-e82136ee505d.jpg.296x216.jpg', '沈北新区 蒲河路人杰水岸一期 大户型 很好的装修', '中铁人杰水岸一期  | 3室2厅 | 160.13平米 | 南 北 | 其他', '低楼层(共5层)2014年建板楼  -  沈北新区', '290万', '单价18111元/平米')
('https://image1.ljcdn.com/210100-inspection/1ad1a25b-89ed-4bd0-9ade-286681203d6c.jpg.296x216.jpg', '荣盛香缇澜山 3室2厅 81万', '荣盛香缇澜山  | 3室2厅 | 89.47平米 | 南 北 | 其他', '中楼层(共16层)2015年建板楼  -  沈北新区', '81万', '单价9054元/平米')
('https://image1.ljcdn.com/210100-inspection/27afdb20-2436-4fae-959e-c0aeb3fcdd18.jpg.296x216.jpg', '人杰水岸二期 1室1厅 40万', '人杰水岸二期  | 1室1厅 | 49.78平米 | 南 | 其他', '低楼层(共27层)板楼  -  沈北新区', '40万', '单价8036元/平米')
('https://image1.ljcdn.com/210100-inspection/c8057c1b-3aaa-4e60-a494-1b9bbe2b1106.jpg.296x216.jpg', '精装好房三室拎包入住荣盛盛京绿洲', '荣盛盛京绿洲  | 3室1厅 | 98.17平米 | 南 北 | 其他', '高楼层(共11层)暂无数据  -  沈北新区', '67万', '单价6825元/平米')
('https://image1.ljcdn.com/210100-inspection/305d1b46-1eae-483f-866e-9ad986f9c3e6.jpg.296x216.jpg', '碧桂园太阳城 爱尚美寓 精装修 家电赠送 一室一厅', '碧桂园太阳城  | 1室1厅 | 60.78平米 | 南 | 其他', '中楼层(共26层)暂无数据  -  沈北新区', '40万', '单价6582元/平米')
('https://image1.ljcdn.com/210100-inspection/b89993b3-1607-47a0-9051-ba069dfbec92.jpg.296x216.jpg', '城建美庭 3室2厅 72万', '城建美庭  | 3室2厅 | 100.53平米 | 南 北 | 其他', '中楼层(共18层)暂无数据  -  沈北新区', '72万', '单价7163元/平米')
('https://image1.ljcdn.com/210100-inspection/c253f4f3-cae8-408c-be42-48f4e4bfbaeb.jpg.296x216.jpg', '中铁人杰水岸一期 1室0厅 36万', '中铁人杰水岸一期  | 1室0厅 | 50.1平米 | 南 | 其他', '中楼层(共27层)板楼  -  沈北新区', '36万', '单价7186元/平米')
('https://image1.ljcdn.com/210100-inspection/8c866be1-6cf7-4cc5-a035-0d24d3fb2e0b.jpg.296x216.jpg', '中铁人杰水岸 精装修 三室两厅 交通便利', '人杰水岸二期  | 3室2厅 | 143.14平米 | 南 北 | 其他', '高楼层(共6层)暂无数据  -  沈北新区', '162万', '单价11318元/平米')
('https://image1.ljcdn.com/210100-inspection/869b5b67-132d-440a-ae17-a8a705cf7c4c.jpg.296x216.jpg', '人杰水岸一期多层五楼 精装修 满五唯一', '中铁人杰水岸一期  | 3室2厅 | 105.66平米 | 南 北 | 简装', '高楼层(共6层)2014年建板楼  -  沈北新区', '95万', '单价8992元/平米')
('https://image1.ljcdn.com/210100-inspection/d1875131-4a53-4f0f-a29a-f022d719f5d9.jpg.296x216.jpg', '太湖国际花园 人杰湖公园站 交通便利 积家 大学城', '太湖国际花园  | 2室1厅 | 91.5平米 | 南 北 | 其他', '高楼层(共8层)暂无数据  -  沈北新区', '84万', '单价9181元/平米')
('https://image1.ljcdn.com/210100-inspection/ffd2b0e1-a7c2-41ec-a833-6d789361b5ad.jpg.296x216.jpg', '三盛颐景御园 3室2厅 73.5万', '三盛颐景御园  | 3室2厅 | 116.01平米 | 南 北 | 其他', '低楼层(共32层)板楼  -  沈北新区', '73.5万', '单价6336元/平米')
('https://image1.ljcdn.com/210100-inspection/ab63aa90-d769-450d-ad13-a023f282c6a2.jpg.296x216.jpg', '太湖国际花园 红星美凯龙盛京医院旁 交通便利', '太湖国际花园  | 3室2厅 | 85.28平米 | 南 北 | 其他', '高楼层(共6层)暂无数据  -  沈北新区', '85万', '单价9968元/平米')
('https://image1.ljcdn.com/210100-inspection/d5a673fb-c63a-46ab-be75-0bb829bd03ce.jpg.296x216.jpg', '太湖国际花园 3室2厅 71万', '太湖国际花园  | 3室2厅 | 113平米 | 南 北 | 其他', '高楼层(共6层)暂无数据  -  沈北新区', '71万', '单价6284元/平米')
('https://image1.ljcdn.com/210100-inspection/62808f49-fa2f-4c87-af52-d3ca4de14ec1.jpg.296x216.jpg', '超高绿化，居民素质高，让您居住舒心', '融创唐轩公馆  | 1室1厅 | 53.86平米 | 东北 | 精装', '中楼层(共32层)暂无数据  -  沈北新区', '46万', '单价8541元/平米')
('https://image1.ljcdn.com/210100-inspection/f2d28a19-98a3-4436-8124-4e202aa3df84.jpg.296x216.jpg', '沈阳雅居乐花园c地块，高层中间楼层，现房即买即住。', '沈阳雅居乐花园C地块  | 3室2厅 | 115.55平米 | 南 北 | 其他', '中楼层(共32层)暂无数据  -  沈北新区', '98万', '单价8482元/平米')
('https://image1.ljcdn.com/210100-inspection/17be99bc-7473-4158-8269-1f6b601f59ae.jpg.296x216.jpg', '惊爆价！！华强城 经典 1室,业主急售、精装修拎包入住', '华强城  | 1室1厅 | 47.77平米 | 西 | 精装', '低楼层(共31层)板楼  -  沈北新区', '39万', '单价8165元/平米')
('https://image1.ljcdn.com/210100-inspection/7af31674-e184-4495-8b8e-5ee0772ee484.jpg.296x216.jpg', '碧桂园太阳城 2室1厅 70万', '碧桂园太阳城  | 2室1厅 | 101.3平米 | 南 西 北 | 其他', '高楼层(共28层)暂无数据  -  沈北新区', '70万', '单价6911元/平米')
('https://image1.ljcdn.com/210100-inspection/c31bb702-d976-46ba-a784-923d3bfe68e1.jpg.296x216.jpg', '龙腾碧玉湾 1室0厅 18.5万', '龙腾碧玉湾  | 1室0厅 | 35.15平米 | 东北 | 其他', '中楼层(共26层)暂无数据  -  沈北新区', '18.5万', '单价5264元/平米')
('https://image1.ljcdn.com/210100-inspection/8cc10570-15c7-4f32-8772-a2bdd4d6dc66.jpg.296x216.jpg', '沈北太湖国际花园 人杰湖D铁口 盛京一院 红星美凯龙', '太湖国际花园  | 4室3厅 | 118.74平米 | 南 西 北 | 其他', '高楼层(共6层)暂无数据  -  沈北新区', '74万', '单价6233元/平米')
('https://image1.ljcdn.com/210100-inspection/7fdb30bf-5fb2-4675-bfac-f29c71115e3f.jpg.296x216.jpg', '太湖国际花园 1室1厅 35万', '太湖国际花园  | 1室1厅 | 32.57平米 | 南 | 其他', '高楼层(共32层)暂无数据  -  沈北新区', '35万', '单价10747元/平米')
('https://image1.ljcdn.com/210100-inspection/cde00aaa-c28c-4f6c-909f-52c25c627cbd.jpg.296x216.jpg', '步阳江南甲第二期 精装修 三室户型 拎包即住 不临街', '步阳江南甲第  | 3室1厅 | 105.99平米 | 南 北 | 其他', '低楼层(共18层)暂无数据  -  沈北新区', '85万', '单价8020元/平米')
('https://image1.ljcdn.com/210100-inspection/c9037c50-04d9-4ed9-8e7b-791ab7033fd8.jpg.296x216.jpg', '沈阳雅居乐花园A地块 1室1厅 37万', '沈阳雅居乐花园A地块  | 1室1厅 | 41.06平米 | 南 | 其他', '低楼层(共29层)板楼  -  沈北新区', '37万', '单价9012元/平米')
('https://image1.ljcdn.com/210100-inspection/61b241ad-5101-4a3a-918c-d08e0ffd25f8.jpg.296x216.jpg', '沈阳雅居乐花园C地块 3室2厅 168万', '沈阳雅居乐花园C地块  | 3室2厅 | 142.2平米 | 南 北 | 其他', '中楼层(共7层)暂无数据  -  沈北新区', '168万', '单价11815元/平米')
('https://image1.ljcdn.com/210100-inspection/eb0cf43f-86e4-4bbc-b718-e08ab5a684a8.jpg.296x216.jpg', '沈阳雅居乐花园A地块 1室2厅 47万', '沈阳雅居乐花园A地块  | 1室2厅 | 46.95平米 | 东南 | 其他', '高楼层(共29层)2016年建板楼  -  沈北新区', '47万', '单价10011元/平米')
('https://image1.ljcdn.com/210100-inspection/49d676ee-c596-47b1-ad5a-cc7f99d9d8eb.jpg.296x216.jpg', '蒲河路 人杰二期 南北通透  拎包入住', '人杰水岸二期  | 3室2厅 | 124平米 | 南 北 | 其他', '高楼层(共6层)暂无数据  -  沈北新区', '121万', '单价9759元/平米')
('https://image1.ljcdn.com/210100-inspection/d3e716af-e2fb-44c1-bfd5-021bb1c87d10.jpg.296x216.jpg', '人杰水岸二期 1室1厅 38万', '人杰水岸二期  | 1室1厅 | 49.78平米 | 南 | 其他', '高楼层(共27层)板楼  -  沈北新区', '38万', '单价7634元/平米')
('https://image1.ljcdn.com/210100-inspection/188966e3-cc42-4f8f-97ae-f2370e146eb7.jpg.296x216.jpg', '步阳江南甲第 4室2厅 96万', '步阳江南甲第  | 4室2厅 | 117.8平米 | 南 北 | 精装', '低楼层(共6层)2016年建板楼  -  沈北新区', '96万', '单价8150元/平米')
('https://image1.ljcdn.com/210100-inspection/e5b5622e-01ba-44a0-987d-3c6dbf727424.jpg.296x216.jpg', '汇置上都 比售楼处还便宜 .优质小区', '汇置尚都  | 2室2厅 | 102平米 | 南 北 | 毛坯', '高楼层(共4层)2018年建板楼  -  沈北新区', '83万', '单价8138元/平米')
('https://image1.ljcdn.com/210100-inspection/c773d5be-038d-4521-ad7f-0a596f923e1f.jpg.296x216.jpg', '三室两厅两卫 满五  不临街 采光充足', '碧桂园太阳城  | 3室2厅 | 148.82平米 | 南 北 | 简装', '中楼层(共32层)暂无数据  -  沈北新区', '85万', '单价5712元/平米')
('https://image1.ljcdn.com/210100-inspection/13e8bb90-1b5f-48da-9c4b-d6076e90bc1b.jpg.296x216.jpg', '沈北道义红星美凯龙 商铺 人杰湖口信基城 盛京医院旁', '荣盛香缇澜山  | 2室2厅 | 77.73平米 | 南 北 | 其他', '高楼层(共18层)2015年建板楼  -  沈北新区', '55.5万', '单价7141元/平米')
('https://image1.ljcdn.com/210100-inspection/976e1c2e-01c5-48db-9855-f2ff93d5d1e7.jpg.296x216.jpg', '碧桂园太阳城 2室2厅 50万', '碧桂园太阳城  | 2室2厅 | 81.72平米 | 西南 北 | 其他', '低楼层(共30层)暂无数据  -  沈北新区', '50万', '单价6119元/平米')
('https://image1.ljcdn.com/210100-inspection/2aa9b81e-4d84-4bd9-baed-b2c6c351f86e.jpg.296x216.jpg', '碧桂园太阳城 蒲河路D铁口 盛京一院 交通便利', '碧桂园太阳城  | 3室2厅 | 139.6平米 | 南 北 | 其他', '中楼层(共32层)暂无数据  -  沈北新区', '87万', '单价6233元/平米')
('https://image1.ljcdn.com/210100-inspection/2565bb17-132a-4257-acc6-1ec343da102d.jpg.296x216.jpg', '无贷款，满二，送部分家电，东南朝向，交通方便', '华强城  | 1室1厅 | 54平米 | 东南 | 简装', '高楼层(共31层)板楼  -  沈北新区', '48万', '单价8889元/平米')
('https://image1.ljcdn.com/210100-inspection/4c4dfaf0-84f5-4066-ba7a-654c61191e52.jpg.296x216.jpg', '碧桂园太阳城 1室1厅 50万', '碧桂园太阳城  | 1室1厅 | 64.11平米 | 东北 | 其他', '中楼层(共32层)暂无数据  -  沈北新区', '50万', '单价7800元/平米')
('https://image1.ljcdn.com/210100-inspection/2ab29350-513f-4047-ad17-27e17483a581.jpg.296x216.jpg', '荣盛香缇澜山 3室2厅 73万', '荣盛香缇澜山  | 3室2厅 | 101.68平米 | 南 北 | 精装', '高楼层(共18层)2015年建板楼  -  沈北新区', '73万', '单价7180元/平米')
('https://image1.ljcdn.com/210100-inspection/0c327e08-8fd7-4cb5-b948-47537753ca3b.jpg.296x216.jpg', '亚泰城 2室2厅 98万', '亚泰城  | 2室2厅 | 89.03平米 | 南 北 | 其他', '高楼层(共33层)暂无数据  -  沈北新区', '98万', '单价11008元/平米')
('https://image1.ljcdn.com/210100-inspection/1c8198fa-9c09-4ab5-bf21-fbab0eae94f9.jpg.296x216.jpg', '沈北新区正风路荣盛盛京绿洲 一室一厅 标准南北户型', '荣盛盛京绿洲  | 1室1厅 | 58.87平米 | 南 北 | 其他', '高楼层(共15层)2016年建板楼  -  沈北新区', '48万', '单价8154元/平米')
('https://image1.ljcdn.com/210100-inspection/8699c687-588d-4582-a673-cea2f9ffc1c5.jpg.296x216.jpg', '碧桂园太阳城 3室2厅 85万', '碧桂园太阳城  | 3室2厅 | 139.94平米 | 南 北 | 其他', '高楼层(共32层)暂无数据  -  沈北新区', '85万', '单价6075元/平米')
('https://image1.ljcdn.com/210100-inspection/14218557-50f8-4315-8e00-32887e855882.jpg.296x216.jpg', '雅居乐花园A地块，一室精装，拎包即住。', '沈阳雅居乐花园A地块  | 1室1厅 | 52.76平米 | 西 | 简装', '高楼层(共29层)板楼  -  沈北新区', '43万', '单价8151元/平米')
('https://image1.ljcdn.com/210100-inspection/37a10c18-f7c3-42f3-8f93-251176c4da11.jpg.296x216.jpg', '碧桂园太阳城 3室2厅 87万', '碧桂园太阳城  | 3室2厅 | 143.94平米 | 南 北 | 其他', '高楼层(共32层)暂无数据  -  沈北新区', '87万', '单价6045元/平米')
('https://image1.ljcdn.com/210100-inspection/a6890df2-c700-4265-a1d2-ca3684f76407.jpg.296x216.jpg', '龙湖原府 3室2厅 105万', '龙湖原府  | 3室2厅 | 111.26平米 | 南 | 其他', '中楼层(共7层)2013年建板楼  -  沈北新区', '105万', '单价9438元/平米')
('https://image1.ljcdn.com/210100-inspection/7d6e7738-625d-480d-b879-ff075f65ba72.jpg.296x216.jpg', '道义太湖国际花园 精装修 婚房 中间楼层 采光良好', '太湖国际花园  | 2室2厅 | 51.22平米 | 东北 | 其他', '低楼层(共24层)暂无数据  -  沈北新区', '44.5万', '单价8689元/平米')
('https://image1.ljcdn.com/210100-inspection/bb3561fa-8afb-4301-a048-dc21e11636e9.jpg.296x216.jpg', '沈北道义商圈 城建美庭三室标准户型 交通便利', '城建美庭  | 3室1厅 | 100平米 | 东 南 北 | 其他', '高楼层(共18层)暂无数据  -  沈北新区', '72万', '单价7200元/平米')
('https://image1.ljcdn.com/210100-inspection/a99de303-16a7-4ffb-9167-195012269d0e.jpg.296x216.jpg', '地雅新居 2室1厅 42.5万', '地雅新居  | 2室1厅 | 81平米 | 南 北 | 其他', '高楼层(共6层)暂无数据  -  沈北新区', '42.5万', '单价5247元/平米')
('https://image1.ljcdn.com/210100-inspection/c12a6f61-cded-44a4-bd87-004b27d58ad2.jpg.296x216.jpg', '荣信森林里 3室2厅 75万', '荣信森林里  | 3室2厅 | 94.92平米 | 东 南 北 | 简装', '高楼层(共6层)暂无数据  -  沈北新区', '75万', '单价7902元/平米')
('https://image1.ljcdn.com/210100-inspection/08343d22-d9a2-433a-be13-f076bbb62f41.jpg.296x216.jpg', '三盛颐景御园 3室2厅 68万', '三盛颐景御园  | 3室2厅 | 116.01平米 | 南 北 | 其他', '中楼层(共32层)板楼  -  沈北新区', '68万', '单价5862元/平米')
('https://image1.ljcdn.com/210100-inspection/3d71dae0-301e-456f-8b99-e39e945555d1.jpg.296x216.jpg', '融创唐轩公馆 3室2厅 115万', '融创唐轩公馆  | 3室2厅 | 108平米 | 南 北 | 其他', '中楼层(共5层)暂无数据  -  沈北新区', '115万', '单价10649元/平米')
('https://image1.ljcdn.com/210100-inspection/64daad35-95f8-4bb1-aab7-c7d77442ca63.jpg.296x216.jpg', '融创唐轩公馆 2室1厅 61万', '融创唐轩公馆  | 2室1厅 | 59.55平米 | 东北 | 其他', '中楼层(共32层)暂无数据  -  沈北新区', '61万', '单价10244元/平米')
('https://image1.ljcdn.com/210100-inspection/c3db8203-1aa2-4db5-b817-6811cf3fe698.jpg.296x216.jpg', '蒲河路 人杰水岸一期 南北通透 采光良好', '中铁人杰水岸一期  | 2室2厅 | 87.06平米 | 南 北 | 其他', '高楼层(共6层)2014年建板楼  -  沈北新区', '63万', '单价7237元/平米')
('https://image1.ljcdn.com/210100-inspection/be8f6782-7bd3-4ef4-b2e7-baf72363a5f4.jpg.296x216.jpg', '中铁人杰水岸一期 3室2厅 245万', '中铁人杰水岸一期  | 3室2厅 | 168.66平米 | 南 西 北 | 其他', '低楼层(共5层)暂无数据  -  沈北新区', '245万', '单价14527元/平米')
('https://image1.ljcdn.com/210100-inspection/4e6e4c8e-2179-437e-8bb7-74d27f403234.jpg.296x216.jpg', '沈北新区七星大街 碧桂园太阳城 精装修三室两厅两卫', '碧桂园太阳城  | 3室2厅 | 148.82平米 | 南 北 | 其他', '中楼层(共32层)暂无数据  -  沈北新区', '115万', '单价7728元/平米')
('https://image1.ljcdn.com/210100-inspection/74e83a2e-ac1b-4e3e-bd08-91bbf1fe61e2.jpg.296x216.jpg', '中央大学城 3室2厅 58万', '中央大学城  | 3室2厅 | 112.06平米 | 南 北 | 其他', '高楼层(共7层)暂无数据  -  沈北新区', '58万', '单价5176元/平米')
('https://image1.ljcdn.com/210100-inspection/b60c289a-1217-4565-b258-7148dedbca0f.jpg.296x216.jpg', '道义大街 龙腾碧玉湾 精装修两室 南北通透', '龙腾碧玉湾  | 2室2厅 | 80.13平米 | 南 北 | 其他', '中楼层(共5层)暂无数据  -  沈北新区', '56万', '单价6989元/平米')
('https://image1.ljcdn.com/210100-inspection/de9c492c-516e-4488-9a5c-cc0b3a350d05.jpg.296x216.jpg', '中铁人杰水岸一期 1室0厅 36万', '中铁人杰水岸一期  | 1室0厅 | 50.1平米 | 南 | 其他', '中楼层(共27层)板楼  -  沈北新区', '36万', '单价7186元/平米')
('https://image1.ljcdn.com/210100-inspection/426bea12-9230-4a01-a998-c48d7b774b39.jpg.296x216.jpg', '中央大学城 3室1厅 63万', '中央大学城  | 3室1厅 | 111.66平米 | 南 北 | 其他', '中楼层(共6层)暂无数据  -  沈北新区', '63万', '单价5643元/平米')
('https://image1.ljcdn.com/210100-inspection/2963a124-2bf6-483f-bf81-3c1e8e059d57.jpg.296x216.jpg', '三盛颐景御园 2室2厅 48.5万', '三盛颐景御园  | 2室2厅 | 77.46平米 | 南 北 | 其他', '低楼层(共32层)板楼  -  沈北新区', '48.5万', '单价6262元/平米')
('https://image1.ljcdn.com/210100-inspection/6c085a1c-ea32-46ee-86dc-c0c4c5e13611.jpg.296x216.jpg', '蒲丰路 三室两厅一厨一卫  采光良好', '荣盛盛京绿洲  | 3室2厅 | 94.88平米 | 南 北 | 其他', '低楼层(共18层)2016年建板楼  -  沈北新区', '65万', '单价6851元/平米')
('https://image1.ljcdn.com/210100-inspection/b97b64c4-43bf-4a64-9d22-df4cc51fbd38.jpg.296x216.jpg', '中铁人杰水岸一期多层精装修拎包入住', '中铁人杰水岸一期  | 2室2厅 | 105.31平米 | 东 南 北 | 其他', '中楼层(共6层)2014年建板楼  -  沈北新区', '95万', '单价9021元/平米')
('https://image1.ljcdn.com/210100-inspection/f4725ee0-4a7e-4404-acf6-7b81c7ac3ac3.jpg.296x216.jpg', '鲁班尚品 两室一厅 正良商圈 视野好', '鲁班尚品  | 2室1厅 | 71.8平米 | 南 北 | 其他', '高楼层(共18层)2011年建板楼  -  沈北新区', '50万', '单价6964元/平米')
('https://image1.ljcdn.com/210100-inspection/f1ede808-516f-4a98-a19d-c7753978b4e2.jpg.296x216.jpg', '婚装好房三室荣盛盛京绿洲拎包入住', '荣盛盛京绿洲  | 3室2厅 | 99.25平米 | 南 北 | 精装', '中楼层(共18层)2016年建板楼  -  沈北新区', '73万', '单价7356元/平米')
('https://image1.ljcdn.com/210100-inspection/fecfc040-8774-4a9b-b83b-a0a7bd3d5320.jpg.296x216.jpg', '沈北 盛京绿洲 两室两厅 二号线口 适合老人居住', '荣盛盛京绿洲  | 2室2厅 | 88.77平米 | 南 北 | 其他', '低楼层(共26层)2016年建板楼  -  沈北新区', '60万', '单价6760元/平米')
('https://image1.ljcdn.com/210100-inspection/fd43b0b5-8bc6-4e8b-9372-a40680c5f5c8.jpg.296x216.jpg', '中铁人杰水岸一期 3室2厅 86万', '中铁人杰水岸一期  | 3室2厅 | 84.3平米 | 南 北 | 其他', '中楼层(共6层)2014年建板楼  -  沈北新区', '86万', '单价10202元/平米')
('https://image1.ljcdn.com/210100-inspection/90a809c2-fa0e-41be-b3ec-2199b869eaff.jpg.296x216.jpg', '交通方便，配套齐全，带装修，带家电', '华强城  | 1室1厅 | 54.23平米 | 北 | 精装', '中楼层(共31层)板楼  -  沈北新区', '46.5万', '单价8575元/平米')
('https://image1.ljcdn.com/210100-inspection/e4cd1b48-c768-4dce-a026-c82706fb9cb7.jpg.296x216.jpg', '碧桂园太阳城 2室2厅 49.5万', '碧桂园太阳城  | 2室2厅 | 77.22平米 | 南 北 | 其他', '高楼层(共31层)暂无数据  -  沈北新区', '49.5万', '单价6411元/平米')
('https://image1.ljcdn.com/210100-inspection/9ffb2714-5fee-48c3-af7c-b4dee795f364.jpg.296x216.jpg', '唐轩公馆  一室一厅  精装修', '融创唐轩公馆  | 1室1厅 | 50.26平米 | 西北 | 精装', '低楼层(共32层)暂无数据  -  沈北新区', '44.5万', '单价8854元/平米')
('https://image1.ljcdn.com/210100-inspection/862fab00-3e51-499b-997d-c6adf06a0868.jpg.296x216.jpg', '荣盛盛京绿洲 3室2厅 68万', '荣盛盛京绿洲  | 3室2厅 | 118.33平米 | 南 北 | 其他', '低楼层(共18层)2016年建板楼  -  沈北新区', '68万', '单价5747元/平米')
('https://image1.ljcdn.com/210100-inspection/ec428837-fca8-4ae0-a7bf-6c7fb8a734ef.jpg.296x216.jpg', '华强城  一室  44万  小户型精装', '华强城  | 1室0厅 | 47.15平米 | 西南 | 精装', '高楼层(共31层)板楼  -  沈北新区', '44万', '单价9332元/平米')
('https://image1.ljcdn.com/210100-inspection/fdc3eb72-8773-4555-93ef-177e627dc1ec.jpg.296x216.jpg', '荣盛盛京绿洲 2室1厅 56万', '荣盛盛京绿洲  | 2室1厅 | 88.77平米 | 南 北 | 其他', '高楼层(共26层)2016年建板楼  -  沈北新区', '56万', '单价6309元/平米')
('https://image1.ljcdn.com/210100-inspection/520de9a3-4dfe-4f28-99c1-a679b7078ff0.jpg.296x216.jpg', '雅居乐花园A地块 精装修小户型', '沈阳雅居乐花园A地块  | 1室0厅 | 46平米 | 东 北 | 其他', '高楼层(共29层)板楼  -  沈北新区', '38万', '单价8261元/平米')
('https://image1.ljcdn.com/210100-inspection/f3789cfa-9681-44c7-be87-4c26c1a72fdd.jpg.296x216.jpg', '美麟阁 2室1厅 56万', '美麟阁  | 2室1厅 | 70.69平米 | 南 北 | 其他', '低楼层(共23层)暂无数据  -  沈北新区', '56万', '单价7922元/平米')
('https://image1.ljcdn.com/210100-inspection/456ea902-5e21-49b3-a722-a2a312d43fb1.jpg.296x216.jpg', '太湖国际花园 精装修 家电齐全 拎包入住', '太湖国际花园  | 2室2厅 | 91.94平米 | 南 北 | 其他', '高楼层(共5层)暂无数据  -  沈北新区', '77万', '单价8376元/平米')
('https://image1.ljcdn.com/210100-inspection/d13c00bd-ff81-4daf-8b29-0db8dd69729b.jpg.296x216.jpg', '城建美庭 2室2厅 64万', '城建美庭  | 2室2厅 | 87.8平米 | 东南 | 其他', '高楼层(共18层)暂无数据  -  沈北新区', '64万', '单价7290元/平米')
('https://image1.ljcdn.com/210100-inspection/b6e3432c-71d0-4f8d-9f73-256dfa1871fa.jpg.296x216.jpg', '房主急售 华强城 位置好 小面积   毛坯 随时可看', '华强城  | 1室1厅 | 48.41平米 | 南 | 其他', '高楼层(共31层)板楼  -  沈北新区', '42万', '单价8676元/平米')
('https://image1.ljcdn.com/210100-inspection/3738d365-41c6-4fed-bc13-8db85247d39c.jpg.296x216.jpg', '华强城 3室2厅 105万', '华强城  | 3室2厅 | 108平米 | 南 北 | 其他', '中楼层(共31层)板楼  -  沈北新区', '105万', '单价9723元/平米')
('https://image1.ljcdn.com/210100-inspection/9bc3fbf7-fb08-48ff-8eb2-1ca84a64158e.jpg.296x216.jpg', '步阳江南甲第 1室0厅 42万', '步阳江南甲第  | 1室0厅 | 53.36平米 | 东 | 简装', '低楼层(共18层)2015年建板楼  -  沈北新区', '42万', '单价7872元/平米')
('https://image1.ljcdn.com/210100-inspection/00ea9b54-37cf-4f80-b702-465757c504e2.jpg.296x216.jpg', '三盛颐景蓝湾 2室1厅 53.5万', '三盛颐景蓝湾  | 2室1厅 | 78.86平米 | 南 | 其他', '中楼层(共32层)暂无数据  -  沈北新区', '53.5万', '单价6785元/平米')
('https://image1.ljcdn.com/210100-inspection/9ae866e1-96fc-4dd5-8d89-7c6081ff18f2.jpg.296x216.jpg', '步阳江南甲第 1室1厅 41万', '步阳江南甲第  | 1室1厅 | 47.68平米 | 南 | 其他', '高楼层(共18层)2015年建板楼  -  沈北新区', '41万', '单价8599元/平米')
('https://image1.ljcdn.com/210100-inspection/8e0a4d2e-79a3-48d9-82bd-0294516f403e.jpg.296x216.jpg', '融创唐轩公馆 2室1厅 57万', '融创唐轩公馆  | 2室1厅 | 62.1平米 | 南 | 其他', '中楼层(共32层)2017年建板楼  -  沈北新区', '57万', '单价9179元/平米')
('https://image1.ljcdn.com/210100-inspection/20198602-dbd6-44fd-bfe7-9b69309b077d.jpg.296x216.jpg', '沈阳雅居乐花园A地块 1室1厅 42万', '沈阳雅居乐花园A地块  | 1室1厅 | 46.95平米 | 东南 | 其他', '中楼层(共29层)2016年建板楼  -  沈北新区', '42万', '单价8946元/平米')
('https://image1.ljcdn.com/210100-inspection/06252144-eb51-40d2-a17a-e80654156666.jpg.296x216.jpg', '三盛颐景蓝湾 2室2厅 58.5万', '三盛颐景蓝湾  | 2室2厅 | 86.5平米 | 南 北 | 其他', '中楼层(共32层)板楼  -  沈北新区', '58.5万', '单价6764元/平米')
('https://image1.ljcdn.com/210100-inspection/e39d6f18-bfc4-4aff-ab41-df61f9893c82.jpg.296x216.jpg', '蒲南路 荣盛香缇澜山 采光良好 拎包即住', '荣盛香缇澜山  | 2室1厅 | 73平米 | 南 北 | 其他', '中楼层(共8层)暂无数据  -  沈北新区', '62万', '单价8494元/平米')
('https://image1.ljcdn.com/210100-inspection/b2168dd9-0bf5-4e92-91f8-df50f5ee0420.jpg.296x216.jpg', '中铁人杰水岸一期 2室1厅 64万', '中铁人杰水岸一期  | 2室1厅 | 81.5平米 | 南 北 | 其他', '高楼层(共26层)2014年建板楼  -  沈北新区', '64万', '单价7853元/平米')
('https://image1.ljcdn.com/210100-inspection/76577743-9dc1-49d5-a206-3b65e9f54c15.JPG.296x216.jpg', '祥瑞家园 7室2厅 92万', '祥瑞家园  | 7室2厅 | 171.24平米 | 南 北 | 其他', '高楼层(共6层)暂无数据  -  沈北新区', '92万', '单价5373元/平米')
('https://image1.ljcdn.com/210100-inspection/97d82e34-6c2f-47d9-9d33-d3abbc2e08e5.jpg.296x216.jpg', '碧桂园太阳城 2室2厅 57.5万', '碧桂园太阳城  | 2室2厅 | 88.67平米 | 南 北 | 其他', '低楼层(共32层)暂无数据  -  沈北新区', '57.5万', '单价6485元/平米')
('https://image1.ljcdn.com/210100-inspection/17cae1a0-3830-4bad-8e26-8abf32c372b5.jpg.296x216.jpg', '步阳江南甲第 1室1厅 39万', '步阳江南甲第  | 1室1厅 | 42.7平米 | 西 | 其他', '低楼层(共18层)2015年建板楼  -  沈北新区', '39万', '单价9134元/平米')
('https://image1.ljcdn.com/210100-inspection/f0a52d24-2f14-4599-88c9-9c0603e91213.jpg.296x216.jpg', '人杰水岸二期 1室1厅 59万', '人杰水岸二期  | 1室1厅 | 76.99平米 | 南 | 其他', '高楼层(共6层)暂无数据  -  沈北新区', '59万', '单价7664元/平米')
('https://image1.ljcdn.com/210100-inspection/9dc1c1e9-e8fa-4e14-b815-4adba59ba362.jpg.296x216.jpg', '双拼别墅 碧桂园太阳城 大花园露台 清水 随时可看', '碧桂园太阳城  | 6室3厅 | 380.52平米 | 南 北 | 其他', '低楼层(共3层)暂无数据  -  沈北新区', '335万', '单价8804元/平米')
('https://image1.ljcdn.com/210100-inspection/e29e4f99-3982-45ec-bca8-c03ea8eadf09.jpg.296x216.jpg', '融创唐轩公馆 1室0厅 47万', '融创唐轩公馆  | 1室0厅 | 45.84平米 | 南 | 其他', '高楼层(共31层)暂无数据  -  沈北新区', '47万', '单价10254元/平米')
('https://image1.ljcdn.com/210100-inspection/a30755f8-0b44-4d19-8f65-fcc3356d07b5.jpg.296x216.jpg', '碧桂园太阳城 联排别墅 园区中间位置 户型好', '碧桂园太阳城  | 6室2厅 | 380.52平米 | 南 北 | 精装', '低楼层(共3层)暂无数据  -  沈北新区', '450万', '单价11826元/平米')
('https://image1.ljcdn.com/210100-inspection/55cee78f-26f9-455a-bad3-efb93637594f.jpg.296x216.jpg', '人杰水岸二期 3室2厅 90万', '人杰水岸二期  | 3室2厅 | 100.51平米 | 南 北 | 其他', '低楼层(共6层)板楼  -  沈北新区', '90万', '单价8955元/平米')
('https://image1.ljcdn.com/210100-inspection/e6f08d7c-8fe2-4549-85bb-389ea8ac1dbd.jpg.296x216.jpg', '沈阳雅居乐花园A地块 1室1厅 39万', '沈阳雅居乐花园A地块  | 1室1厅 | 46.15平米 | 西北 | 其他', '低楼层(共29层)板楼  -  沈北新区', '39万', '单价8451元/平米')
('https://image1.ljcdn.com/210100-inspection/59376b76-4e4f-4e58-b443-d15047b971a1.jpg.296x216.jpg', '荣盛香缇澜山 2室1厅 65万', '荣盛香缇澜山  | 2室1厅 | 74.02平米 | 南 北 | 其他', '高楼层(共18层)2015年建板楼  -  沈北新区', '65万', '单价8782元/平米')
('https://image1.ljcdn.com/210100-inspection/71929bfe-2895-4d24-abbc-e794f90c97bb.jpg.296x216.jpg', '融创唐轩公馆 2室2厅 86万', '融创唐轩公馆  | 2室2厅 | 83.06平米 | 南 北 | 其他', '高楼层(共31层)暂无数据  -  沈北新区', '86万', '单价10354元/平米')
('https://image1.ljcdn.com/210100-inspection/88069c28-967c-4492-b8cf-00a1d8321167.jpg.296x216.jpg', '中铁人杰水岸一期 2室1厅 65万', '中铁人杰水岸一期  | 2室1厅 | 73.13平米 | 南 | 其他', '中楼层(共26层)暂无数据  -  沈北新区', '65万', '单价8889元/平米')
('https://image1.ljcdn.com/210100-inspection/fa075490-ec03-461a-9d76-eb6ca5cb1844.jpg.296x216.jpg', '蒲河路 碧桂园太阳城 三室两厅 南北通透', '碧桂园太阳城  | 3室2厅 | 101.3平米 | 南 北 | 其他', '高楼层(共32层)暂无数据  -  沈北新区', '76万', '单价7503元/平米')
('https://image1.ljcdn.com/210100-inspection/c3e8620a-303e-477f-90b8-ee8f044dcd33.jpg.296x216.jpg', '步阳江南甲第 2室2厅 86.5万', '步阳江南甲第  | 2室2厅 | 94.34平米 | 南 北 | 精装', '低楼层(共18层)暂无数据  -  沈北新区', '86.5万', '单价9169元/平米')
('https://image1.ljcdn.com/210100-inspection/57662180-f86c-43f9-9a72-3eb0873e5f41.jpg.296x216.jpg', '碧桂园太阳城 3室2厅 88万', '碧桂园太阳城  | 3室2厅 | 129.7平米 | 南 北 | 其他', '低楼层(共26层)暂无数据  -  沈北新区', '88万', '单价6785元/平米')
('https://image1.ljcdn.com/210100-inspection/92f66a7e-2930-42dc-aaea-e3dbbb5db255.jpg.296x216.jpg', '祥瑞家园 3室2厅 81万', '祥瑞家园  | 3室2厅 | 133平米 | 南 北 | 其他', '高楼层(共6层)暂无数据  -  沈北新区', '81万', '单价6091元/平米')
('https://image1.ljcdn.com/210100-inspection/43ecfbd9-6f2e-4608-929e-f4e5f5840112.jpg.296x216.jpg', '祥瑞家园 2室1厅 58万', '祥瑞家园  | 2室1厅 | 88平米 | 南 北 | 其他', '中楼层(共6层)暂无数据  -  沈北新区', '58万', '单价6591元/平米')
('https://image1.ljcdn.com/210100-inspection/c0cfd79f-aa9d-4518-b3ce-6d110ffdff06.jpg.296x216.jpg', '荣信森林里 4室2厅 122万', '荣信森林里  | 4室2厅 | 96.02平米 | 南 北 | 其他', '高楼层(共6层)暂无数据  -  沈北新区', '122万', '单价12706元/平米')
('https://image1.ljcdn.com/210100-inspection/1302b13e-a1ce-4ecc-b074-3eab69e23ff6.jpg.296x216.jpg', '步阳江南甲第 3室2厅 112万', '步阳江南甲第  | 3室2厅 | 133.98平米 | 南 北 | 其他', '高楼层(共6层)暂无数据  -  沈北新区', '112万', '单价8360元/平米')
('https://image1.ljcdn.com/210100-inspection/8f8f5130-2974-4937-a58f-08c82574209a.jpg.296x216.jpg', '明华香峪兰溪 多层 沈北正良 急售', '明华香峪兰溪  | 2室1厅 | 73平米 | 南 北 | 其他', '中楼层(共5层)暂无数据  -  沈北新区', '52万', '单价7124元/平米')
('https://image1.ljcdn.com/210100-inspection/8818b2a8-8925-4db8-990e-7affe84b24a6.jpg.296x216.jpg', '碧桂园太阳城 1室1厅 52.5万', '碧桂园太阳城  | 1室1厅 | 59.47平米 | 南 | 其他', '低楼层(共30层)暂无数据  -  沈北新区', '52.5万', '单价8828元/平米')
('https://image1.ljcdn.com/210100-inspection/72d5f4c4-d2f7-4783-ae3c-7f0288b85529.jpg.296x216.jpg', '中铁人杰水岸一期 1室1厅 61万', '中铁人杰水岸一期  | 1室1厅 | 78.77平米 | 南 北 | 精装', '高楼层(共6层)2014年建板楼  -  沈北新区', '61万', '单价7745元/平米')
('https://image1.ljcdn.com/210100-inspection/650e9ab4-bb6a-4b29-9752-12c55f1a48e8.jpg.296x216.jpg', '太湖国际花园 4室2厅 81.5万', '太湖国际花园  | 4室2厅 | 106平米 | 南 北 | 其他', '高楼层(共24层)2013年建板楼  -  沈北新区', '81.5万', '单价7689元/平米')
('https://image1.ljcdn.com/210100-inspection/a0f598f2-ba29-4029-a0c4-54cf868c22a2.jpg.296x216.jpg', '雨润中央宫园 2室1厅 44万', '雨润中央宫园  | 2室1厅 | 61.67平米 | 南 | 其他', '低楼层(共18层)暂无数据  -  沈北新区', '44万', '单价7135元/平米')
('https://image1.ljcdn.com/210100-inspection/13721dd7-6076-40e5-8896-5c7365c1a9c5.jpg.296x216.jpg', '太湖国际花园 2室1厅 75万', '太湖国际花园  | 2室1厅 | 91.94平米 | 南 北 | 其他', '高楼层(共5层)暂无数据  -  沈北新区', '75万', '单价8158元/平米')
('https://image1.ljcdn.com/210100-inspection/a4491e87-4c58-4faa-af9c-2cf329c7a21a.jpg.296x216.jpg', '太湖国际花园 1室0厅 29.9万', '太湖国际花园  | 1室0厅 | 41.44平米 | 东 北 | 其他', '中楼层(共32层)暂无数据  -  沈北新区', '29.9万', '单价7216元/平米')
('https://image1.ljcdn.com/210100-inspection/a18b6078-4d4f-42ea-a8d5-c36e3658e4e1.jpg.296x216.jpg', '荣盛香缇澜山 3室2厅 90万', '荣盛香缇澜山  | 3室2厅 | 107.53平米 | 南 北 | 其他', '低楼层(共6层)暂无数据  -  沈北新区', '90万', '单价8370元/平米')
('https://image1.ljcdn.com/210100-inspection/64aa65e1-45e7-4b09-927d-5de3ada75f66.jpg.296x216.jpg', '沈北新区 碧桂园太阳城  品牌开发商', '碧桂园太阳城  | 2室2厅 | 91.47平米 | 南 | 精装', '高楼层(共32层)2019年建板楼  -  沈北新区', '68万', '单价7435元/平米')
('https://image1.ljcdn.com/210100-inspection/0e991e11-0240-48c8-8a38-e0e11695af2c.jpg.296x216.jpg', '碧桂园太阳城 2室1厅 56万', '碧桂园太阳城  | 2室1厅 | 91.54平米 | 南 | 其他', '高楼层(共32层)暂无数据  -  沈北新区', '56万', '单价6118元/平米')
('https://image1.ljcdn.com/210100-inspection/3b70a121-e2c5-44a5-96a7-77b6342422a4.jpg.296x216.jpg', '亚泰城 3室2厅 120万', '亚泰城  | 3室2厅 | 100.04平米 | 南 北 | 其他', '低楼层(共6层)板楼  -  沈北新区', '120万', '单价11996元/平米')
('https://image1.ljcdn.com/210100-inspection/accf0762-5d7f-40bd-b6e1-920c474647d1.jpg.296x216.jpg', '亚泰城 2室1厅 57万', '亚泰城  | 2室1厅 | 77.76平米 | 东南 | 其他', '中楼层(共30层)暂无数据  -  沈北新区', '57万', '单价7331元/平米')
('https://image1.ljcdn.com/210100-inspection/d90f7ef6-63e2-42ac-8365-ef7ee7587166.jpg.296x216.jpg', '三盛颐景御园 2室2厅 50万', '三盛颐景御园  | 2室2厅 | 78.98平米 | 南 北 | 其他', '高楼层(共32层)板楼  -  沈北新区', '50万', '单价6331元/平米')
('https://image1.ljcdn.com/210100-inspection/36a0543a-de55-4bbe-9db0-48f70fb234c0.jpg.296x216.jpg', '华强城 3室2厅 95万', '华强城  | 3室2厅 | 110.65平米 | 南 北 | 其他', '中楼层(共31层)板楼  -  沈北新区', '95万', '单价8586元/平米')
('https://image1.ljcdn.com/210100-inspection/db4f56a6-183a-440a-9def-f67b49e33e04.jpg.296x216.jpg', '中铁人杰水岸一期 2室1厅 56万', '中铁人杰水岸一期  | 2室1厅 | 70.99平米 | 南 北 | 其他', '高楼层(共6层)2014年建板楼  -  沈北新区', '56万', '单价7889元/平米')
('https://image1.ljcdn.com/210100-inspection/5c2ac489-d846-4ca6-a29d-abb1838370d7.jpg.296x216.jpg', '三盛颐景蓝湾 2室2厅 56.5万', '三盛颐景蓝湾  | 2室2厅 | 76.32平米 | 南 北 | 其他', '中楼层(共32层)暂无数据  -  沈北新区', '56.5万', '单价7404元/平米')
('https://image1.ljcdn.com/210100-inspection/2739d80c-2a22-4688-a6ab-d1bb00099d51.jpg.296x216.jpg', '三盛颐景御园 3室2厅 61万', '三盛颐景御园  | 3室2厅 | 116平米 | 南 北 | 其他', '高楼层(共32层)板楼  -  沈北新区', '61万', '单价5259元/平米')
('https://image1.ljcdn.com/210100-inspection/9cf86923-23ca-41d8-b82a-f00dc98282c9.jpg.296x216.jpg', '三盛颐景蓝湾 2室1厅 61万', '三盛颐景蓝湾  | 2室1厅 | 86.32平米 | 南 北 | 其他', '中楼层(共32层)暂无数据  -  沈北新区', '61万', '单价7067元/平米')
('https://image1.ljcdn.com/210100-inspection/28f8c6f6-5dce-44ea-aa32-53a9deaed0ad.jpg.296x216.jpg', '人杰水岸二期 2室2厅 62万', '人杰水岸二期  | 2室2厅 | 80.34平米 | 南 北 | 其他', '高楼层(共6层)板楼  -  沈北新区', '62万', '单价7718元/平米')
('https://image1.ljcdn.com/210100-inspection/7803d624-229b-4c2f-a15d-97f3a996e169.jpg.296x216.jpg', '沈阳雅居乐C地块，四室两厅两厨四卫，大平层。', '沈阳雅居乐花园C地块  | 4室2厅 | 331.59平米 | 南 北 | 其他', '低楼层(共27层)2016年建板楼  -  沈北新区', '248万', '单价7480元/平米')
('https://image1.ljcdn.com/210100-inspection/f201c5f7-d4cf-4a22-985e-d4e7dcbe6702.jpg.296x216.jpg', '沈阳雅居乐A地块，一室精装修，拎包即住。', '沈阳雅居乐花园A地块  | 1室1厅 | 53平米 | 西 | 其他', '低楼层(共29层)板楼  -  沈北新区', '41万', '单价7736元/平米')
('', '太湖国际花园 1室0厅 22万', '太湖国际花园  | 1室0厅 | 35.53平米 | 北 | 其他', '中楼层(共17层)暂无数据  -  沈北新区', '22万', '单价6192元/平米')
('', '沈北 亚泰城 盛京医院 蒲河路站 红星美凯龙', '亚泰城  | 2室2厅 | 89.4平米 | 南 北 | 其他', '中楼层(共32层)暂无数据  -  沈北新区', '73万', '单价8166元/平米')
('https://image1.ljcdn.com/210100-inspection/4a8cf952-cc5f-474e-a1c9-828d85d22392.jpg.296x216.jpg', '人杰水岸二期 3室2厅 98万', '人杰水岸二期  | 3室2厅 | 89.9平米 | 南 | 其他', '高楼层(共6层)板楼  -  沈北新区', '98万', '单价10902元/平米')
('', '人杰水岸二期 3室2厅 90万', '人杰水岸二期  | 3室2厅 | 109.47平米 | 南 北 | 其他', '中楼层(共6层)暂无数据  -  沈北新区', '90万', '单价8222元/平米')
('https://image1.ljcdn.com/210100-inspection/c1dfce0d-fa53-4aea-8c0e-427ef3e7b042.jpg.296x216.jpg', '江南甲第二期 1室1厅 36万', '江南甲第二期  | 1室1厅 | 41.6平米 | 南 | 其他', '高楼层(共18层)暂无数据  -  沈北新区', '36万', '单价8654元/平米')
('', '华强城 精装 小户型 中间楼层 不挡光 即买即住', '华强城  | 1室1厅 | 48.14平米 | 南 | 其他', '低楼层(共31层)板楼  -  沈北新区', '45万', '单价9348元/平米')
('', '荣盛盛京绿洲 2室2厅 51万', '荣盛盛京绿洲  | 2室2厅 | 88.84平米 | 南 西 | 其他', '低楼层(共18层)2016年建板楼  -  沈北新区', '51万', '单价5741元/平米')
('', '龙腾碧玉湾 3室2厅 86万', '龙腾碧玉湾  | 3室2厅 | 116平米 | 南 北 | 其他', '低楼层(共5层)暂无数据  -  沈北新区', '86万', '单价7414元/平米')
('https://image1.ljcdn.com/210100-inspection/9098c849-b952-4801-962f-c4cd659efdab.jpg.296x216.jpg', '江南甲第二期 1室1厅 45万', '江南甲第二期  | 1室1厅 | 56.4平米 | 南 北 | 其他', '中楼层(共18层)暂无数据  -  沈北新区', '45万', '单价7979元/平米')
('', '中铁人杰水岸一期 2室1厅 60万', '中铁人杰水岸一期  | 2室1厅 | 79.91平米 | 东 南 北 | 其他', '高楼层(共27层)板楼  -  沈北新区', '60万', '单价7509元/平米')
('https://image1.ljcdn.com/210100-inspection/988956ed-6cf4-4449-bd0f-21e0ab84005b.jpg.296x216.jpg', '碧桂园太阳城 3室2厅 85万', '碧桂园太阳城  | 3室2厅 | 129平米 | 西南 | 其他', '中楼层(共32层)2019年建板楼  -  沈北新区', '85万', '单价6590元/平米')
('', '碧桂园太阳城 3室2厅 82万', '碧桂园太阳城  | 3室2厅 | 101.2平米 | 西南 北 | 其他', '中楼层(共28层)暂无数据  -  沈北新区', '82万', '单价8103元/平米')
('https://image1.ljcdn.com/210100-inspection/8bcfe2ff-c200-4913-9265-5e8de248a614.jpg.296x216.jpg', '香槟新坐标，怒江北街与沈北路交汇处，电梯小高层', '香槟新坐标  | 2室1厅 | 75.18平米 | 南 北 | 其他', '中楼层(共15层)2013年建板楼  -  沈北新区', '56万', '单价7449元/平米')
('', '华强城 1室1厅 49万', '华强城  | 1室1厅 | 54.22平米 | 南 | 其他', '高楼层(共31层)板楼  -  沈北新区', '49万', '单价9038元/平米')
('https://image1.ljcdn.com/210100-inspection/934492bc-44e8-478b-8101-42c1aeaf8bf4.jpg.296x216.jpg', '晨兴翰林水郡 2室1厅 56.5万', '晨兴翰林水郡  | 2室1厅 | 84.83平米 | 南 北 | 其他', '低楼层(共18层)暂无数据  -  沈北新区', '56.5万', '单价6661元/平米')
('https://image1.ljcdn.com/210100-inspection/70880595-cbe1-4849-946a-43e1590f4eba.jpg.296x216.jpg', '明发锦绣华城 2室2厅 45万', '明发锦绣华城  | 2室2厅 | 74.83平米 | 东南 | 其他', '高楼层(共32层)2011年建板楼  -  沈北新区', '45万', '单价6014元/平米')
('', '中铁人杰水岸一期  盛京 红星 蒲河路站', '中铁人杰水岸一期  | 4室3厅 | 89平米 | 南 北 | 其他', '低楼层(共6层)2014年建板楼  -  沈北新区', '192万', '单价21574元/平米')
('', '荣盛盛京绿洲 3室2厅 58万', '荣盛盛京绿洲  | 3室2厅 | 90平米 | 南 北 | 其他', '低楼层(共18层)2017年建板楼  -  沈北新区', '58万', '单价6445元/平米')
('https://image1.ljcdn.com/210100-inspection/adf016b3-a523-4d7d-8090-6c424a493dfe.jpg.296x216.jpg', '府梓新居 2室2厅 74万', '府梓新居  | 2室2厅 | 88.48平米 | 南 西 北 | 其他', '中楼层(共5层)暂无数据  -  沈北新区', '74万', '单价8364元/平米')
('', '碧桂园太阳城 1室1厅 42万', '碧桂园太阳城  | 1室1厅 | 64.13平米 | 南 | 其他', '中楼层(共31层)暂无数据  -  沈北新区', '42万', '单价6550元/平米')
('', '人杰水岸一期 盛京 蒲河路站 红星美凯龙旁', '中铁人杰水岸一期  | 2室1厅 | 73.85平米 | 南 | 其他', '高楼层(共26层)暂无数据  -  沈北新区', '60万', '单价8125元/平米')
('', '碧桂园太阳城 3室2厅 108万', '碧桂园太阳城  | 3室2厅 | 144平米 | 东南 | 其他', '中楼层(共32层)2019年建板楼  -  沈北新区', '108万', '单价7500元/平米')
('', '香槟新坐标 2室1厅 45万', '香槟新坐标  | 2室1厅 | 75.19平米 | 南 北 | 其他', '低楼层(共15层)2013年建板楼  -  沈北新区', '45万', '单价5985元/平米')
('', '碧桂园太阳城 2室1厅 65万', '碧桂园太阳城  | 2室1厅 | 92平米 | 南 | 其他', '中楼层(共32层)2019年建板楼  -  沈北新区', '65万', '单价7066元/平米')
('', '沈阳雅居乐花园A地块 1室1厅 46万', '沈阳雅居乐花园A地块  | 1室1厅 | 46.33平米 | 西北 | 其他', '高楼层(共31层)2017年建板楼  -  沈北新区', '46万', '单价9929元/平米')
('', '荣盛盛京绿洲 3室2厅 67万', '荣盛盛京绿洲  | 3室2厅 | 109.7平米 | 南 北 | 其他', '低楼层(共18层)2016年建板楼  -  沈北新区', '67万', '单价6108元/平米')
('https://image1.ljcdn.com/210100-inspection/4e888723-5363-44db-a78b-68df7d505f89.jpg.296x216.jpg', '人杰水岸三期 3室2厅 87万', '人杰水岸三期  | 3室2厅 | 84.46平米 | 南 北 | 其他', '中楼层(共6层)板楼  -  沈北新区', '87万', '单价10301元/平米')
('', '江南甲第二期 2室1厅 73万', '江南甲第二期  | 2室1厅 | 88平米 | 南 北 | 其他', '高楼层(共6层)暂无数据  -  沈北新区', '73万', '单价8296元/平米')
('', '人杰水岸二期一室南向河景房精装修房主包大税', '人杰水岸二期  | 1室0厅 | 48.09平米 | 南 | 其他', '中楼层(共26层)板楼  -  沈北新区', '36.5万', '单价7590元/平米')
('', '碧桂园太阳城 3室2厅 72万', '碧桂园太阳城  | 3室2厅 | 93.84平米 | 东 南 北 | 其他', '中楼层(共27层)暂无数据  -  沈北新区', '72万', '单价7673元/平米')
('', '人杰水岸三期 1室1厅 35万', '人杰水岸三期  | 1室1厅 | 41.77平米 | 南 | 其他', '中楼层(共9层)板楼  -  沈北新区', '35万', '单价8380元/平米')
('', '人杰水岸三期 1室1厅 41万', '人杰水岸三期  | 1室1厅 | 41.16平米 | 南 | 其他', '低楼层(共9层)板楼  -  沈北新区', '41万', '单价9962元/平米')
('', '步阳江南甲第四期 4室2厅 147万', '步阳江南甲第四期  | 4室2厅 | 136.84平米 | 南 北 | 其他', '低楼层(共3层)暂无数据  -  沈北新区', '147万', '单价10743元/平米')
('', '香槟新坐标 2室1厅 48万', '香槟新坐标  | 2室1厅 | 76.6平米 | 南 北 | 其他', '中楼层(共15层)暂无数据  -  沈北新区', '48万', '单价6267元/平米')
('https://image1.ljcdn.com/x-se/hdic-frame/ab8ecf1e-4c0c-4a8b-aded-47f438bfa1ef.png.280x210.jpg', '步阳江南甲第 3室2厅 98万', '步阳江南甲第  | 3室2厅 | 115平米 | 南 北 | 其他', '低楼层(共6层)暂无数据  -  沈北新区', '98万', '单价8522元/平米')
('', '荣盛香缇澜山 3室2厅 98万', '荣盛香缇澜山  | 3室2厅 | 103平米 | 南 北 | 其他', '高楼层(共18层)2015年建板楼  -  沈北新区', '98万', '单价9515元/平米')
('', '亚泰城 2室1厅 59万', '亚泰城  | 2室1厅 | 77.86平米 | 东南 | 其他', '中楼层(共33层)暂无数据  -  沈北新区', '59万', '单价7578元/平米')
('', '城建美庭 2室2厅 75万', '城建美庭  | 2室2厅 | 95.71平米 | 南 西 北 | 其他', '低楼层(共18层)暂无数据  -  沈北新区', '75万', '单价7837元/平米')
('', '中铁梧桐苑 3室2厅 80万', '中铁梧桐苑  | 3室2厅 | 119.26平米 | 南 北 | 其他', '高楼层(共11层)暂无数据  -  沈北新区', '80万', '单价6709元/平米')
('', '三盛颐景蓝湾 2室1厅 60万', '三盛颐景蓝湾  | 2室1厅 | 78.93平米 | 南 | 其他', '高楼层(共32层)板楼  -  沈北新区', '60万', '单价7602元/平米')
('', '华强城 1室1厅 43.5万', '华强城  | 1室1厅 | 47.19平米 | 西 北 | 其他', '中楼层(共31层)板楼  -  沈北新区', '43.5万', '单价9219元/平米')
('', '亚泰城 3室2厅 85万', '亚泰城  | 3室2厅 | 119.23平米 | 南 北 | 其他', '高楼层(共6层)2016年建板楼  -  沈北新区', '85万', '单价7130元/平米')
('', '沈北荣盛盛京绿洲 蒲河D铁口 盛京一院 七星海世界', '荣盛盛京绿洲  | 3室2厅 | 109.3平米 | 南 北 | 其他', '低楼层(共18层)2016年建板楼  -  沈北新区', '63万', '单价5764元/平米')
('', '人杰水岸三期 1室0厅 37万', '人杰水岸三期  | 1室0厅 | 48.18平米 | 南 | 其他', '中楼层(共15层)板楼  -  沈北新区', '37万', '单价7680元/平米')
('', '沈阳雅居乐花园A地块 1室1厅 42万', '沈阳雅居乐花园A地块  | 1室1厅 | 53平米 | 东 | 精装', '低楼层(共29层)2016年建板楼  -  沈北新区', '42万', '单价7925元/平米')
('', '碧桂园太阳城 1室1厅 40万', '碧桂园太阳城  | 1室1厅 | 61.8平米 | 南 | 其他', '低楼层(共29层)暂无数据  -  沈北新区', '40万', '单价6473元/平米')
('https://image1.ljcdn.com/210100-inspection/c1c69d26-8046-4079-896c-0fd56b60e3ed.jpg.296x216.jpg', '美麟阁 2室1厅 48万', '美麟阁  | 2室1厅 | 65.94平米 | 南 北 | 其他', '高楼层(共18层)暂无数据  -  沈北新区', '48万', '单价7280元/平米')
('', '皇家御院 1室1厅 30.5万', '皇家御院  | 1室1厅 | 46.51平米 | 南 | 其他', '高楼层(共27层)暂无数据  -  沈北新区', '30.5万', '单价6558元/平米')
('https://image1.ljcdn.com/210100-inspection/f75af1a3-6c4d-44e2-9ff7-e835a1dd17d5.jpg.296x216.jpg', '荣盛香缇澜山 2室2厅 41万', '荣盛香缇澜山  | 2室2厅 | 60.08平米 | 南 | 毛坯', '高楼层(共18层)2015年建板楼  -  沈北新区', '41万', '单价6825元/平米')
('', '荣盛盛京绿洲 3室2厅 83万', '荣盛盛京绿洲  | 3室2厅 | 110.41平米 | 南 北 | 其他', '中楼层(共8层)板楼  -  沈北新区', '83万', '单价7518元/平米')
('https://image1.ljcdn.com/210100-inspection/c10648a5-ad9a-47fc-bd75-c00d1a52c185.jpg.296x216.jpg', '荣盛香缇澜山 清水房 南北标户', '荣盛香缇澜山  | 2室2厅 | 77.44平米 | 南 北 | 其他', '中楼层(共18层)2015年建板楼  -  沈北新区', '56万', '单价7232元/平米')
('', '人杰水岸二期 3室2厅 88万', '人杰水岸二期  | 3室2厅 | 109.53平米 | 南 北 | 其他', '中楼层(共6层)暂无数据  -  沈北新区', '88万', '单价8035元/平米')
('https://image1.ljcdn.com/210100-inspection/8126b6f6-ec3b-4f50-ac0f-e84116a0d708.jpg.296x216.jpg', '蒲河路 人杰水岸三期 一室小户型', '人杰水岸三期  | 1室1厅 | 48.18平米 | 南 | 其他', '中楼层(共15层)板楼  -  沈北新区', '36万', '单价7472元/平米')
('', '三盛颐景蓝湾 2室1厅 52万', '三盛颐景蓝湾  | 2室1厅 | 78.75平米 | 南 | 其他', '低楼层(共32层)暂无数据  -  沈北新区', '52万', '单价6604元/平米')
('https://image1.ljcdn.com/210100-inspection/756744b5-deae-4110-9896-406086c9a87b.jpg.296x216.jpg', '沈阳雅居乐花园A地块 1室1厅 37万', '沈阳雅居乐花园A地块  | 1室1厅 | 41.06平米 | 南 | 其他', '低楼层(共29层)板楼  -  沈北新区', '37万', '单价9012元/平米')
('https://image1.ljcdn.com/210100-inspection/b3a693f6-f9a5-4e5c-995c-7751099a5b24.jpg.296x216.jpg', '华强城  大二室二厅  100万', '华强城  | 2室2厅 | 107.15平米 | 南 北 | 精装', '中楼层(共31层)板楼  -  沈北新区', '100万', '单价9333元/平米')
('https://image1.ljcdn.com/210100-inspection/b2d64d09-fe4e-4dcb-9de3-a563f93aac0e.jpg.296x216.jpg', '碧桂园太阳城 2室2厅 56万', '碧桂园太阳城  | 2室2厅 | 88.59平米 | 南 北 | 其他', '中楼层(共32层)暂无数据  -  沈北新区', '56万', '单价6322元/平米')
('https://image1.ljcdn.com/210100-inspection/00e1ae9e-4112-4130-abd7-1e3657ea76d9.jpg.296x216.jpg', '一室小户型，位置好，交通方便，配套齐全。', '华强城  | 1室1厅 | 49.39平米 | 南 | 其他', '高楼层(共31层)板楼  -  沈北新区', '36万', '单价7289元/平米')
('https://image1.ljcdn.com/210100-inspection/de3d008e-8f5a-4f5a-9fe0-2ddf36e3919c.jpg.296x216.jpg', '中铁人杰水岸一期 1室0厅 25万', '中铁人杰水岸一期  | 1室0厅 | 40.39平米 | 北 | 其他', '高楼层(共26层)暂无数据  -  沈北新区', '25万', '单价6190元/平米')
('https://image1.ljcdn.com/210100-inspection/aa2a3a16-f3ea-4ee0-b814-20a42cd04dc7.jpg.296x216.jpg', '雷明锦程 积家购物旁 精装一室 拎包入住', '雷明锦程  | 1室1厅 | 44.13平米 | 南 | 其他', '低楼层(共19层)暂无数据  -  沈北新区', '39万', '单价8838元/平米')
('https://image1.ljcdn.com/210100-inspection/b0b3403e-fa20-4ff4-a495-8fda5ed6bd55.jpg.296x216.jpg', '小区园区环境优雅，超高绿化，居民素质让您居住舒心', '步阳江南甲第  | 1室0厅 | 42.58平米 | 西 | 其他', '高楼层(共12层)暂无数据  -  沈北新区', '43万', '单价10099元/平米')
('https://image1.ljcdn.com/210100-inspection/fcb4c89a-570a-4057-b8b4-13b193337581.jpg.296x216.jpg', '沈阳雅居乐花园A地块 1室1厅 37万', '沈阳雅居乐花园A地块  | 1室1厅 | 46.33平米 | 西北 | 其他', '中楼层(共29层)板楼  -  沈北新区', '37万', '单价7987元/平米')
('https://image1.ljcdn.com/210100-inspection/408f744e-91e4-488d-8250-1c2b25898f5f.jpg.296x216.jpg', '沈阳雅居乐花园A地块 1室0厅 37万', '沈阳雅居乐花园A地块  | 1室0厅 | 45.97平米 | 北 | 其他', '低楼层(共29层)板楼  -  沈北新区', '37万', '单价8049元/平米')
('https://image1.ljcdn.com/210100-inspection/4e348373-30ac-4ff4-9738-2c73dab91bb6.jpg.296x216.jpg', '中铁人杰水岸 楼层好 精装修  拎包入住 交通便利', '中铁人杰水岸一期  | 1室1厅 | 44.86平米 | 西北 | 其他', '中楼层(共26层)暂无数据  -  沈北新区', '31.5万', '单价7022元/平米')
('https://image1.ljcdn.com/210100-inspection/d4743a76-60c7-4712-b547-94ef5f3a788e.jpg.296x216.jpg', '人杰水岸二期 1室1厅 44万', '人杰水岸二期  | 1室1厅 | 49.98平米 | 南 | 其他', '高楼层(共27层)板楼  -  沈北新区', '44万', '单价8804元/平米')
('https://image1.ljcdn.com/210100-inspection/76452528-f019-44f9-bf57-cb06e84f02a2.jpg.296x216.jpg', '急售雅居乐摩卡小户型，精装现房，家具家电全新全赠送', '沈阳雅居乐花园A地块  | 1室1厅 | 53平米 | 东 | 精装', '低楼层(共29层)板楼  -  沈北新区', '44万', '单价8302元/平米')
('https://image1.ljcdn.com/210100-inspection/6bfe56e3-228d-443d-abd8-29dc7b741cc1.jpg.296x216.jpg', '中铁人杰水岸一期 3室2厅 102万', '中铁人杰水岸一期  | 3室2厅 | 105.31平米 | 东 南 北 | 其他', '中楼层(共6层)2014年建板楼  -  沈北新区', '102万', '单价9686元/平米')
('https://image1.ljcdn.com/210100-inspection/0a3b90e6-5f48-4b3c-8c0a-3175b0ba6bc1.jpg.296x216.jpg', '江南甲第 装修好  交通便 大学城 繁华地', '步阳江南甲第  | 2室2厅 | 94.44平米 | 南 北 | 其他', '高楼层(共6层)暂无数据  -  沈北新区', '95万', '单价10060元/平米')
('https://image1.ljcdn.com/210100-inspection/c01d2591-efcd-44a1-822d-021a48866bff.jpg.296x216.jpg', '沈阳雅居乐花园C地块 3室2厅 90万', '沈阳雅居乐花园C地块  | 3室2厅 | 112.87平米 | 南 北 | 其他', '中楼层(共33层)暂无数据  -  沈北新区', '90万', '单价7974元/平米')
('https://image1.ljcdn.com/210100-inspection/ecae0db3-96a4-493d-928c-02581534f506.jpg.296x216.jpg', '雅居乐花园C地块，赠送面积大 3室2厅', '沈阳雅居乐花园C地块  | 3室2厅 | 112.89平米 | 南 西 北 | 其他', '高楼层(共32层)暂无数据  -  沈北新区', '71万', '单价6290元/平米')
('https://image1.ljcdn.com/210100-inspection/60921252-fdb7-43f7-ba20-736892369e11.jpg.296x216.jpg', '雅居乐花园，精装洋房，赠送地下车库，四室两厅两卫。', '沈阳雅居乐花园C地块  | 4室2厅 | 144.48平米 | 南 北 | 其他', '中楼层(共7层)暂无数据  -  沈北新区', '175万', '单价12113元/平米')
('https://image1.ljcdn.com/210100-inspection/7315de41-7ccd-4279-9813-0c941db70c31.jpg.296x216.jpg', '人杰水岸 南北通透 精装修三室 不临街', '中铁人杰水岸一期  | 3室2厅 | 105.6平米 | 南 北 | 其他', '中楼层(共6层)2014年建板楼  -  沈北新区', '92万', '单价8713元/平米')
('https://image1.ljcdn.com/210100-inspection/08cc6237-58c0-4b26-af79-ae2a623f6f08.jpg.296x216.jpg', '此房满五唯一，有贷款房主可自还，户型方正，南北通透', '城建美庭  | 3室2厅 | 100.53平米 | 南 北 | 其他', '中楼层(共18层)暂无数据  -  沈北新区', '71.5万', '单价7113元/平米')
('https://image1.ljcdn.com/210100-inspection/4d63c0ff-b9b2-44c0-a4ad-dd36863b68ca.jpg.296x216.jpg', '碧桂园太阳城 2室1厅 70万', '碧桂园太阳城  | 2室1厅 | 83.93平米 | 南 北 | 精装', '低楼层(共30层)暂无数据  -  沈北新区', '70万', '单价8341元/平米')
('https://image1.ljcdn.com/210100-inspection/2c94e67e-0738-49b2-aeeb-33f123a6e1c9.jpg.296x216.jpg', '雨润中央宫园 2室1厅 52万', '雨润中央宫园  | 2室1厅 | 82.6平米 | 南 北 | 其他', '低楼层(共18层)暂无数据  -  沈北新区', '52万', '单价6296元/平米')
('https://image1.ljcdn.com/210100-inspection/b093bd6a-1ddb-447e-aceb-6da5bae16a27.jpg.296x216.jpg', '沈北新区蒲河路碧桂园太阳城交通好毛坯房高层视野宽阔', '碧桂园太阳城  | 3室2厅 | 129平米 | 南 西 北 | 其他', '高楼层(共32层)2019年建板楼  -  沈北新区', '82万', '单价6357元/平米')
('https://image1.ljcdn.com/210100-inspection/98d2309c-3c90-4a0c-a158-3c21a98d2c7f.jpg.296x216.jpg', '精装现房拎包入住三室荣信森林里', '荣信森林里  | 3室2厅 | 96.2平米 | 东 南 北 | 其他', '中楼层(共6层)暂无数据  -  沈北新区', '76.5万', '单价7953元/平米')
('https://image1.ljcdn.com/210100-inspection/bc533c72-11eb-4cbf-8ccb-965725a2e532.jpg.296x216.jpg', '荣盛京绿洲 精装修 三室两厅 采光良好', '荣盛盛京绿洲  | 3室2厅 | 94.88平米 | 南 北 | 其他', '中楼层(共18层)2016年建板楼  -  沈北新区', '68万', '单价7167元/平米')
('https://image1.ljcdn.com/210100-inspection/e29f20b1-ebdb-43c1-b6ac-31bd8dbf52d0.jpg.296x216.jpg', '品质好户型二号线旁荣盛盛京绿洲', '荣盛盛京绿洲  | 2室2厅 | 88.24平米 | 南 北 | 其他', '高楼层(共18层)2016年建板楼  -  沈北新区', '60万', '单价6800元/平米')
('https://image1.ljcdn.com/210100-inspection/c464389f-729f-42d8-b01c-bf247d0ee990.jpg.296x216.jpg', '中铁人杰水岸一期 1室0厅 30万', '中铁人杰水岸一期  | 1室0厅 | 38.98平米 | 北 东北 | 其他', '低楼层(共26层)暂无数据  -  沈北新区', '30万', '单价7697元/平米')
('https://image1.ljcdn.com/210100-inspection/2b9aac18-aafb-48bb-9b90-af20f992632f.jpg.296x216.jpg', '沈阳雅居乐花园A地块 1室1厅 37万', '沈阳雅居乐花园A地块  | 1室1厅 | 41.06平米 | 南 | 其他', '低楼层(共29层)板楼  -  沈北新区', '37万', '单价9012元/平米')
