('https://image1.ljcdn.com/420100-inspection/test-73836a4a-1c6f-455a-b480-e5dca7418941.png.296x216.jpg', '万科金域蓝湾， 不临街安静住处，新证但是单价低', '万科金域蓝湾  | 3室1厅 | 91平米 | 东 南 北 | 其他', '低楼层(共34层)2012年建板楼  -  沌口', '180万', '单价19781元/平米')
('https://image1.ljcdn.com/420100-inspection/3eefc23b-2702-46f5-9c4f-bf2a5fc4eda2.JPG.296x216.jpg', '金色港湾四房，交通便利，两证满两年', '金色港湾四期  | 4室2厅 | 176.36平米 | 南 | 其他', '低楼层(共18层)2008年建板楼  -  沌口', '297万', '单价16841元/平米')
('https://image1.ljcdn.com/420100-inspection/1d842f9b-dde3-4da4-99b0-d1425576355a.jpg.296x216.jpg', '长江楚韵 一线临江 无遮挡 朝南户型 毛坯四居室', '长江楚韵  | 4室2厅 | 134.14平米 | 南 | 其他 | 有电梯', '中楼层(共31层)2013年建板塔结合  -  沌口', '175万', '单价13047元/平米')
('https://image1.ljcdn.com/420100-inspection/test-1f62c130-42d6-4a51-95b0-9be0f5195a02.png.296x216.jpg', '港湾江城一线江景毛坯两房 总价低 适合刚需', '港湾江城  | 2室1厅 | 85.16平米 | 南 | 其他 | 有电梯', '高楼层(共32层)2015年建塔楼  -  沌口', '108万', '单价12683元/平米')
('https://image1.ljcdn.com/420100-inspection/bc4c8702-eb99-420e-9ace-756e97fbeae0.JPG.296x216.jpg', '泰合百花公园  老证   采光好', '泰合百花公园  | 3室2厅 | 148.39平米 | 南 | 其他', '低楼层(共8层)暂无数据  -  沌口', '225万', '单价15163元/平米')
('https://image1.ljcdn.com/420100-inspection/edf32d55-1888-4c7b-badd-9584c70fd8a8.jpg.296x216.jpg', '色港湾四期A区 简装三房 南北通透', '金色港湾四期  | 3室2厅 | 140.32平米 | 南 北 | 其他', '低楼层(共11层)暂无数据  -  沌口', '218万', '单价15536元/平米')
('https://image1.ljcdn.com/420100-inspection/c864ee86-61c7-404b-92e1-978eff3007ba.jpg.296x216.jpg', '万科金域蓝湾 3室2厅 235万', '万科金域蓝湾  | 3室2厅 | 109.96平米 | 南 | 其他', '低楼层(共33层)2013年建板楼  -  沌口', '235万', '单价21372元/平米')
('https://image1.ljcdn.com/420100-inspection/test-f964afbc-ca1a-44ab-a331-0353bc984974.png.296x216.jpg', '万科翡翠玖玺三房，小区配套成熟，交通便利！', '万科翡翠玖玺  | 3室2厅 | 109平米 | 南 | 其他', '低楼层(共34层)2018年建板楼  -  沌口', '235万', '单价21560元/平米')
('https://image1.ljcdn.com/420100-inspection/test-ef2e65ca-c640-4a87-b682-472acbbe2070.png.296x216.jpg', '金桥普林斯顿 蔡甸四环和五环在这里距离3.2公里 环湖', '金桥普林斯顿  | 3室2厅 | 113.81平米 | 南 北 | 其他', '中楼层(共17层)板楼  -  蔡甸其它', '148万', '单价13005元/平米')
('', '金色港湾四期 毛坯四房 老证 无增值税', '金色港湾四期  | 4室2厅 | 146.82平米 | 南 北 | 其他', '低楼层(共6层)暂无数据  -  沌口', '230万', '单价15666元/平米')
('https://image1.ljcdn.com/420100-inspection/test-6064245a-6039-4c9a-b003-0299d5f6ace0.png.296x216.jpg', '东风阳光城黄馨苑 中高楼层 毛坯三房', '东风阳光城黄馨苑  | 3室2厅 | 89.98平米 | 南 | 其他', '中楼层(共32层)2012年建塔楼  -  沌口', '145万', '单价16115元/平米')
('https://image1.ljcdn.com/420100-inspection/test-0c0b675b-efd7-4753-8a4f-74f240619a77.png.296x216.jpg', '金色港湾五期 小两房 老证  配套齐全 看房方便', '金色港湾五期  | 2室1厅 | 69平米 | 东 | 其他', '低楼层(共34层)板楼  -  沌口', '120万', '单价17392元/平米')
('https://image1.ljcdn.com/420100-inspection/test-33f62c49-7c49-49b4-8795-5d7219723400.png.296x216.jpg', '东方花园B区 2室2厅 125万', '东方花园B区  | 2室2厅 | 82.68平米 | 南 | 其他', '中楼层(共5层)暂无数据  -  沌口', '125万', '单价15119元/平米')
('https://image1.ljcdn.com/420100-inspection/test-8f7ce2c6-8361-4041-ad37-b17468d8cadc.png.296x216.jpg', '港湾江城毛坯小三房，真实在售，看房方便', '港湾江城  | 3室2厅 | 96.08平米 | 南 | 其他', '低楼层(共31层)2017年建板塔结合  -  沌口', '125万', '单价13010元/平米')
('https://image1.ljcdn.com/420100-inspection/33c46aa2-ce9c-46b1-a923-4ec1fb7907dd.JPG.296x216.jpg', '金色港湾一期，配套齐全，老证税费低', '金色港湾一期  | 4室2厅 | 135.06平米 | 南 北 | 其他', '高楼层(共6层)2000年建板楼  -  沌口', '180万', '单价13328元/平米')
('https://image1.ljcdn.com/420100-inspection/e4fcab0c-7abf-4ebf-9f6a-1d542c7552e8.JPG.296x216.jpg', '南北通透双阳台 户型很方正 中间楼层 采光 视野好', '港湾江城  | 4室2厅 | 128平米 | 南 北 | 其他', '中楼层(共32层)2015年建板楼  -  沌口', '167万', '单价13047元/平米')
('https://image1.ljcdn.com/420100-inspection/13fa434b-2b6e-484d-836e-6468c515555e.jpg.296x216.jpg', '金色港湾 卡噗瑞岛独栋 老证满五年 带两个车位 临湖', '金色港湾三期  | 5室2厅 | 376平米 | 南 北 | 毛坯', '低楼层(共2层)暂无数据  -  沌口', '1680万', '单价44681元/平米')
('https://image1.ljcdn.com/420100-inspection/04ed19ed-5238-4824-9184-4d6e9ec085b8.jpg.296x216.jpg', '金色港湾五期三房  两证满两年 出行方便 拎包入住', '金色港湾五期  | 3室2厅 | 128平米 | 南 | 其他', '高楼层(共33层)暂无数据  -  沌口', '235万', '单价18360元/平米')
('https://image1.ljcdn.com/420100-inspection/d6a7d735-2bb9-4ba9-862c-7e38e76387c1.JPG.296x216.jpg', '水墨兰庭 毛坯3房 电梯洋房 赠送面积多', '水墨兰庭  | 3室2厅 | 142平米 | 南 | 其他', '高楼层(共6层)暂无数据  -  沌口', '230万', '单价16198元/平米')
('https://image1.ljcdn.com/420100-inspection/1e0a851a-a392-4c89-9714-2f63c932bd64.jpg.296x216.jpg', '地铁口电梯房中间楼层诚心出售看房方便', 'ICC汉阳国际公寓  | 2室1厅 | 48平米 | 南 | 其他', '高楼层(共27层)2015年建塔楼  -  沌口', '60万', '单价12500元/平米')
('https://image1.ljcdn.com/420100-inspection/f13fbcee-d0ec-44ed-9a7c-9b6961b2616a.JPG.296x216.jpg', '复试楼，买一层送一层。单价低,毛坯,loft', '青澳都市尚巢  | 3室2厅 | 46.02平米 | 南 | 其他', '中楼层(共18层)2015年建塔楼  -  沌口', '68万', '单价14777元/平米')
('https://image1.ljcdn.com/420100-inspection/34b17214-e837-4b15-9654-9fa4240a0e6d.jpg.296x216.jpg', '复试楼，买一层送一层。单价低，精装修', '青澳都市尚巢  | 3室1厅 | 43平米 | 南 | 其他', '低楼层(共18层)2015年建塔楼  -  沌口', '79万', '单价18373元/平米')
('https://image1.ljcdn.com/420100-inspection/test-90960750-886f-429d-b895-6cb9c83b05ec.png.296x216.jpg', '宁康园凯旋苑，精装自住两房，老证无尾款，诚心出售', '宁康园  | 2室2厅 | 92.75平米 | 南 北 | 精装', '中楼层(共6层)暂无数据  -  沌口', '190万', '单价20486元/平米')
('https://image1.ljcdn.com/420100-inspection/d0edcbf1-fc69-4788-8ebc-5df8003c5c5f.JPG.296x216.jpg', '锦绣豪园 7室2厅 580万', '锦绣豪园  | 7室2厅 | 278.02平米 | 南 北 | 其他', '低楼层(共3层)暂无数据  -  沌口', '580万', '单价20862元/平米')
('https://image1.ljcdn.com/420100-inspection/test-90f56cea-37e7-4cdd-8e75-4d467a70b11d.png.296x216.jpg', '全屋精装、配套设施齐全，交通出行便利', '嘎纳印象  | 3室1厅 | 129.53平米 | 南 | 其他', '高楼层(共18层)2011年建板楼  -  沌口', '213万', '单价16445元/平米')
('https://image1.ljcdn.com/420100-inspection/7e04aa60-3fbe-46ac-ad1d-f823aefd52f8.JPG.296x216.jpg', '海伦春天叠拼别墅 买一层送两层 送两个车位', '海伦春天二期  | 6室4厅 | 161平米 | 南 北 | 其他', '中楼层(共4层)暂无数据  -  沌口', '340万', '单价21119元/平米')
('https://image1.ljcdn.com/420100-inspection/test-3a358212-7990-46bc-a7fe-2d567d8db4c8.png.296x216.jpg', '适合小年轻的地铁房，发家奋斗的理想港湾', '中环湖畔  | 1室0厅 | 34.13平米 | 南 | 其他', '中楼层(共25层)板楼  -  沌口', '38万', '单价11134元/平米')
('https://image1.ljcdn.com/420100-inspection/c117ba37-6db1-4824-bafb-2bc908b71a44.jpg.296x216.jpg', '金色港湾四期 简装四房  三角湖 老证 无尾款', '金色港湾四期  | 4室2厅 | 145平米 | 南 | 其他', '中楼层(共18层)2008年建板塔结合  -  沌口', '285万', '单价19656元/平米')
('https://image1.ljcdn.com/420100-inspection/test-adccc75d-fe78-4c9a-a95d-3de88f3d729b.png.296x216.jpg', '联投金色港湾精装2房 边户视野开阔 配套成熟', '联投金色港湾星座  | 2室1厅 | 62.97平米 | 南 | 其他', '高楼层(共33层)塔楼  -  沌口', '112万', '单价17787元/平米')
('https://image1.ljcdn.com/420100-inspection/ee90b79a-960c-4e0a-a5be-68098878f5b5.jpg.296x216.jpg', '南北通透，精装修，四居室，看房方便', '金色港湾一期  | 4室2厅 | 151.2平米 | 南 北 | 其他', '中楼层(共6层)暂无数据  -  沌口', '256万', '单价16932元/平米')
('https://image1.ljcdn.com/420100-inspection/5a6bb1eb-16d5-4071-afbe-5c057c476d13.JPG.296x216.jpg', '联投半岛联排别墅，户型多面采光，动静分离比较好', '联投半岛  | 4室2厅 | 164.49平米 | 南 北 | 其他', '3层2016年建暂无数据  -  沌口', '460万', '单价27966元/平米')
('https://image1.ljcdn.com/420100-inspection/74d455d4-af03-423a-9a9f-caec45a8cd73.JPG.296x216.jpg', '装修看图,真实拍摄,全实木家具.赠送面积, 交通便利', '海伦春天二期  | 4室2厅 | 180平米 | 南 北 | 其他', '中楼层(共4层)暂无数据  -  沌口', '480万', '单价26667元/平米')
('https://image1.ljcdn.com/420100-inspection/eb352375-6fd8-41c8-9a56-7d2d8b038b66.jpg.296x216.jpg', '天鹅湖假日山庄 70年产权 独栋别墅 毛坯', '天鹅湖假日山庄  | 5室2厅 | 219.96平米 | 南 北 | 其他', '低楼层(共2层)暂无数据  -  沌口', '680万', '单价30915元/平米')
('https://image1.ljcdn.com/420100-inspection/test-48896f3d-3f52-4821-8e71-f1414ed31a18.png.296x216.jpg', '海伦大户型 采光足 楼层好！交通便利，配套齐全', '海伦春天二期  | 3室2厅 | 102.96平米 | 南 | 其他 | 有电梯', '低楼层(共31层)2015年建板楼  -  沌口', '175万', '单价16997元/平米')
('https://image1.ljcdn.com/420100-inspection/3d83519e-e20b-4c2a-998d-1fec09ac2a6c.JPG.296x216.jpg', '成熟小区小洋房，环境舒适，出行方便。', '金色港湾三期  | 5室3厅 | 215.56平米 | 南 北 | 其他', '中楼层(共4层)暂无数据  -  沌口', '580万', '单价26907元/平米')
('https://image1.ljcdn.com/420100-inspection/test-5539fbc3-aa7b-4e83-b4ed-02c6b9f95f0d.png.296x216.jpg', '一线湖景 毛坯三房 有赠送面积 价格低', '海伦小镇  | 3室1厅 | 100.22平米 | 南 | 其他', '低楼层(共17层)2015年建板楼  -  蔡甸其它', '105万', '单价10477元/平米')
('https://image1.ljcdn.com/420100-inspection/cc133a25-320b-4fa7-8659-5566640de8a8.jpg.296x216.jpg', '金色港湾一线全湖景别墅带临湖院子', '金色港湾四期  | 6室3厅 | 311.49平米 | 南 | 其他', '低楼层(共3层)2007年建暂无数据  -  沌口', '1000万', '单价32104元/平米')
('https://image1.ljcdn.com/420100-inspection/64bb5000-0967-4a2b-b02d-16579995f877.JPG.296x216.jpg', '联投金色港湾，花园洋房，附送一层地下室，配套成熟。', '联投金色港湾剑桥郡  | 4室1厅 | 139平米 | 南 北 | 其他', '低楼层(共7层)2017年建板塔结合  -  沌口', '350万', '单价25180元/平米')
('https://image1.ljcdn.com/420100-inspection/test-fe207c87-6cea-42fa-978e-f2c527839776.png.296x216.jpg', '长江楚韵 临江花园 一线临江 房东靠谱', '长江楚韵  | 3室2厅 | 118平米 | 东南 | 其他 | 有电梯', '低楼层(共31层)2013年建板塔结合  -  沌口', '150万', '单价12712元/平米')
('https://image1.ljcdn.com/420100-inspection/test-6f58eb49-6189-47d7-9520-10fee5d62ca3.png.296x216.jpg', '长江楚韵 正规四居  大户型 一线临江', '长江楚韵  | 4室2厅 | 134.71平米 | 南 | 其他', '低楼层(共33层)2014年建板塔结合  -  沌口', '185万', '单价13734元/平米')
('https://image1.ljcdn.com/420100-inspection/test-82b04aa6-44bb-46b6-b68c-1e5eb292ef86.png.296x216.jpg', '联投半岛毛坯房，户型方正，业主诚心出售', '联投半岛  | 4室2厅 | 134.52平米 | 南 北 | 其他 | 有电梯', '中楼层(共32层)2014年建塔楼  -  沌口', '220万', '单价16355元/平米')
('https://image1.ljcdn.com/420100-inspection/test-44da92eb-3392-4a40-8eb5-598b0b4f081d.png.296x216.jpg', '东风阳光城   老证   环境优美   采光充足', '东风阳光城青荷苑  | 3室2厅 | 102平米 | 南 北 | 其他', '高楼层(共6层)暂无数据  -  沌口', '165万', '单价16177元/平米')
('https://image1.ljcdn.com/420100-inspection/d1cab6d4-6b1f-47a2-965a-f2055d39692f.JPG.296x216.jpg', '港湾江城 南北通透+双阳台+精装修+中间楼层+江景房', '港湾江城  | 4室2厅 | 139.19平米 | 南 北 | 其他 | 有电梯', '中楼层(共32层)2015年建塔楼  -  沌口', '178万', '单价12789元/平米')
('', '金港一期 南北通透 中高楼层 采光好 满五年唯一 老证', '金色港湾一期  | 4室2厅 | 151.53平米 | 南 北 | 精装', '高楼层(共6层)暂无数据  -  沌口', '227万', '单价14981元/平米')
('https://image1.ljcdn.com/420100-inspection/54a5e748-0b25-47eb-8f39-c62c2a23653b.jpg.296x216.jpg', '金色港湾二期   老证   采光好', '金色港湾二期  | 4室2厅 | 172平米 | 南 | 其他', '中楼层(共11层)暂无数据  -  沌口', '249万', '单价14477元/平米')
('https://image1.ljcdn.com/420100-inspection/e97ba526-091d-4ee3-8c35-eb50ea9af6f0.JPG.296x216.jpg', '长江楚韵 临江花园 江景房 毛坯 经典三房', '长江楚韵  | 3室2厅 | 96.93平米 | 南 | 其他 | 有电梯', '高楼层(共33层)2013年建板塔结合  -  沌口', '145万', '单价14960元/平米')
('https://image1.ljcdn.com/420100-inspection/2d207253-3b8e-4865-a149-ecccb17015d2.jpg.296x216.jpg', '金桥普林斯顿 精装两房 新证无尾款 看房方便', '金桥普林斯顿  | 2室2厅 | 90.66平米 | 南 北 | 其他 | 有电梯', '中楼层(共18层)2013年建板楼  -  蔡甸其它', '128万', '单价14119元/平米')
('https://image1.ljcdn.com/420100-inspection/test-ed003987-33d9-4477-9406-c1fb4135d56a.png.296x216.jpg', '金色港湾五期 大户型可观湖 中高楼层 清水毛坯。', '金色港湾五期  | 4室2厅 | 187平米 | 南 北 | 其他', '中楼层(共44层)暂无数据  -  沌口', '400万', '单价21391元/平米')
('https://image1.ljcdn.com/420100-inspection/test-e3c0bc9b-2074-4221-9920-02be01dbb97a.png.296x216.jpg', '经开万达商住房，一室一厅一厨一卫', '武汉经开万达广场  | 1室1厅 | 41平米 | 南 北 | 其他', '中楼层(共30层)暂无数据  -  沌口', '38万', '单价9269元/平米')
('https://image1.ljcdn.com/420100-inspection/rsp_pic_upload3659de54-d4fe-45c5-8075-82c990dec41c.jpg.296x216.jpg', '南北通透，户型方正，采光好。可看湖', '爱佳798  | 3室2厅 | 131平米 | 南 北 | 其他', '高楼层(共31层)2014年建塔楼  -  沌口', '215万', '单价16413元/平米')
('https://image1.ljcdn.com/420100-inspection/rsp_pic_uploadc9b45d6d-1215-400d-a06d-da02dc43261a.jpg.296x216.jpg', '金色港湾四期   满五不唯一    精装修', '金色港湾四期  | 4室1厅 | 133平米 | 东南 | 其他', '高楼层(共6层)2008年建板楼  -  沌口', '238万', '单价17895元/平米')
('https://image1.ljcdn.com/420100-inspection/test-8e23e93d-66c3-4529-b10e-0d9dba26723c.png.296x216.jpg', '武汉经开万达广场   40年产权    总价低', '武汉经开万达广场  | 1室0厅 | 50平米 | 东 | 其他', '低楼层(共30层)板楼  -  沌口', '33万', '单价6600元/平米')
('https://image1.ljcdn.com/420100-inspection/ffe5a552-689d-4413-a0cc-04e503d53681.JPG.296x216.jpg', '金桥普林斯顿 3室1厅 140万', '金桥普林斯顿  | 3室1厅 | 92平米 | 南 北 | 其他 | 有电梯', '中楼层(共18层)2013年建板楼  -  蔡甸其它', '140万', '单价15218元/平米')
('https://image1.ljcdn.com/420100-inspection/98c787a6-2978-465c-b78b-1946b6b37254.jpg.296x216.jpg', '全南大两居 明厨明卫 观景大阳台 临地铁 高楼层采光好', '嘎纳印象  | 2室2厅 | 95.96平米 | 南 | 精装', '高楼层(共18层)2011年建板楼  -  沌口', '170万', '单价17716元/平米')
('https://image1.ljcdn.com/420100-inspection/17cf1f42-d51a-42c0-b244-8dafc937218c.jpg.296x216.jpg', '电梯板楼 高楼层采光好 装修好 周期时间长 交通方便', '金色港湾四期  | 3室2厅 | 139平米 | 南 | 精装', '高楼层(共11层)暂无数据  -  沌口', '252万', '单价18130元/平米')
('https://image1.ljcdn.com/420100-inspection/test-e78ffe14-f23b-4edc-86ef-2b6fc439efe7.png.296x216.jpg', '新都国际嘉园 3室2厅 140万', '新都国际嘉园  | 3室2厅 | 136.05平米 | 南 北 | 其他', '中楼层(共12层)暂无数据  -  沌口', '140万', '单价10291元/平米')
('https://image1.ljcdn.com/420100-inspection/18425e3d-27b9-4b7a-8052-89006df58ee4.JPG.296x216.jpg', '万科金域蓝湾 精装两房 享受管家服务', '万科金域蓝湾  | 2室2厅 | 66平米 | 南 北 | 其他', '低楼层(共34层)板楼  -  沌口', '135万', '单价20455元/平米')
('https://image1.ljcdn.com/420100-inspection/test-ef6c6e67-6138-4cb1-97a0-021be82cd371.png.296x216.jpg', '嘎纳印象新上毛坯三房老证后期税费低', '嘎纳印象  | 3室2厅 | 97.39平米 | 南 | 其他', '低楼层(共31层)2011年建板楼  -  沌口', '161万', '单价16532元/平米')
('https://image1.ljcdn.com/420100-inspection/fe032082-3d77-4790-91e9-037a38ae8c1e.jpg.296x216.jpg', '海伦春天一期 3室2厅 200万', '海伦春天一期  | 3室2厅 | 97.04平米 | 南 | 其他', '中楼层(共29层)2014年建板楼  -  沌口', '200万', '单价20611元/平米')
('https://image1.ljcdn.com/420100-inspection/test-6b82eba0-dc82-4e16-a808-71f37e9a57e9.png.296x216.jpg', '【链家真房源】经开万达精品公寓诚意出售', '武汉经开万达广场  | 1室1厅 | 45平米 | 南 北 | 其他', '高楼层(共30层)板楼  -  沌口', '33万', '单价7334元/平米')
('https://image1.ljcdn.com/420100-inspection/2d67e009-6765-4dd2-94db-edcfaedcecab.JPG.296x216.jpg', '金色港湾三期 空中别墅 采光好 观湖 临地铁 配套齐全', '金色港湾三期  | 4室2厅 | 180平米 | 南 北 | 精装', '高楼层(共6层)板楼  -  沌口', '290万', '单价16112元/平米')
('https://image1.ljcdn.com/420100-inspection/test-c7e80a06-8049-4019-afb7-a32c4dfa665e.png.296x216.jpg', '水岸毕家索 南北通透 大户型 保养好', '水岸·毕家索  | 3室2厅 | 124.22平米 | 南 北 | 其他', '低楼层(共7层)暂无数据  -  沌口', '115万', '单价9258元/平米')
('https://image1.ljcdn.com/420100-inspection/12cc0aef-eedb-43d3-8e69-2fb0c6e7f251.jpg.296x216.jpg', '地铁口电梯房复试中间楼层诚心出售看房方便', 'ICC汉阳国际公寓  | 3室1厅 | 55平米 | 南 | 其他', '低楼层(共19层)2015年建塔楼  -  沌口', '85万', '单价15455元/平米')
('', '华茂小米公寓 1室1厅 55万', '华茂小米公寓  | 1室1厅 | 46.8平米 | 南 | 其他 | 有电梯', '中楼层(共16层)2012年建塔楼  -  沌口', '55万', '单价11753元/平米')
('https://image1.ljcdn.com/420100-inspection/1e330826-7354-407c-8366-ac4dbba2b680.JPG.296x216.jpg', '金色港湾五期 精装两房 LOFT风格，70年产权', '金色港湾五期  | 2室2厅 | 107平米 | 南 | 其他 | 有电梯', '高楼层(共34层)塔楼  -  沌口', '190万', '单价17758元/平米')
('https://image1.ljcdn.com/420100-inspection/478b5d2f-c814-411f-8e4e-00ae0a6549a4.JPG.296x216.jpg', '海伦春天新上别墅赠送面积多无尾款产权清白交易周期短', '海伦春天一期   | 叠拼别墅 | 5室2厅 | 165平米 | 南 北 | 其他', '上叠(共4层)2019年建暂无数据  -  沌口', '380万', '单价23031元/平米')
('https://image1.ljcdn.com/420100-inspection/c5e1beb1-3afa-4113-91d1-fc7d39e531e4.jpg.296x216.jpg', '金色港湾四期 毛坯三居室，南北通透，老证', '金色港湾四期  | 3室2厅 | 130.37平米 | 南 北 | 其他', '中楼层(共18层)2008年建板塔结合  -  沌口', '220万', '单价16876元/平米')
('https://image1.ljcdn.com/420100-inspection/test-8d3b56b4-c0ad-4165-8c79-c78a341904a1.png.296x216.jpg', '视野开扩，采光好，毛坯可随意装修！', '联投金色港湾星座  | 1室1厅 | 62.93平米 | 东南 | 其他', '高楼层(共33层)塔楼  -  沌口', '105万', '单价16686元/平米')
('https://image1.ljcdn.com/420100-inspection/548d6497-d39e-4a24-8cfb-20e935f3aa1a.JPG.296x216.jpg', '不受套数限制 正规一居室总价不高 精装修直接入住急卖', '武汉经开万达广场  | 1室0厅 | 42平米 | 东 | 精装', '低楼层(共30层)板楼  -  沌口', '36万', '单价8572元/平米')
('https://image1.ljcdn.com/420100-inspection/c796e5a9-a35f-4809-aab3-a3f271e931b8.JPG.296x216.jpg', '金色港湾四期 中装三房 老证 视野开阔无遮挡 三面观湖', '金色港湾四期  | 3室2厅 | 133.97平米 | 南 北 | 其他', '中楼层(共11层)2008年建板楼  -  沌口', '255万', '单价19035元/平米')
('https://image1.ljcdn.com/420100-inspection/test-5c4aabfd-e445-47a0-9688-c57eb7348883.png.296x216.jpg', '金色港湾四期 大三房老证税费低', '金色港湾四期  | 3室2厅 | 125.11平米 | 南 北 | 其他', '低楼层(共11层)2008年建板楼  -  沌口', '200万', '单价15986元/平米')
('https://image1.ljcdn.com/420100-inspection/rsp_pic_upload514899e4-5062-4693-892a-92a3eed20f78.jpg.296x216.jpg', '精装修复式 满五唯一 赠送12平米', '金色港湾二期  | 4室2厅 | 128.68平米 | 南 北 | 精装', '中楼层(共8层)板楼  -  沌口', '228万', '单价17719元/平米')
('https://image1.ljcdn.com/420100-inspection/06bc99c6-2866-4b7f-9741-59e696c68b48.jpg.296x216.jpg', '非限购区域，单价低。毛坯房。三房。。', '学府丽城二期  | 3室2厅 | 131.84平米 | 南 北 | 其他', '低楼层(共18层)2016年建板塔结合  -  蔡甸其它', '172万', '单价13047元/平米')
('https://image1.ljcdn.com/420100-inspection/a0f256b3-2e67-4942-85a7-b0b2d75f133f.jpg.296x216.jpg', '金色港湾一期，配套齐全，老证税费低', '金色港湾一期  | 4室2厅 | 151.17平米 | 南 北 | 其他 | 有电梯', '高楼层(共6层)2000年建板楼  -  沌口', '220万', '单价14554元/平米')
('https://image1.ljcdn.com/420100-inspection/3ae67509-c318-491d-baee-fed2750bc9b2.jpg.296x216.jpg', '中环湖畔，精装两房，南北通透，采光充足', '中环湖畔  | 2室2厅 | 94.21平米 | 南 北 | 其他', '高楼层(共18层)2009年建板楼  -  沌口', '135万', '单价14330元/平米')
('https://image1.ljcdn.com/420100-inspection/8552e6c5-6a09-4f6e-97d7-263c513ba137.jpg.296x216.jpg', '总价低 上车门槛低 视野开阔 配套成熟', '联投金色港湾星座  | 1室1厅 | 46平米 | 南 | 其他', '低楼层(共33层)塔楼  -  沌口', '78万', '单价16957元/平米')
('https://image1.ljcdn.com/420100-inspection/e0384faa-d299-4c7b-94e5-22b6ece6f8b0.jpg.296x216.jpg', '复试楼，买一层送一层。单价低，精装修', '青澳都市尚巢  | 3室1厅 | 50平米 | 东南 | 其他', '中楼层(共18层)2015年建塔楼  -  沌口', '75万', '单价15000元/平米')
('https://image1.ljcdn.com/420100-inspection/test-5d0f38fc-652e-4eaf-b0fb-780a3533f059.png.296x216.jpg', '海伦春天毛坯三房南北通透户型方正中间楼层诚心卖', '海伦春天二期  | 3室2厅 | 105平米 | 南 北 | 其他 | 有电梯', '中楼层(共31层)2015年建板楼  -  沌口', '168万', '单价16000元/平米')
('https://image1.ljcdn.com/420100-inspection/8857e2f0-4803-4be0-b19d-d2371fa6ec92.jpg.296x216.jpg', '装修优良 拎包入住 地铁口旁 出行便利 买一层送一层', '青澳都市尚巢  | 2室2厅 | 44.98平米 | 南 | 其他', '中楼层(共18层)2015年建塔楼  -  沌口', '80万', '单价17786元/平米')
('https://image1.ljcdn.com/420100-inspection/test-89859790-d969-40a8-9fd5-18d137b5c56b.png.296x216.jpg', '金色港湾四期  老证  四房舒适住宅', '金色港湾四期  | 4室2厅 | 161.49平米 | 南 北 | 其他 | 有电梯', '低楼层(共18层)暂无数据  -  沌口', '242万', '单价14986元/平米')
('https://image1.ljcdn.com/420100-inspection/c651ec9b-aca2-4168-b244-9a5448f6c96c.JPG.296x216.jpg', 'ICC汉阳国际公寓复式楼，交通方便，出行快捷', 'ICC汉阳国际公寓  | 3室2厅 | 55平米 | 南 | 其他', '中楼层(共19层)2015年建塔楼  -  沌口', '95万', '单价17273元/平米')
('https://image1.ljcdn.com/420100-inspection/rsp_pic_uploadbf38a921-a276-49f8-a198-d4d4683d5974.jpg.296x216.jpg', '金色港湾四期 南北通透 平层宽景 洋房 毛坯 看房方便', '金色港湾四期  | 5室2厅 | 184平米 | 南 北 | 毛坯', '低楼层(共11层)暂无数据  -  沌口', '328万', '单价17827元/平米')
('https://image1.ljcdn.com/420100-inspection/b0413b3e-ae5d-4367-856b-2a28d8f6cba2.JPG.296x216.jpg', '联投金色港湾剑桥郡 7室3厅 310万', '联投金色港湾剑桥郡  | 7室3厅 | 140.79平米 | 南 北 | 其他', '低楼层(共7层)2017年建板楼  -  沌口', '310万', '单价22019元/平米')
('https://image1.ljcdn.com/420100-inspection/30fbded1-96f8-4f6c-9430-e6b4f84ab469.jpg.296x216.jpg', '金色港湾三期 老证 配套齐全交通便利 大三房 南北通透', '金色港湾三期  | 3室2厅 | 152平米 | 南 北 | 其他', '低楼层(共6层)暂无数据  -  沌口', '255万', '单价16777元/平米')
('https://image1.ljcdn.com/420100-inspection/74cf1cbc-cc20-4cc5-9914-01471eb4d900.jpg.296x216.jpg', '金色港湾二期 3室2厅 219万', '金色港湾二期  | 3室2厅 | 128平米 | 南 | 其他', '中楼层(共6层)暂无数据  -  沌口', '219万', '单价17110元/平米')
('https://image1.ljcdn.com/420100-inspection/test-ddbce2bb-7967-40a3-be39-ee8ac45ab6b5.png.296x216.jpg', '金色港湾四期精装三房老证后期税费低', '金色港湾四期  | 3室2厅 | 126.22平米 | 南 北 | 其他', '低楼层(共17层)2008年建板楼  -  沌口', '210万', '单价16638元/平米')
('https://image1.ljcdn.com/420100-inspection/6bc6c8f9-4d09-448f-a029-fc6dec96cac5.JPG.296x216.jpg', '学府丽城二期小三房 中高楼层 采光好 装修不错', '学府丽城二期  | 3室1厅 | 89.8平米 | 南 北 | 精装', '高楼层(共18层)2016年建板塔结合  -  蔡甸其它', '140万', '单价15591元/平米')
('https://image1.ljcdn.com/420100-inspection/afa286e1-f93a-4610-ad2b-cdbadd60df2d.jpg.296x216.jpg', '【链家真房源】嘎纳印象 精装两居 自住装修 拎包入住', '嘎纳印象  | 2室2厅 | 89.6平米 | 西南 | 精装', '低楼层(共32层)2011年建板楼  -  沌口', '161万', '单价17969元/平米')
('https://image1.ljcdn.com/420100-inspection/af294c88-fb25-48f4-b246-c309c2e0e781.JPG.296x216.jpg', '精装两房 采光好 视野开阔 精装老证', '中环湖畔  | 2室2厅 | 97平米 | 南 | 其他', '低楼层(共18层)板楼  -  沌口', '140万', '单价14433元/平米')
('https://image1.ljcdn.com/420100-inspection/test-5e82daff-b934-4fb7-9751-4a5789bcaca9.png.296x216.jpg', '金色港湾四期A区 高层观湖采光好 纯毛坯老证看房方便', '金色港湾四期  | 3室2厅 | 134.59平米 | 南 北 | 毛坯', '高楼层(共11层)暂无数据  -  沌口', '230万', '单价17089元/平米')
('https://image1.ljcdn.com/420100-inspection/8c2b1272-91e7-4f39-9657-0fb6c59a686d.JPG.296x216.jpg', '嘎纳印象两房  小区环境好 交通便利', '嘎纳印象  | 2室1厅 | 78平米 | 南 | 其他', '高楼层(共32层)2011年建板楼  -  沌口', '135万', '单价17308元/平米')
('https://image1.ljcdn.com/420100-inspection/46cb95d9-aa0a-412d-8adc-e8b5afa4396c.JPG.296x216.jpg', '嘎纳印象三房 ， 交通便利 ，视眼开阔，两证满两年', '嘎纳印象  | 3室2厅 | 101平米 | 南 北 | 其他', '低楼层(共30层)2011年建板楼  -  沌口', '178万', '单价17624元/平米')
('https://image1.ljcdn.com/420100-inspection/8a7dae68-4c4a-42f1-b0de-3921659275d9.jpg.296x216.jpg', '中环湖畔   精装两房   采光好   视野开阔', '中环湖畔  | 2室2厅 | 96.22平米 | 南 | 其他', '低楼层(共18层)板楼  -  沌口', '150万', '单价15590元/平米')
('https://image1.ljcdn.com/420100-inspection/39a301e2-16d9-4f70-bdd9-7dfdd5ddb89e.JPG.296x216.jpg', '嘎纳印象 精装三房带地暖 满五唯一', '嘎纳印象  | 3室2厅 | 121.85平米 | 南 | 其他', '高楼层(共32层)板楼  -  沌口', '208万', '单价17071元/平米')
('https://image1.ljcdn.com/420100-inspection/d2c85982-bcc6-461e-84ed-a622a9e057ff.JPG.296x216.jpg', '摩根空间 2室1厅 70万', '摩根空间  | 2室1厅 | 49.31平米 | 南 | 简装', '低楼层(共19层)2016年建塔楼  -  沌口', '70万', '单价14196元/平米')
('https://image1.ljcdn.com/420100-inspection/test-50e97f01-97c6-47b4-8f14-d9fa55a939cb.png.296x216.jpg', '爱佳798 2室2厅 135万', '爱佳798  | 2室2厅 | 85平米 | 南 | 其他', '低楼层(共33层)2017年建塔楼  -  沌口', '135万', '单价15883元/平米')
('https://image1.ljcdn.com/420100-inspection/0f135b6c-8805-43ba-b780-4a97a99942e0.JPG.296x216.jpg', '爱佳798   精装两房   环境优美', '爱佳798  | 2室2厅 | 90.06平米 | 南 | 其他', '低楼层(共31层)2014年建塔楼  -  沌口', '132万', '单价14657元/平米')
('https://image1.ljcdn.com/420100-inspection/90cb9c70-e83b-4ce3-9dc6-674b59c3886a.JPG.296x216.jpg', '嘎纳印象三房 ， 交通便利 ，视眼开阔，婚房装修', '嘎纳印象  | 3室1厅 | 100.15平米 | 南 | 其他', '中楼层(共31层)2011年建板楼  -  沌口', '185万', '单价18473元/平米')
('https://image1.ljcdn.com/420100-inspection/test-485f079f-f480-4447-913f-9ea56f277c88.png.296x216.jpg', '金色港湾四期A区 精装三房 南北通透 老证 无增值税', '金色港湾四期  | 3室2厅 | 140.69平米 | 南 北 | 其他 | 有电梯', '高楼层(共18层)暂无数据  -  沌口', '239万', '单价16988元/平米')
('https://image1.ljcdn.com/420100-inspection/2a075e9f-ed47-4940-82ba-4304c31dffc8.jpg.296x216.jpg', '【链家真房源】湘隆时代大公馆 2室2厅 采光无遮挡', '湘隆时代大公馆  | 2室2厅 | 81平米 | 南 | 其他', '高楼层(共22层)暂无数据  -  沌口', '150万', '单价18519元/平米')
('https://image1.ljcdn.com/420100-inspection/ede84791-d1d0-4cca-97b1-1a22d14ab9a1.JPG.296x216.jpg', 'ICC经开未来城LOFT公寓上下两层', 'ICC汉阳国际公寓  | 2室2厅 | 55.09平米 | 南 | 其他', '高楼层(共19层)2015年建塔楼  -  沌口', '95万', '单价17245元/平米')
('https://image1.ljcdn.com/420100-inspection/0e000c2b-6110-42a3-9bce-68bfe0b7847e.JPG.296x216.jpg', '老证，精装三房，全明格局，出行方便', '金色港湾四期  | 3室2厅 | 134.66平米 | 东南 | 精装', '低楼层(共11层)板楼  -  沌口', '220万', '单价16338元/平米')
('https://image1.ljcdn.com/420100-inspection/rsp_pic_uploadee237c92-bcc4-4f1d-a676-8ceb218309c0.jpg.296x216.jpg', '金桥普林斯顿四房，小区环境好，视野开阔，采光足', '金桥普林斯顿  | 4室2厅 | 130平米 | 南 | 其他', '高楼层(共18层)2013年建板楼  -  蔡甸其它', '175万', '单价13462元/平米')
('https://image1.ljcdn.com/420100-inspection/38a481b7-19cb-4297-ad27-56b8e9370748.jpg.296x216.jpg', '泰合百花公园   满五唯一   楼层好', '泰合百花公园  | 2室2厅 | 97平米 | 南 | 其他', '中楼层(共5层)暂无数据  -  沌口', '160万', '单价16495元/平米')
('https://image1.ljcdn.com/420100-inspection/487ced2d-0f0e-4e0f-9488-e0811017c82d.jpg.296x216.jpg', '海伦春天一期，单价16300元，带装修', '海伦春天一期  | 3室1厅 | 116平米 | 南 北 | 精装', '高楼层(共31层)2014年建板楼  -  沌口', '190万', '单价16380元/平米')
('https://image1.ljcdn.com/420100-inspection/test-2174299c-858a-4f06-a714-d321e5153b4a.png.296x216.jpg', '港湾江城，经典小三房，居家精装修，可拎包入住。', '港湾江城  | 3室2厅 | 97.25平米 | 南 | 精装 | 有电梯', '低楼层(共31层)2015年建塔楼  -  沌口', '130万', '单价13368元/平米')
('https://image1.ljcdn.com/420100-inspection/e67e75e8-46d8-4a8d-a0d2-ff8dd38d5844.jpg.296x216.jpg', '金色港湾五期 LOFT住宅 精装两房 12月老证', '金色港湾五期  | 2室1厅 | 66.46平米 | 南 | 其他 | 有电梯', '中楼层(共34层)塔楼  -  沌口', '130万', '单价19561元/平米')
('https://image1.ljcdn.com/420100-inspection/ae3db6ec-74bb-40bb-a4b2-a3d7b72c46f3.JPG.296x216.jpg', '一线湖景，两证两年，毛坯房，看房方便。', '金色港湾四期  | 6室3厅 | 312.33平米 | 西南 | 毛坯', '低楼层(共2层)暂无数据  -  沌口', '1000万', '单价32018元/平米')
('https://image1.ljcdn.com/420100-inspection/193fd487-ed30-4b46-8d78-841532fc92c5.jpg.296x216.jpg', '南北通透 大三房 中高楼层 采光好 看房便利 配套齐全', '湘隆时代大公馆  | 3室2厅 | 131.3平米 | 南 北 | 其他', '高楼层(共26层)板楼  -  沌口', '230万', '单价17518元/平米')
('https://image1.ljcdn.com/420100-inspection/cf7df09d-61ed-4174-b1d7-743351fa36a1.JPG.296x216.jpg', '金色港湾五期 70年产权 观湖 高楼层采光好 小两房', '金色港湾五期  | 2室1厅 | 69.7平米 | 东北 | 精装', '高楼层(共34层)暂无数据  -  沌口', '127万', '单价18221元/平米')
('https://image1.ljcdn.com/420100-inspection/test-9ee33c1e-dcbf-4c2c-812b-9cac66874626.png.296x216.jpg', '金色港湾一期    满五唯一    南北通透    采光充足', '金色港湾一期  | 3室2厅 | 124.48平米 | 南 北 | 其他', '高楼层(共6层)2000年建板楼  -  沌口', '200万', '单价16067元/平米')
('https://image1.ljcdn.com/420100-inspection/test-e7654a2b-0e26-4f9a-8c8b-c7b4abc46adf.png.296x216.jpg', '【链家真房源】湘隆时代大公馆  2室2厅', '湘隆时代大公馆  | 2室2厅 | 88.83平米 | 南 | 其他', '高楼层(共6层)暂无数据  -  沌口', '145万', '单价16324元/平米')
('https://image1.ljcdn.com/420100-inspection/77367a50-f2df-4c06-a7ed-a8777102ae70.jpg.296x216.jpg', '高楼层，采光好，出行便捷，装修好，新证', '金色港湾五期  | 2室1厅 | 91.6平米 | 南 | 精装', '高楼层(共34层)板楼  -  沌口', '170万', '单价18559元/平米')
('https://image1.ljcdn.com/420100-inspection/test-3f9d9dc3-f523-4c88-ba4d-502ce056c56f.png.296x216.jpg', '金色港湾五期 精装小两房 老证', '金色港湾五期  | 1室1厅 | 63.61平米 | 东 | 其他', '中楼层(共34层)暂无数据  -  沌口', '122万', '单价19180元/平米')
('https://image1.ljcdn.com/420100-inspection/test-7c688b49-f52f-4dae-aa04-1843d77fc839.png.296x216.jpg', '4房2卫 总价低 老证 南北通透 业主诚售 三角湖畔', '金色港湾四期  | 4室2厅 | 147.22平米 | 南 北 | 其他', '低楼层(共11层)2008年建板楼  -  沌口', '230万', '单价15623元/平米')
('https://image1.ljcdn.com/420100-inspection/rsp_pic_uploaddf2a839c-ce20-475e-9eba-2a1c2fcb7b2f.jpg.296x216.jpg', '此房视野开扩，装修优良，可拎包入住，一室一厅', '联投金色港湾星座  | 1室1厅 | 46平米 | 西 | 其他', '低楼层(共33层)塔楼  -  沌口', '80万', '单价17392元/平米')
('https://image1.ljcdn.com/420100-inspection/test-08ed3c34-9280-43c5-a2f4-1922c0faf039.png.296x216.jpg', '金色港湾一期 精装四房 老证 无增值税', '金色港湾一期  | 4室2厅 | 151.17平米 | 东南 西北 | 其他 | 有电梯', '低楼层(共6层)2000年建板楼  -  沌口', '240万', '单价15877元/平米')
('https://image1.ljcdn.com/420100-inspection/8638b209-ced6-4410-a6b7-6d147928736e.jpg.296x216.jpg', '精装自住两房  视野开阔  采光充足', '中环湖畔  | 2室2厅 | 96.72平米 | 南 | 精装', '高楼层(共18层)2012年建板楼  -  沌口', '150万', '单价15509元/平米')
('https://image1.ljcdn.com/420100-inspection/test-884ec5d3-8652-4b14-ae1c-c0ce06faa84a.png.296x216.jpg', '金色港湾毛坯大四房老证后期税费低可看三角湖', '金色港湾四期  | 4室2厅 | 147.81平米 | 南 北 | 其他', '低楼层(共18层)暂无数据  -  沌口', '260万', '单价17591元/平米')
('https://image1.ljcdn.com/420100-inspection/test-da501bf8-996c-4cf6-b799-9093ac564fc8.png.296x216.jpg', '【链家真房源】湘隆时代 南北通透 中高楼层 视野好', '湘隆时代大公馆  | 3室2厅 | 151.4平米 | 南 北 | 毛坯 | 有电梯', '高楼层(共26层)暂无数据  -  沌口', '272万', '单价17966元/平米')
('https://image1.ljcdn.com/420100-inspection/c02a8b14-8774-4c6a-b4e3-7eeeaf543b00.jpg.296x216.jpg', '满五唯一  精装三房  保养好  视野开阔', '泰合百花公园  | 3室2厅 | 128.68平米 | 南 | 其他', '中楼层(共5层)暂无数据  -  沌口', '195万', '单价15154元/平米')
('https://image1.ljcdn.com/420100-inspection/test-d025a57f-e5b0-4b0f-9fae-720402a700c7.png.296x216.jpg', '海伦一期，优质精装两房，户型方正通透', '海伦春天一期  | 2室1厅 | 84.36平米 | 南 | 其他', '中楼层(共29层)2014年建板楼  -  沌口', '150万', '单价17781元/平米')
('https://image1.ljcdn.com/420100-inspection/d6eec153-a099-4b9b-90e9-b454724da58b.jpg.296x216.jpg', '看房方便 视线辽阔 交通便利 配套成熟', '中环湖畔  | 2室2厅 | 87平米 | 南 | 其他', '中楼层(共25层)板楼  -  沌口', '85万', '单价9771元/平米')
('https://image1.ljcdn.com/420100-inspection/rsp_pic_upload518558f5-a5ea-45aa-b916-c518716efe23.jpg.296x216.jpg', '经开万达汉阳商圈湖景房视野开阔采光好配套完善', '武汉经开万达广场  | 1室1厅 | 54.91平米 | 东 | 精装', '高楼层(共30层)暂无数据  -  沌口', '40万', '单价7285元/平米')
('https://image1.ljcdn.com/420100-inspection/rsp_pic_uploada7ef0969-5615-4821-b8da-cda30c84bd89.jpg.296x216.jpg', '港湾江城 清水毛坯 标准三房两卫 楼间距大 采光好', '港湾江城  | 3室2厅 | 113平米 | 南 | 其他 | 有电梯', '低楼层(共32层)2015年建塔楼  -  沌口', '141万', '单价12478元/平米')
('https://image1.ljcdn.com/420100-inspection/rsp_pic_uploadc70b74da-9974-49c1-aba7-54cbc7fa3811.JPG.296x216.jpg', '金色港湾五期豪·装LOFT住宅带租约', '金色港湾五期  | 2室1厅 | 66.28平米 | 南 | 其他 | 有电梯', '高楼层(共34层)塔楼  -  沌口', '138万', '单价20821元/平米')
('https://image1.ljcdn.com/420100-inspection/c2d4d95c-c4a5-422e-90b6-389885ad0b12.JPG.296x216.jpg', '泰合百花公园  老证  环境优美', '泰合百花公园  | 4室2厅 | 147.14平米 | 南 | 其他', '低楼层(共6层)暂无数据  -  沌口', '230万', '单价15632元/平米')
('https://image1.ljcdn.com/420100-inspection/60b0ec76-c942-44fd-96e4-42ee6a12f617.jpg.296x216.jpg', '海伦春天大户型叠墅 赠送面积大 环境舒适 适宜居住', '海伦春天一期  | 5室2厅 | 167平米 | 南 | 其他', '低楼层(共4层)暂无数据  -  沌口', '400万', '单价23953元/平米')
('https://image1.ljcdn.com/420100-inspection/548eb2bd-8b47-459d-b7a8-4d784396ffe5.jpg.296x216.jpg', '金色港湾四期 精装3房 南北通透 采光好 看房方便', '金色港湾四期  | 3室1厅 | 139平米 | 西南 | 其他', '高楼层(共11层)暂无数据  -  沌口', '270万', '单价19425元/平米')
('https://image1.ljcdn.com/420100-inspection/56a6cc3a-53e0-4977-af1a-4535ba3d1228.jpg.296x216.jpg', '学府丽城二期精装修两房，看后官湖景', '学府丽城二期  | 2室2厅 | 80.97平米 | 南 | 其他', '高楼层(共18层)2016年建板塔结合  -  蔡甸其它', '106万', '单价13092元/平米')
('https://image1.ljcdn.com/420100-inspection/bd8ad38b-2ced-4fa7-a5a9-6e1b8bad9efd.JPG.296x216.jpg', '宁康园精装大三房 采光好 交通便利 拎包入住', '宁康园  | 3室2厅 | 121平米 | 南 北 | 其他', '低楼层(共6层)暂无数据  -  沌口', '192万', '单价15868元/平米')
('https://image1.ljcdn.com/420100-inspection/efb9a469-03c7-44a3-bf54-1d2af95fa801.jpg.296x216.jpg', '海伦春天新上D户型叠拼别墅带双车位顶上可做空中花园', '海伦春天二期  | 5室3厅 | 154.46平米 | 南 北 | 其他', '中楼层(共6层)暂无数据  -  沌口', '420万', '单价27192元/平米')
('https://image1.ljcdn.com/420100-inspection/16970218-c24a-42e6-8f2c-f8433a106325.jpg.296x216.jpg', '金桥普林士顿 70年产权  中间楼层 采光好 可直接买', '金桥普林斯顿  | 2室2厅 | 89.83平米 | 南 | 精装', '中楼层(共18层)板楼  -  蔡甸其它', '115万', '单价12802元/平米')
('https://image1.ljcdn.com/420100-inspection/71f37626-22ae-4ab8-8962-147907f660a0.JPG.296x216.jpg', '金色港湾 次顶层 错层复式 装修好 老证唯一 采光好', '金色港湾二期  | 3室2厅 | 142.37平米 | 南 北 | 精装', '高楼层(共11层)暂无数据  -  沌口', '232万', '单价16296元/平米')
('https://image1.ljcdn.com/420100-inspection/28050ca0-3502-4f5d-ae07-2c66c8daa6a4.jpg.296x216.jpg', '泰合百花花园    老证  带花园  采光好', '泰合百花公园  | 3室2厅 | 128.51平米 | 南 | 其他', '低楼层(共5层)暂无数据  -  沌口', '183万', '单价14241元/平米')
('https://image1.ljcdn.com/420100-inspection/aea51822-4d23-43dc-8739-39f8dfc0961c.JPG.296x216.jpg', '联投金色港湾星座低总价住宅单身过度的好选择', '联投金色港湾星座  | 1室1厅 | 46.5平米 | 东 | 其他', '高楼层(共33层)塔楼  -  沌口', '71万', '单价15269元/平米')
('https://image1.ljcdn.com/420100-inspection/35426978-1d5e-4d76-a379-2b7aeeadfcf5.JPG.296x216.jpg', '南北通透 三卧室朝南 高楼层采光好 位置安静 满五老证', '金色港湾四期  | 5室2厅 | 183.85平米 | 南 北 | 简装', '中楼层(共11层)暂无数据  -  沌口', '279万', '单价15176元/平米')
('https://image1.ljcdn.com/420100-inspection/2410db4a-a2a4-48de-872f-578048794b78.JPG.296x216.jpg', '宁康园通透大三房高楼层采光好 交通方便 远瞰体育馆', '宁康园  | 3室2厅 | 139平米 | 南 北 | 精装', '高楼层(共33层)暂无数据  -  沌口', '260万', '单价18706元/平米')
('https://image1.ljcdn.com/420100-inspection/49889701-53cb-493e-ae89-0cb641e066db.JPG.296x216.jpg', '精装复式洋房，家具家电全送，可直接拎包入住', '联投金色港湾剑桥郡  | 4室2厅 | 89.16平米 | 南 北 | 其他', '高楼层(共7层)2017年建板楼  -  沌口', '310万', '单价34769元/平米')
('https://image1.ljcdn.com/420100-inspection/rsp_pic_upload09ba5eb8-57de-42fa-b4f1-369f305ba9d7.jpg.296x216.jpg', '金色港湾三期复式大户型老证后期税费地', '金色港湾三期  | 7室2厅 | 224.14平米 | 南 | 其他', '高楼层(共6层)暂无数据  -  沌口', '336万', '单价14991元/平米')
('https://image1.ljcdn.com/420100-inspection/test-b17f4e19-ce5c-453f-b042-a2fe079610e3.png.296x216.jpg', '带大花园，带三个大阳台，采光充足！！！！', '金色港湾三期  | 3室2厅 | 144.25平米 | 南 | 其他', '低楼层(共11层)暂无数据  -  沌口', '252万', '单价17470元/平米')
('https://image1.ljcdn.com/420100-inspection/2541cf7a-00f4-4f29-b2ed-d706b8a1946a.JPG.296x216.jpg', '汉阳经开 江大旁 看湖精装大两房 南北通透 拎包入住', '金桥普林斯顿  | 2室1厅 | 91平米 | 南 北 | 其他', '高楼层(共18层)板楼  -  蔡甸其它', '126万', '单价13847元/平米')
('https://image1.ljcdn.com/420100-inspection/05df0242-6a21-41e0-9d0d-f518b17d36f7.JPG.296x216.jpg', '金桥普林斯顿 精装3房 老证无增值税 可直接购买', '金桥普林斯顿  | 3室2厅 | 108.83平米 | 南 北 | 其他', '低楼层(共17层)2013年建板楼  -  蔡甸其它', '150万', '单价13783元/平米')
('https://image1.ljcdn.com/420100-inspection/test-cd436fa7-d484-42c7-b5e5-e23889835a31.png.296x216.jpg', '大户型，老证精装修，小区环境好', '金桥普林斯顿  | 3室2厅 | 109.09平米 | 南 | 其他', '中楼层(共17层)2013年建板楼  -  蔡甸其它', '150万', '单价13751元/平米')
('https://image1.ljcdn.com/420100-inspection/62a76f99-36e7-443b-bcd7-6ac4347e547f.jpg.296x216.jpg', '金湖花园   满五唯一   通透三房  无贷款  配套齐全', '金湖花园  | 3室2厅 | 97.32平米 | 南 北 | 其他 | 无电梯', '低楼层(共6层)2000年建板楼  -  沌口', '120万', '单价12331元/平米')
('https://image1.ljcdn.com/420100-inspection/9e83845a-ef2d-4e65-9555-8b04c554430b.JPG.296x216.jpg', '嘎纳印象   毛坯房   老证   户型方正  采光充足', '嘎纳印象  | 2室1厅 | 81.66平米 | 南 | 其他', '低楼层(共32层)2011年建板楼  -  沌口', '140万', '单价17145元/平米')
('https://image1.ljcdn.com/420100-inspection/d92fe16b-f946-477d-9a18-ff52e1a984c0.jpg.296x216.jpg', '联投金色港湾，精装花园洋房，附送负一层地下室。', '联投金色港湾一期  | 3室2厅 | 139.36平米 | 南 北 | 其他', '低楼层(共7层)2015年建板塔结合  -  沌口', '333万', '单价23895元/平米')
('https://image1.ljcdn.com/420100-inspection/555bd872-f944-4b75-8049-86e7816a3faa.jpg.296x216.jpg', '金色港湾五期 70年产权 出行方便 配套齐全 高层采光好', '金色港湾五期  | 1室1厅 | 43.85平米 | 北 | 简装 | 有电梯', '高楼层(共34层)塔楼  -  沌口', '85万', '单价19385元/平米')
('https://image1.ljcdn.com/420100-inspection/337785e0-5bf5-405e-b7df-5ab00414ff9f.JPG.296x216.jpg', '金色港湾四期 位置安静 观湖四居 纯毛坯 临地铁', '金色港湾四期  | 4室2厅 | 161.47平米 | 东 西 | 毛坯 | 有电梯', '低楼层(共18层)暂无数据  -  沌口', '240万', '单价14864元/平米')
('https://image1.ljcdn.com/420100-inspection/rsp_pic_upload1da7d6d3-056c-469d-8bec-9c8c91f21921.jpg.296x216.jpg', '金色港湾波西塔诺绝.版联排湖景别墅诚心下调业主', '金色港湾四期  | 6室3厅 | 312.33平米 | 西南 | 其他', '低楼层(共2层)暂无数据  -  沌口', '850万', '单价27215元/平米')
('https://image1.ljcdn.com/420100-inspection/5b6f3dc7-dc6b-49e3-bbee-a998f9ece9b3.jpg.296x216.jpg', '成熟小区，环境舒适，出行方便。带花园', '金色港湾三期  | 3室2厅 | 123平米 | 南 北 | 其他', '低楼层(共6层)暂无数据  -  沌口', '210万', '单价17074元/平米')
('https://image1.ljcdn.com/420100-inspection/62fedfbf-d9db-4a55-b65d-a36698519cf4.JPG.296x216.jpg', '江大联投金色港湾低总价小户型精装修拎包入住', '联投金色港湾星座  | 1室1厅 | 45.9平米 | 东南 | 其他', '高楼层(共33层)塔楼  -  沌口', '78万', '单价16994元/平米')
('https://image1.ljcdn.com/420100-inspection/1160da1b-2ba0-493a-9d72-8bd745e67372.JPG.296x216.jpg', '金色港湾四期  老证   精装四房   视野开阔  观三角湖', '金色港湾四期  | 4室2厅 | 148平米 | 南 北 | 其他', '高楼层(共18层)2008年建板楼  -  沌口', '275万', '单价18582元/平米')
('https://image1.ljcdn.com/420100-inspection/522b72bb-aa7b-403a-9353-5934e93b4d50.JPG.296x216.jpg', '联投金色港湾一期    大户型花园洋房   环境优美舒适', '联投金色港湾一期  | 4室2厅 | 141平米 | 南 | 其他', '低楼层(共7层)2015年建板塔结合  -  沌口', '275万', '单价19504元/平米')
('https://image1.ljcdn.com/420100-inspection/test-45eea26c-ec96-4927-96bd-b6b1e8c7adcc.png.296x216.jpg', '港湾江城 自住精装 经典三房 江景房', '港湾江城  | 3室2厅 | 97.3平米 | 南 西 | 其他 | 有电梯', '中楼层(共31层)2015年建塔楼  -  沌口', '128万', '单价13156元/平米')
('https://image1.ljcdn.com/420100-inspection/d9b41622-b1a6-4bdc-af55-4e054919cd43.JPG.296x216.jpg', '金色港湾三期顶楼复式大户型，环境舒适,： 成熟小区', '金色港湾三期  | 6室3厅 | 244平米 | 南 北 | 其他', '高楼层(共6层)暂无数据  -  沌口', '350万', '单价14345元/平米')
('https://image1.ljcdn.com/420100-inspection/test-8afc74ba-80ba-47a4-bc43-e8b0c5dbee42.png.296x216.jpg', '联投金色港湾一期，小区环境优雅，视野开阔，采光好', '联投金色港湾一期  | 3室1厅 | 119.14平米 | 南 北 | 其他 | 有电梯', '高楼层(共30层)2015年建板塔结合  -  沌口', '205万', '单价17207元/平米')
('https://image1.ljcdn.com/420100-inspection/6cfc2a75-dd47-4e22-b644-61264c71000a.jpg.296x216.jpg', '金色港湾 品质装修 湖景独栋别墅  带家具家电诚心出售', '金色港湾四期  | 8室3厅 | 433.41平米 | 南 北 | 其他', '高楼层(共4层)暂无数据  -  沌口', '1800万', '单价41532元/平米')
('https://image1.ljcdn.com/420100-inspection/a9327879-cdde-4032-88ff-be38df0a85c2.JPG.296x216.jpg', '金色港湾二期 4室2厅 226万', '金色港湾二期  | 4室2厅 | 172.68平米 | 东 南 北 | 其他', '中楼层(共11层)暂无数据  -  沌口', '226万', '单价13088元/平米')
('https://image1.ljcdn.com/420100-inspection/test-4f5734fb-5fb4-4552-bcb6-47942f04a47b.png.296x216.jpg', '爱佳798两房 环境优美 业主诚心出售', '爱佳798  | 2室2厅 | 86平米 | 南 | 其他', '高楼层(共31层)2014年建塔楼  -  沌口', '119万', '单价13838元/平米')
('https://image1.ljcdn.com/420100-inspection/8f87d514-6c0b-43fa-868d-8f75d3c33478.jpg.296x216.jpg', '东方花园精装修复式楼，老证，带大露台', '东方花园A区  | 6室2厅 | 264.93平米 | 南 北 | 其他', '高楼层(共5层)暂无数据  -  沌口', '280万', '单价10569元/平米')
('https://image1.ljcdn.com/420100-inspection/test-76d7c35d-5773-4dbf-abb9-89d131228257.png.296x216.jpg', '万科金域蓝湾 精装三房 无尾款 过户快', '万科金域蓝湾  | 3室2厅 | 91平米 | 东南 | 其他', '中楼层(共34层)2012年建板楼  -  沌口', '190万', '单价20880元/平米')
('https://image1.ljcdn.com/420100-inspection/test-d74d8dc8-559b-4655-8754-c266cbdbff8b.png.296x216.jpg', '学府丽城精装修三房中间楼层非限购岔到买', '学府丽城二期  | 3室2厅 | 90平米 | 南 | 其他', '高楼层(共18层)2016年建板塔结合  -  蔡甸其它', '140万', '单价15556元/平米')
('https://image1.ljcdn.com/420100-inspection/test-c69dc6de-7bc1-4a5c-a7f2-c6bea94e0a24.png.296x216.jpg', '爱佳798三房 环境优美 业主诚心出售', '爱佳798  | 3室2厅 | 100.57平米 | 南 北 | 其他', '高楼层(共11层)2017年建塔楼  -  沌口', '160万', '单价15910元/平米')
('', '青澳都市尚巢 户型方正 看房方便', '青澳都市尚巢  | 3室1厅 | 54.08平米 | 南 | 其他 | 有电梯', '低楼层(共18层)2015年建塔楼  -  沌口', '80万', '单价14793元/平米')
('', '万科金域蓝湾 精装三房 享受管家服务', '万科金域蓝湾  | 3室2厅 | 133平米 | 南 | 其他', '中楼层(共33层)2015年建板楼  -  沌口', '350万', '单价26316元/平米')
('', '武汉经开万达广场 1室1厅 36万', '武汉经开万达广场  | 1室1厅 | 50平米 | 南 | 其他', '中楼层(共30层)板楼  -  沌口', '36万', '单价7200元/平米')
('', '武汉经开万达广场 1室1厅 38万', '武汉经开万达广场  | 1室1厅 | 55平米 | 南 | 其他', '低楼层(共30层)板楼  -  沌口', '38万', '单价6910元/平米')
('', '中环湖畔 1室1厅 55万', '中环湖畔  | 1室1厅 | 45.5平米 | 南 | 其他', '中楼层(共25层)板楼  -  沌口', '55万', '单价12088元/平米')
('', '金桥普林斯顿 精装四房  复式楼  可直接购买', '金桥普林斯顿  | 4室2厅 | 88.26平米 | 南 | 其他', '高楼层(共18层)板楼  -  蔡甸其它', '160万', '单价18129元/平米')
('', '泰合百花公园 4室3厅 350万', '泰合百花公园  | 4室3厅 | 168平米 | 南 北 | 其他', '高楼层(共6层)暂无数据  -  沌口', '350万', '单价20834元/平米')
('', '配套齐全，老证后期税费低！小区环境优美！！！', '联投金色港湾一期  | 3室1厅 | 118.32平米 | 南 | 其他 | 有电梯', '低楼层(共32层)2015年建板塔结合  -  沌口', '199万', '单价16819元/平米')
('', '金荷花园   四房设计   采光充足', '金荷花园  | 4室3厅 | 161.65平米 | 南 | 其他 | 无电梯', '高楼层(共7层)暂无数据  -  沌口', '165万', '单价10208元/平米')
('', '宁康园 3室2厅 185万', '宁康园  | 3室2厅 | 121.24平米 | 南 北 | 其他', '高楼层(共6层)暂无数据  -  沌口', '185万', '单价15259元/平米')
('', '万科金域蓝湾 精装三房 享受管家服务', '万科金域蓝湾  | 2室2厅 | 85平米 | 南 | 其他', '高楼层(共33层)2015年建板楼  -  沌口', '175万', '单价20589元/平米')
('https://image1.ljcdn.com/420100-inspection/rsp_pic_upload959fe45b-1cba-4512-9547-cd51854a35b4.jpg.296x216.jpg', '成熟小区，环境舒适，出行方便 有赠送大露台20-30平米', '金色港湾三期  | 4室2厅 | 131.59平米 | 南 | 其他', '低楼层(共6层)2004年建板楼  -  沌口', '280万', '单价21279元/平米')
('', '楼层好 户型正 采光好 交通方便', '中环湖畔  | 1室1厅 | 85平米 | 南 | 其他', '中楼层(共25层)板楼  -  沌口', '80万', '单价9412元/平米')
('', '金色港湾二期   人车分流  环境优美  安全舒适', '金色港湾二期  | 1室1厅 | 47.59平米 | 南 | 其他', '中楼层(共6层)暂无数据  -  沌口', '78万', '单价16390元/平米')
('', '学府丽城二期 2室2厅 105万', '学府丽城二期  | 2室2厅 | 81平米 | 南 | 其他', '中楼层(共18层)2016年建板塔结合  -  蔡甸其它', '105万', '单价12963元/平米')
('', '【链家真房源】万科金域蓝湾 交通便利精装小三房', '万科金域蓝湾  | 3室2厅 | 91平米 | 南 北 | 精装', '低楼层(共18层)2016年建板楼  -  沌口', '210万', '单价23077元/平米')
('https://image1.ljcdn.com/420100-inspection/test-f865b8f5-015c-4369-b444-d2e28e016366.png.296x216.jpg', '海伦大户型 采光足  楼层好 配套齐全', '海伦春天二期  | 3室2厅 | 103.02平米 | 南 | 其他 | 有电梯', '高楼层(共31层)2015年建板楼  -  沌口', '180万', '单价17473元/平米')
('', '交通方便 户型正 采光好 楼层好', '中环湖畔  | 1室1厅 | 45平米 | 南 | 其他', '中楼层(共25层)板楼  -  沌口', '80万', '单价17778元/平米')
('https://image1.ljcdn.com/420100-inspection/test-c8e70450-32c5-40c6-85dc-5a72db681113.png.296x216.jpg', '精装自住两房，朝南户型，采光充足。', '中环湖畔  | 2室1厅 | 92平米 | 南 | 精装', '低楼层(共18层)板楼  -  沌口', '140万', '单价15218元/平米')
('', '蔡甸精巧毛坯两房 全南户型 中间楼层 采光好', '常福国际商务广场  | 2室2厅 | 88.2平米 | 南 | 其他', '中楼层(共30层)2014年建板楼  -  蔡甸其它', '75万', '单价8504元/平米')
('', '金色港湾四期洋房 高楼层采光好 老证 业主自住 安静', '金色港湾四期  | 3室2厅 | 133平米 | 南 北 | 精装', '高楼层(共6层)2008年建板楼  -  沌口', '238万', '单价17895元/平米')
('https://image1.ljcdn.com/420100-inspection/78eb500e-168e-41b0-9a17-2c862fd5a0f5.JPG.296x216.jpg', '装修优良，可办公可居家！！！！！！！！！', 'ICC汉阳国际公寓  | 2室2厅 | 55.09平米 | 南 | 其他', '高楼层(共19层)2015年建塔楼  -  沌口', '95万', '单价17245元/平米')
('', '金色港湾三期 空中别墅 客厅挑空 带露台 老证 观湖', '金色港湾三期  | 4室2厅 | 183平米 | 南 北 | 简装', '高楼层(共6层)板楼  -  沌口', '285万', '单价15574元/平米')
('https://image1.ljcdn.com/420100-inspection/test-13f4e552-44b4-4eea-8a07-98aef1cd034a.png.296x216.jpg', '万科金域蓝湾 精装三房 享受管家服务', '万科金域蓝湾  | 3室1厅 | 85平米 | 南 | 其他', '低楼层(共33层)2015年建板楼  -  沌口', '186万', '单价21883元/平米')
('', '金港五期 主打四居 位置好 中间楼层 采光好 装修不错', '金色港湾五期  | 4室2厅 | 187平米 | 南 | 精装', '中楼层(共44层)暂无数据  -  沌口', '380万', '单价20321元/平米')
('', '户型正气 采光充足 位置佳 诚意卖', '博学尚品  | 2室2厅 | 61.85平米 | 东南 | 其他', '中楼层(共31层)2013年建塔楼  -  沌口', '75万', '单价12127元/平米')
('https://image1.ljcdn.com/420100-inspection/rsp_pic_upload8cb8de03-5b6c-492b-8a28-0401f0a94368.jpg.296x216.jpg', '中环湖畔 精装一房 业主诚心出售', '中环湖畔  | 1室1厅 | 35平米 | 南 | 其他', '中楼层(共25层)板楼  -  沌口', '42万', '单价12000元/平米')
('', '海伦春天二期 5室3厅 360万', '海伦春天二期  | 5室3厅 | 167平米 | 南 | 其他', '低楼层(共4层)暂无数据  -  沌口', '360万', '单价21557元/平米')
('https://image1.ljcdn.com/420100-inspection/test-f3f4f8d1-4f5a-495f-96d3-0bb31b1b4973.png.296x216.jpg', '天鹅湖假日山庄 3室2厅 170万', '天鹅湖假日山庄  | 3室2厅 | 126平米 | 南 | 其他', '高楼层(共5层)暂无数据  -  沌口', '170万', '单价13493元/平米')
('', '金色港湾四期 精装3房 此房老证 天台可以种花', '金色港湾四期  | 5室3厅 | 129平米 | 南 北 | 其他', '高楼层(共18层)板楼  -  沌口', '296万', '单价22946元/平米')
('', '博学尚品 2室1厅 58万', '博学尚品  | 2室1厅 | 62平米 | 南 北 | 其他', '中楼层(共31层)2013年建塔楼  -  沌口', '58万', '单价9355元/平米')
('https://image1.ljcdn.com/420100-inspection/046f04e3-de0c-4f3b-9842-1b59313cf18e.JPG.296x216.jpg', '【链家真房源】泰合百花公园 3室2厅 精装 复式', '泰合百花公园  | 3室2厅 | 136.05平米 | 南 北 | 其他', '高楼层(共8层)暂无数据  -  沌口', '204万', '单价14995元/平米')
('', '学府丽城三期 装修好 中间楼层采光好 正规三房', '学府丽城三期  | 3室2厅 | 95.5平米 | 南 北 | 其他', '中楼层(共11层)暂无数据  -  蔡甸其它', '132万', '单价13822元/平米')
('https://image1.ljcdn.com/420100-inspection/test-6cc197e6-7627-48b8-b807-cce977580d7e.png.296x216.jpg', '爱佳798两房 环境优美 人车分流', '爱佳798  | 2室1厅 | 91平米 | 南 | 其他', '中楼层(共31层)2014年建塔楼  -  沌口', '145万', '单价15935元/平米')
('', '金港二期 装修还行 顶层复式 观湖 老证满五年', '金色港湾二期  | 5室4厅 | 205平米 | 南 北 | 简装', '高楼层(共6层)暂无数据  -  沌口', '320万', '单价15610元/平米')
('', '东风阳光城黄馨苑两房 小区环境优美 交通便利', '东风阳光城黄馨苑  | 2室2厅 | 90平米 | 南 | 精装', '低楼层(共18层)2012年建塔楼  -  沌口', '148万', '单价16445元/平米')
('https://image1.ljcdn.com/420100-inspection/test-58726525-a8ea-413a-870d-8e4125aaeadf.png.296x216.jpg', '联投金色港湾 70年住宅 装修好 配套齐全 看房方便', '联投金色港湾星座  | 1室0厅 | 46平米 | 东南 | 精装', '高楼层(共33层)塔楼  -  沌口', '85万', '单价18479元/平米')
('', '爱佳798 2室2厅 125万', '爱佳798  | 2室2厅 | 84.24平米 | 南 | 其他', '高楼层(共33层)2017年建塔楼  -  沌口', '125万', '单价14839元/平米')
('https://image1.ljcdn.com/420100-inspection/test-4a8a00ed-4ed7-4522-a9dc-282e7abb501f.png.296x216.jpg', '湘隆时代大公馆  70年产权  环境优美  生活便利', '湘隆时代大公馆  | 1室0厅 | 29平米 | 南 | 其他', '高楼层(共6层)暂无数据  -  沌口', '59.8万', '单价20621元/平米')
('', '摩根空间 3室1厅 60万', '摩根空间  | 3室1厅 | 49平米 | 南 | 其他', '高楼层(共19层)2016年建塔楼  -  沌口', '60万', '单价12245元/平米')
('', '【链家真房源】联投金色港湾剑桥郡 诚意出售毛坯洋房', '联投金色港湾剑桥郡  | 3室2厅 | 96平米 | 南 北 | 毛坯', '高楼层(共4层)暂无数据  -  沌口', '220万', '单价22917元/平米')
('https://image1.ljcdn.com/420100-inspection/a42e145a-5280-4e0d-b453-40d4268348a5.JPG.296x216.jpg', '联投金色港湾星座江大五号门 一室一厅一厨一卫总价低', '联投金色港湾星座  | 2室1厅 | 50.82平米 | 南 | 其他', '低楼层(共33层)塔楼  -  沌口', '80万', '单价15742元/平米')
('', '户型正气 采光好 楼层佳 位置好', '爱佳798  | 2室2厅 | 85平米 | 南 | 其他 | 有电梯', '中楼层(共34层)2017年建塔楼  -  沌口', '135万', '单价15883元/平米')
('https://image1.ljcdn.com/420100-inspection/test-7992a4f4-3767-4ba2-80dd-32ffaf9e5c72.png.296x216.jpg', '爱佳798 2室2厅 137万', '爱佳798  | 2室2厅 | 89平米 | 东南 | 其他', '低楼层(共31层)2014年建塔楼  -  沌口', '137万', '单价15394元/平米')
('', '中构银城 住宅性质小户型 地铁口 总价低', '中构银城  | 1室1厅 | 43.66平米 | 北 | 其他', '高楼层(共11层)板楼  -  沌口', '60万', '单价13743元/平米')
('', '摩根空间 2室1厅 57万', '摩根空间  | 2室1厅 | 48.14平米 | 南 | 其他', '低楼层(共19层)2016年建塔楼  -  沌口', '57万', '单价11841元/平米')
('', '金色港湾四期 2室2厅 190万', '金色港湾四期  | 2室2厅 | 125平米 | 南 北 | 其他', '低楼层(共18层)暂无数据  -  沌口', '190万', '单价15200元/平米')
('https://image1.ljcdn.com/420100-inspection/7569d556-51ce-4f1e-8c12-739843892c87.JPG.296x216.jpg', '海伦大户型 采光足 交通便利，配套完善！', '海伦春天二期  | 5室3厅 | 160平米 | 东南 | 其他', '中楼层(共6层)暂无数据  -  沌口', '480万', '单价30000元/平米')
('', '金荷花园   两房设计   采光充足  环境优美', '金荷花园  | 2室2厅 | 94平米 | 南 | 其他 | 无电梯', '高楼层(共6层)暂无数据  -  沌口', '118万', '单价12554元/平米')
('https://image1.ljcdn.com/420100-inspection/test-286d78ca-2b32-421d-ad39-b70d3c7a11ff.png.296x216.jpg', '金色港湾五期两房，精装居家小户型，中高楼层视野好。', '金色港湾五期  | 2室1厅 | 68.79平米 | 东北 | 其他', '高楼层(共34层)暂无数据  -  沌口', '125万', '单价18172元/平米')
('', '水木清华 2室2厅 180万', '水木清华  | 2室2厅 | 131平米 | 南 | 其他 | 无电梯', '高楼层(共6层)2004年建板楼  -  沌口', '180万', '单价13741元/平米')
('', '万科金域蓝湾 精装四房 享受管家服务', '万科金域蓝湾  | 4室2厅 | 148平米 | 南 | 其他', '中楼层(共26层)2013年建板楼  -  沌口', '400万', '单价27028元/平米')
('', '武汉经开万达广场    40年产权   生活配套齐全', '武汉经开万达广场  | 1室0厅 | 35平米 | 东南 | 其他', '中楼层(共30层)板楼  -  沌口', '33.5万', '单价9572元/平米')
('https://image1.ljcdn.com/420100-inspection/test-f8541f56-9e17-4687-9dad-a58ecd842c9e.png.296x216.jpg', '金色港湾四期 精装四房 三角湖 老证 无尾款', '金色港湾四期  | 4室2厅 | 164.15平米 | 东南 | 其他 | 有电梯', '低楼层(共18层)暂无数据  -  沌口', '320万', '单价19495元/平米')
('', '东风阳光城青荷苑 4室2厅 210万', '东风阳光城青荷苑  | 4室2厅 | 146.8平米 | 南 | 其他 | 无电梯', '高楼层(共5层)暂无数据  -  沌口', '210万', '单价14306元/平米')
('', '金色港湾三期 成熟小区，出行方便。顶楼复式大户型', '金色港湾三期  | 6室3厅 | 219平米 | 南 北 | 其他', '高楼层(共6层)板楼  -  沌口', '258万', '单价11781元/平米')
('', '40年产权的，交通方便，面积小，总价低', '中环湖畔  | 1室1厅 | 46平米 | 南 | 其他', '低楼层(共25层)板楼  -  沌口', '48万', '单价10435元/平米')
('', '金色港湾三期 4室2厅 260万', '金色港湾三期  | 4室2厅 | 219平米 | 南 北 | 其他', '高楼层(共6层)板楼  -  沌口', '260万', '单价11873元/平米')
('https://image1.ljcdn.com/x-se/hdic-frame/7574ce65-49dc-4c2e-a3d9-0f90574a7cd2.png.280x210.jpg', '中间楼层 老证 交通便利 配套齐全 适合改善刚需客户', '嘎纳印象  | 3室2厅 | 90平米 | 南 | 精装', '中楼层(共32层)2011年建板楼  -  沌口', '170万', '单价18889元/平米')
('https://image1.ljcdn.com/420100-inspection/test-0b1e4120-5728-4c97-81c5-5edb3ecf32c5.png.296x216.jpg', '金色港湾四期 中装 老证 无尾款 过户快', '金色港湾四期  | 3室2厅 | 134.37平米 | 南 北 | 其他', '高楼层(共11层)暂无数据  -  沌口', '220万', '单价16373元/平米')
('', '枫景国际公寓 2室1厅 64万', '枫景国际公寓  | 2室1厅 | 42平米 | 南 | 其他 | 有电梯', '高楼层(共9层)2012年建塔楼  -  沌口', '64万', '单价15239元/平米')
('', '沌口 水木清华 精装三房 老证', '水木清华  | 3室2厅 | 131平米 | 南 | 其他', '中楼层(共6层)暂无数据  -  沌口', '205万', '单价15649元/平米')
('', '【链家真房源】万科翡翠玖玺 万科物业 精装 拎包入住', '万科翡翠玖玺  | 4室2厅 | 155.22平米 | 南 北 | 精装', '高楼层(共32层)2019年建板楼  -  沌口', '380万', '单价24482元/平米')
('', '海天幸福天地一期 1室1厅 65万', '海天幸福天地一期  | 1室1厅 | 54.17平米 | 南 | 其他 | 有电梯', '高楼层(共32层)板楼  -  沌口', '65万', '单价12000元/平米')
('https://image1.ljcdn.com/420100-inspection/test-9cc291f2-a2d6-4d23-9228-5cbc511687cc.png.296x216.jpg', '此房满五唯一，金色港湾四期，无抵押，房屋暂时空置。', '金色港湾四期  | 3室2厅 | 132.45平米 | 东 西 | 其他', '高楼层(共11层)2008年建板楼  -  沌口', '212万', '单价16007元/平米')
('', '泰合百花公园 3室2厅 165万', '泰合百花公园  | 3室2厅 | 105平米 | 南 | 其他', '低楼层(共6层)暂无数据  -  沌口', '165万', '单价15715元/平米')
('', '中环湖畔 40年产权，老证，面积小，总价低', '中环湖畔  | 1室1厅 | 44.38平米 | 南 北 | 其他', '低楼层(共25层)板楼  -  沌口', '45万', '单价10140元/平米')
('', '长江楚韵 一线临江 经典三房 自住精装修 赠送面积大', '长江楚韵  | 3室2厅 | 96.69平米 | 南 | 其他 | 有电梯', '中楼层(共33层)2013年建板塔结合  -  沌口', '145万', '单价14997元/平米')
('', '长江楚韵 次新小区 毛坯房 户型好 无限购 江景房', '长江楚韵  | 3室2厅 | 116.97平米 | 南 | 其他 | 有电梯', '高楼层(共31层)2013年建板塔结合  -  沌口', '150万', '单价12824元/平米')
('https://image1.ljcdn.com/420100-inspection/test-c33fdbf5-3a9a-4d63-ae3c-4049824989c8.png.296x216.jpg', '三角湖地铁口 房型正 采光好 交通便利', '金色港湾四期  | 3室2厅 | 126.22平米 | 西南 | 其他', '中楼层(共17层)2008年建板楼  -  沌口', '210万', '单价16638元/平米')
('', '武汉经开万达广场 1室1厅 43万', '武汉经开万达广场  | 1室1厅 | 43平米 | 南 | 其他', '中楼层(共30层)板楼  -  沌口', '43万', '单价10000元/平米')
('', '老证精装大三房 公摊低 交通便捷 小区环境优 居家适宜', '宁康园  | 3室2厅 | 107平米 | 南 | 其他', '高楼层(共7层)暂无数据  -  沌口', '160万', '单价14954元/平米')
('', '爱佳798 2室2厅 140万', '爱佳798  | 2室2厅 | 88平米 | 南 | 精装', '低楼层(共33层)2017年建塔楼  -  沌口', '140万', '单价15910元/平米')
('', '成熟小区，环境舒适，出行方便。两房带天然气.....', '金色港湾五期  | 2室2厅 | 81.68平米 | 南 | 其他 | 有电梯', '高楼层(共30层)2012年建塔楼  -  沌口', '100万', '单价12243元/平米')
('https://image1.ljcdn.com/420100-inspection/test-d3d7a823-83d0-4760-b0c0-4d058cfd6e79.png.296x216.jpg', '中环湖畔，三房经典户型，采光充足', '中环湖畔  | 3室2厅 | 126.32平米 | 南 北 | 其他', '低楼层(共18层)2009年建板楼  -  沌口', '175万', '单价13854元/平米')
('', '水木清华精装大三房 小区绿化好 配套方便齐全 公摊小', '水木清华  | 3室2厅 | 124.98平米 | 南 北 | 其他', '中楼层(共6层)暂无数据  -  沌口', '190万', '单价15203元/平米')
('', '泰合百花花园   老证  无贷款  采光好', '泰合百花公园  | 4室2厅 | 140平米 | 南 | 其他', '中楼层(共8层)暂无数据  -  沌口', '230万', '单价16429元/平米')
('', '联投金色港湾两房 小区环境优雅  视野宽阔 采光充足', '联投金色港湾铂睿  | 2室1厅 | 79平米 | 西南 | 其他 | 有电梯', '高楼层(共32层)2017年建板塔结合  -  沌口', '150万', '单价18988元/平米')
('', '金港二期 复式五居 满五年 配套齐全 环境好安静', '金色港湾二期  | 5室2厅 | 170.99平米 | 南 北 | 精装', '高楼层(共6层)暂无数据  -  沌口', '255万', '单价14914元/平米')
('https://image1.ljcdn.com/420100-inspection/test-90023eb2-d293-4cbb-89b9-71392fbe4e0a.png.296x216.jpg', '金色港湾四期 毛坯三房 可自己设计装修', '金色港湾四期  | 3室2厅 | 126.22平米 | 东南 西南 | 毛坯', '中楼层(共17层)2008年建板楼  -  沌口', '190万', '单价15054元/平米')
('', '万科金域蓝湾 精装三房 享受管家服务', '万科金域蓝湾  | 3室2厅 | 91.6平米 | 南 北 | 其他', '低楼层(共34层)2012年建板楼  -  沌口', '198万', '单价21616元/平米')
('', '此房两证满五不唯一，全明格局，采光好，复式楼', '泰合百花公园  | 3室2厅 | 121.12平米 | 南 | 其他', '高楼层(共8层)暂无数据  -  沌口', '200万', '单价16513元/平米')
('', '海伦小镇 2室2厅 100万', '海伦小镇  | 2室2厅 | 95平米 | 南 | 其他', '中楼层(共33层)2020年建板楼  -  蔡甸其它', '100万', '单价10527元/平米')
('', '华茂小米公寓 1室1厅1厨1卫 中装 中高层采光好', '华茂小米公寓  | 1室1厅 | 37.11平米 | 南 | 简装 | 有电梯', '中楼层(共16层)2012年建塔楼  -  沌口', '35万', '单价9432元/平米')
('https://image1.ljcdn.com/420100-inspection/test-a4e69166-dae7-43ee-afdd-311ab9b17de0.png.296x216.jpg', '港湾江城 南北通透大户型 毛坯房 房东置换 诚心卖', '港湾江城  | 4室2厅 | 139.19平米 | 南 北 | 其他 | 有电梯', '中楼层(共32层)2015年建塔楼  -  沌口', '160万', '单价11496元/平米')
('https://image1.ljcdn.com/420100-inspection/test-29831535-84a2-4a37-953a-b68a0b74e4a9.png.296x216.jpg', '联投金色港湾，毛坯洋房，中间楼层，采光好，视野好', '联投金色港湾剑桥郡  | 3室2厅 | 106.72平米 | 东 西 | 其他', '中楼层(共7层)2017年建板塔结合  -  沌口', '230万', '单价21552元/平米')
('', '千晴岸两房 环境优美 业主诚心出售', '千晴岸  | 3室1厅 | 87平米 | 南 | 其他', '高楼层(共26层)暂无数据  -  沌口', '135万', '单价15518元/平米')
('https://image1.ljcdn.com/420100-inspection/test-e7ab4024-54ba-40fc-9614-1d3e01cf285e.png.296x216.jpg', '【链家真房源】湘隆时代大公馆 3室2厅 精装', '湘隆时代大公馆  | 3室2厅 | 128平米 | 南 | 精装', '高楼层(共26层)板楼  -  沌口', '256万', '单价20000元/平米')
('', '天鹅湖假日山庄成熟小区，环境舒适，出行方便', '天鹅湖假日山庄  | 4室2厅 | 87.26平米 | 南 北 | 其他', '低楼层(共5层)暂无数据  -  沌口', '150万', '单价17191元/平米')
('https://image1.ljcdn.com/420100-inspection/40f00cfa-dc0c-4455-879d-796bc9bf3911.JPG.296x216.jpg', '海伦春天叠拼别墅洋房纯毛坯买带两个车位', '海伦春天二期  | 8室4厅 | 167.19平米 | 南 | 其他', '低楼层(共4层)暂无数据  -  沌口', '350万', '单价20935元/平米')
('', '成熟小区，环境舒适，出行方便，两年满两年！', '金色港湾三期  | 4室2厅 | 140.59平米 | 南 | 其他', '高楼层(共6层)2004年建板楼  -  沌口', '249万', '单价17712元/平米')
('', '武汉经开万达广场 1室1厅 30万', '武汉经开万达广场  | 1室1厅 | 38平米 | 北 | 其他', '低楼层(共25层)板楼  -  沌口', '30万', '单价7895元/平米')
('', '泰合百花公园南北通透 复式 自住装修 采光无遮挡', '泰合百花公园  | 4室2厅 | 172.34平米 | 南 北 | 其他', '高楼层(共6层)暂无数据  -  沌口', '190万', '单价11025元/平米')
('', '东方花园毛坯三房，无尾款，过户快，适合改善型客户', '东方花园A区  | 3室2厅 | 147平米 | 南 北 | 其他', '中楼层(共5层)暂无数据  -  沌口', '192万', '单价13062元/平米')
('https://image1.ljcdn.com/420100-inspection/test-a4016a2b-dfd1-4d6a-a179-d7b430cac61a.png.296x216.jpg', '【链家真房源】联投金色港湾 精装三房诚意出售', '联投金色港湾一期  | 3室2厅 | 91平米 | 南 北 | 精装 | 有电梯', '低楼层(共32层)2015年建板塔结合  -  沌口', '180万', '单价19781元/平米')
('', '圣龙国际广场 4室2厅 192万', '圣龙国际广场  | 4室2厅 | 160平米 | 南 | 其他', '高楼层(共26层)塔楼  -  沌口', '192万', '单价12000元/平米')
('', '常福国际商务广场 1室1厅 33万', '常福国际商务广场  | 1室1厅 | 45平米 | 南 | 其他', '中楼层(共30层)2015年建塔楼  -  蔡甸其它', '33万', '单价7334元/平米')
('', '地铁口，电梯小高层，户型正气，采光好', '安康园  | 3室2厅 | 125平米 | 南 | 其他', '低楼层(共6层)板楼  -  沌口', '200万', '单价16000元/平米')
('', '金色港湾一期 2室2厅 206万', '金色港湾一期  | 2室2厅 | 152平米 | 南 | 其他', '高楼层(共6层)暂无数据  -  沌口', '206万', '单价13553元/平米')
('https://image1.ljcdn.com/420100-inspection/test-1b29a19e-052e-49da-8311-32d3554e89de.png.296x216.jpg', '嘎纳印象 满五年唯一 中间楼层 采光好 交通便利', '嘎纳印象  | 2室1厅 | 82.71平米 | 南 | 精装', '低楼层(共32层)板楼  -  沌口', '145万', '单价17532元/平米')
('', '中间楼层 采光充足 精装修 诚心出售 地铁口', '海伦春天一期  | 2室2厅 | 84平米 | 南 | 其他', '低楼层(共29层)2014年建板楼  -  沌口', '155万', '单价18453元/平米')
('', '朝南向毛坯三居室 诚心出售 看房方便', '海天幸福天地一期  | 3室1厅 | 79.46平米 | 南 | 其他', '高楼层(共32层)暂无数据  -  沌口', '96万', '单价12082元/平米')
('', '汉阳江边小区 长江楚韵 自住精装修 拎包入住', '长江楚韵  | 3室2厅 | 110平米 | 南 北 | 其他', '中楼层(共33层)2014年建板塔结合  -  沌口', '150万', '单价13637元/平米')
('', '长江楚韵 3室2厅 130万', '长江楚韵  | 3室2厅 | 110平米 | 南 | 其他', '低楼层(共33层)2014年建板塔结合  -  沌口', '130万', '单价11819元/平米')
('https://image1.ljcdn.com/420100-inspection/8d5036cd-f1e2-425e-b363-37d642e48fe0.JPG.296x216.jpg', '海伦小镇 叠拼别墅  毛坯 南北通透 有地下室看房方便', '海伦小镇  | 3室2厅 | 172.12平米 | 南 北 | 其他', '低楼层(共4层)暂无数据  -  蔡甸其它', '180万', '单价10458元/平米')
('', '联投半岛 4室2厅 210万', '联投半岛  | 4室2厅 | 134平米 | 南 北 | 其他 | 有电梯', '低楼层(共32层)2014年建塔楼  -  沌口', '210万', '单价15672元/平米')
('', '联投半岛 3室2厅 180万', '联投半岛  | 3室2厅 | 133.52平米 | 南 北 | 其他', '低楼层(共32层)2014年建塔楼  -  沌口', '180万', '单价13482元/平米')
('', '佳和馨居三房 南北通透 两证满两年 拎包入住', '佳和馨居  | 3室2厅 | 116.27平米 | 南 北 | 其他', '低楼层(共6层)暂无数据  -  沌口', '176万', '单价15138元/平米')
('', '海伦春天新上经典C户型送双车位', '海伦春天一期  | 5室2厅 | 179.62平米 | 南 北 | 其他', '中楼层(共4层)暂无数据  -  沌口', '400万', '单价22270元/平米')
('', '湖景别墅   面积大   交通方便', '水岸·毕家索  | 4室3厅 | 235.39平米 | 南 | 其他', '低楼层(共3层)暂无数据  -  沌口', '330万', '单价14020元/平米')
('https://image1.ljcdn.com/420100-inspection/test-a46c8b57-5d1d-4099-81e7-dea05b4785cb.png.296x216.jpg', '沌口 万科翡翠玖玺 精装三房 品牌物业', '万科翡翠玖玺  | 3室2厅 | 133平米 | 南 北 | 其他', '中楼层(共34层)2018年建板楼  -  沌口', '305万', '单价22933元/平米')
('', '海伦小镇 3室2厅 92万', '海伦小镇  | 3室2厅 | 92平米 | 南 北 | 其他', '低楼层(共27层)2013年建板楼  -  蔡甸其它', '92万', '单价10000元/平米')
('', '东合官湖郡 2室2厅 131万', '东合官湖郡  | 2室2厅 | 85.8平米 | 南 | 其他 | 有电梯', '中楼层(共24层)暂无数据  -  沌口', '131万', '单价15269元/平米')
('', '蔡甸区常福国际两房 朝南采光好 无遮挡', '常福国际商务广场  | 2室2厅 | 88.2平米 | 南 | 其他', '中楼层(共30层)2014年建板楼  -  蔡甸其它', '75万', '单价8504元/平米')
('', '联投半岛 3室2厅 205万', '联投半岛  | 3室2厅 | 118平米 | 东南 西北 | 其他 | 有电梯', '低楼层(共32层)2014年建塔楼  -  沌口', '205万', '单价17373元/平米')
('', '海伦春天一期 5室2厅 400万', '海伦春天一期   | 叠拼别墅 | 5室2厅 | 165平米 | 南 北 | 其他', '上叠(共4层)2019年建暂无数据  -  沌口', '400万', '单价24243元/平米')
('https://image1.ljcdn.com/420100-inspection/test-cba78464-1849-434c-81b0-82bc1cae83c9.png.296x216.jpg', '蔡甸区学府丽城，清水毛胚，湖中房，90米楼间距', '学府丽城二期  | 3室2厅 | 90.03平米 | 南 | 其他', '低楼层(共18层)2016年建板塔结合  -  蔡甸其它', '110万', '单价12219元/平米')
('https://image1.ljcdn.com/420100-inspection/test-d950cf4c-91bd-4e84-9ce1-de522b26dcc3.png.296x216.jpg', '拎包入住，业主诚心出售，交通便利，两证满两年！', '中环湖畔  | 2室2厅 | 97平米 | 南 | 其他', '高楼层(共18层)板楼  -  沌口', '165万', '单价17011元/平米')
('', '长江楚韵 3室2厅 155万', '长江楚韵  | 3室2厅 | 116.46平米 | 南 | 其他 | 有电梯', '高楼层(共31层)2013年建板塔结合  -  沌口', '155万', '单价13310元/平米')
('', '佳和馨居 4室2厅 218万', '佳和馨居  | 4室2厅 | 152平米 | 南 | 其他', '高楼层(共6层)暂无数据  -  沌口', '218万', '单价14343元/平米')
('', '万科金域蓝湾 精装三房 老证 带花园', '万科金域蓝湾  | 2室1厅 | 78平米 | 南 | 其他', '低楼层(共24层)2012年建板楼  -  沌口', '153万', '单价19616元/平米')
('', '诚售湘隆时代大公馆【顶楼复式】满五唯一大户型带车库', '湘隆时代大公馆  | 4室2厅 | 210.11平米 | 南 | 精装', '高楼层(共11层)暂无数据  -  沌口', '390万', '单价18562元/平米')
('https://image1.ljcdn.com/420100-inspection/test-8bd74731-e5e8-40ee-b7d9-19b6ba6d3135.png.296x216.jpg', '长江楚韵 自住精装修 三房两卫 拎包入住 房东诚心卖', '长江楚韵  | 3室2厅 | 110.58平米 | 南 北 | 其他', '低楼层(共33层)2014年建板塔结合  -  沌口', '142万', '单价12842元/平米')
('', '武汉经开万达广场 1室0厅 50万', '武汉经开万达广场  | 1室0厅 | 44.3平米 | 东南 | 其他', '低楼层(共30层)暂无数据  -  沌口', '50万', '单价11287元/平米')
('', '金色港湾一期 3室2厅 178万', '金色港湾一期  | 3室2厅 | 126.3平米 | 南 北 | 其他', '低楼层(共34层)2000年建板楼  -  沌口', '178万', '单价14094元/平米')
('', '户型方正，价格美丽，总价可控。', '学府丽城二期  | 1室1厅 | 43平米 | 南 | 其他', '高楼层(共12层)2016年建塔楼  -  蔡甸其它', '50万', '单价11628元/平米')
('', '海伦小镇 3室2厅 120万', '海伦小镇  | 3室2厅 | 124平米 | 南 | 其他', '中楼层(共26层)板楼  -  蔡甸其它', '120万', '单价9678元/平米')
('https://image1.ljcdn.com/x-se/hdic-frame/6ece205c-1d3f-41aa-84a0-2a0413b9238a.png.280x210.jpg', '嘎纳印象 南向两居 装修好 出行便利 配套齐全 采光好', '嘎纳印象  | 2室1厅 | 81.67平米 | 南 西 | 精装', '低楼层(共32层)2011年建板楼  -  沌口', '142万', '单价17388元/平米')
('https://image1.ljcdn.com/420100-inspection/test-a89475af-3034-4afe-90a6-2191934719e4.png.296x216.jpg', '港湾江城 朝南大三房 高楼层采光视野好江景房！', '港湾江城  | 3室2厅 | 112.22平米 | 南 | 其他 | 有电梯', '高楼层(共32层)2015年建塔楼  -  沌口', '145万', '单价12922元/平米')
('', '海伦春天二期 4室2厅 390万', '海伦春天二期  | 4室2厅 | 179平米 | 南 | 其他', '中楼层(共4层)暂无数据  -  沌口', '390万', '单价21788元/平米')
('', '金色港湾四期 中装三房 老证 后期税费少', '金色港湾四期  | 3室2厅 | 124.9平米 | 南 北 | 其他', '中楼层(共11层)板楼  -  沌口', '248万', '单价19856元/平米')
('', '博学尚品 1室1厅 50万', '博学尚品  | 1室1厅 | 44.3平米 | 南 | 其他', '低楼层(共31层)2013年建塔楼  -  沌口', '50万', '单价11287元/平米')
('', '海伦小镇 3室1厅 121万', '海伦小镇  | 3室1厅 | 124平米 | 南 | 其他', '中楼层(共26层)板楼  -  蔡甸其它', '121万', '单价9759元/平米')
('', '海伦小镇 3室2厅 110万', '海伦小镇  | 3室2厅 | 98.04平米 | 南 | 其他', '低楼层(共17层)2015年建塔楼  -  蔡甸其它', '110万', '单价11220元/平米')
('https://image1.ljcdn.com/420100-inspection/9a656ff6-c88b-42b2-a7eb-18c1d763b31d.JPG.296x216.jpg', '港湾江城中高楼层 户型方正 看房方便 全明户型', '港湾江城  | 4室2厅 | 128平米 | 南 北 | 毛坯', '中楼层(共32层)2015年建板楼  -  沌口', '170万', '单价13282元/平米')
('', '户型正 楼层好 采光好 位置好', '中环湖畔  | 1室1厅 | 45平米 | 南 | 其他', '中楼层(共25层)板楼  -  沌口', '80万', '单价17778元/平米')
('', '海伦春天一期 2室2厅 150万', '海伦春天一期  | 2室2厅 | 85平米 | 南 | 其他 | 有电梯', '中楼层(共30层)2014年建板楼  -  沌口', '150万', '单价17648元/平米')
('', '老证满五年 一层带花园正规三居 户型好 出行便利', '泰合百花公园  | 3室2厅 | 111平米 | 南 | 简装', '低楼层(共6层)暂无数据  -  沌口', '165万', '单价14865元/平米')
('', '蔡甸小户型一房 精装修 采光好 无遮挡', '常福国际商务广场  | 1室1厅 | 51平米 | 南 | 其他', '低楼层(共30层)2015年建塔楼  -  蔡甸其它', '50万', '单价9804元/平米')
('', '锦绣豪园 2室1厅 55万', '锦绣豪园  | 2室1厅 | 50.75平米 | 南 | 其他 | 无电梯', '高楼层(共6层)暂无数据  -  沌口', '55万', '单价10838元/平米')
('https://image1.ljcdn.com/420100-inspection/874dc282-a018-4b20-93be-f95b4cd3afcd.jpg.296x216.jpg', '【链家真房源】嘎纳印象 满两年精装大三房', '嘎纳印象  | 3室2厅 | 129.53平米 | 南 北 | 精装', '中楼层(共18层)2011年建板楼  -  沌口', '240万', '单价18529元/平米')
('', '水木清华 2室2厅 160万', '水木清华  | 2室2厅 | 105平米 | 南 北 | 其他 | 无电梯', '高楼层(共6层)2004年建板楼  -  沌口', '160万', '单价15239元/平米')
('', '佳和馨居 3室2厅 175万', '佳和馨居  | 3室2厅 | 139平米 | 南 北 | 其他', '低楼层(共7层)暂无数据  -  沌口', '175万', '单价12590元/平米')
('', '中间楼层 采光好 户型方正 交通便利 老证 正规三房', '泰合百花公园  | 3室2厅 | 120平米 | 南 | 简装', '中楼层(共6层)暂无数据  -  沌口', '180万', '单价15000元/平米')
('', '泰合百花公园   老证    南北通透   采光充足', '泰合百花公园  | 3室2厅 | 120平米 | 南 北 | 其他', '高楼层(共6层)暂无数据  -  沌口', '180万', '单价15000元/平米')
('', '武汉经开万达广场 1室1厅 40万', '武汉经开万达广场  | 1室1厅 | 42.36平米 | 南 | 其他', '中楼层(共30层)暂无数据  -  沌口', '40万', '单价9443元/平米')
('https://image1.ljcdn.com/420100-inspection/7393d3cc-554d-449e-89d9-b689f1ad6c63.jpg.296x216.jpg', '【链家真房源】金色港湾 南北通透 交通便利 配套齐全', '金色港湾四期  | 3室2厅 | 141.81平米 | 南 北 | 精装', '低楼层(共6层)2008年建板楼  -  沌口', '240万', '单价16925元/平米')
('', '南北通透三房，精装修，带院子，诚心出售', '金色港湾四期  | 3室2厅 | 135平米 | 东南 | 其他', '低楼层(共11层)板楼  -  沌口', '256万', '单价18963元/平米')
('', '枫景国际公寓 2室2厅 60万', '枫景国际公寓  | 2室2厅 | 83平米 | 南 | 其他 | 有电梯', '高楼层(共9层)2012年建塔楼  -  沌口', '60万', '单价7229元/平米')
('', '金色港湾三期 6室2厅 2000万', '金色港湾三期  | 6室2厅 | 392.74平米 | 南 | 其他', '低楼层(共2层)暂无数据  -  沌口', '2000万', '单价50925元/平米')
('', '地铁房 户型正 楼层好 采光好 配套成熟 交通便利', '金色港湾二期  | 4室3厅 | 170.99平米 | 南 | 其他', '高楼层(共6层)暂无数据  -  沌口', '185万', '单价10820元/平米')
('', '泰合百花公园 3室2厅 180万', '泰合百花公园  | 3室2厅 | 111平米 | 南 | 其他', '高楼层(共6层)暂无数据  -  沌口', '180万', '单价16217元/平米')
('https://image1.ljcdn.com/420100-inspection/test-9bdcc371-f7be-46a9-94ce-af642429b924.png.296x216.jpg', '水墨兰庭精装两房，刚需置业不二选择', '水墨兰庭  | 2室2厅 | 92.17平米 | 南 | 其他', '低楼层(共6层)暂无数据  -  沌口', '170万', '单价18445元/平米')
('', '东方花园大三房 满五唯一 交通方便 公摊小', '东方花园A区  | 3室2厅 | 147平米 | 南 | 其他', '低楼层(共6层)板楼  -  沌口', '198万', '单价13470元/平米')
('', '常福国际商务广场 1室1厅 42万', '常福国际商务广场  | 1室1厅 | 58平米 | 南 | 其他', '低楼层(共30层)2015年建塔楼  -  蔡甸其它', '42万', '单价7242元/平米')
('', '海伦春天一期 4室2厅 380万', '海伦春天一期  | 4室2厅 | 167.27平米 | 南 | 其他', '低楼层(共4层)暂无数据  -  沌口', '380万', '单价22718元/平米')
('', '东方花园A区 3室2厅 208万', '东方花园A区  | 3室2厅 | 147平米 | 南 北 | 其他', '中楼层(共5层)暂无数据  -  沌口', '208万', '单价14150元/平米')
('', '【链家真房源】湘隆时代 小户型 适合年轻人', '湘隆时代大公馆  | 1室0厅 | 37.04平米 | 东南 | 简装', '高楼层(共6层)暂无数据  -  沌口', '63万', '单价17009元/平米')
('https://image1.ljcdn.com/420100-inspection/test-e3032a66-5096-4261-bd04-99a2cea01dbd.png.296x216.jpg', '金色港湾四期 看湖 难得毛坯三房', '金色港湾四期  | 3室2厅 | 126.22平米 | 南 | 其他', '中楼层(共17层)2008年建板楼  -  沌口', '195万', '单价15450元/平米')
('', '学府丽城一期两房，小区环境优雅，户型方正，明厨明卫', '学府丽城一期  | 2室2厅 | 76.28平米 | 南 | 其他', '低楼层(共18层)2016年建板塔结合  -  蔡甸其它', '105万', '单价13766元/平米')
('', '湘隆时代大公馆 2室1厅 125万', '湘隆时代大公馆  | 2室1厅 | 66.76平米 | 西南 | 其他', '高楼层(共6层)暂无数据  -  沌口', '125万', '单价18724元/平米')
('', '长江楚韵，高层精装三居室，诚心出售、', '长江楚韵  | 3室2厅 | 110平米 | 南 | 其他', '高楼层(共33层)2014年建板塔结合  -  沌口', '155万', '单价14091元/平米')
('', '联投半岛 毛坯三房 中高楼层 视野开阔', '联投半岛  | 3室2厅 | 133.5平米 | 南 北 | 其他', '中楼层(共32层)2014年建塔楼  -  沌口', '180万', '单价13484元/平米')
('https://image1.ljcdn.com/420100-inspection/test-18fa1cb5-519b-4741-8984-6bf3d98dc230.png.296x216.jpg', '金色港湾三期三房 满五唯一 后期税费低', '金色港湾三期  | 3室2厅 | 135平米 | 南 | 其他', '中楼层(共11层)暂无数据  -  沌口', '252万', '单价18667元/平米')
('', '学府丽城一期两房，小区环境优雅，楼层好视野开阔', '学府丽城一期  | 2室2厅 | 81平米 | 南 | 其他', '高楼层(共18层)2016年建板塔结合  -  蔡甸其它', '108万', '单价13334元/平米')
('', '湘隆时代大公馆 3室2厅 235万', '湘隆时代大公馆  | 3室2厅 | 127.51平米 | 南 北 | 其他', '中楼层(共26层)板楼  -  沌口', '235万', '单价18430元/平米')
('', '拎包入住，业主诚心出售，交通便利，两证满两年！', '中环湖畔  | 2室2厅 | 99.5平米 | 南 北 | 其他', '中楼层(共18层)板楼  -  沌口', '160万', '单价16081元/平米')
('', '阳光丽景，精装修， 新证， 高楼层', '阳光丽景  | 4室2厅 | 134平米 | 南 北 | 其他 | 无电梯', '高楼层(共7层)暂无数据  -  沌口', '180万', '单价13433元/平米')
('https://image1.ljcdn.com/420100-inspection/test-93f8f417-a1a3-475a-81f6-bd96054087e7.png.296x216.jpg', '万科金域蓝湾 精装三房 老证 无增值税', '万科金域蓝湾  | 3室2厅 | 104平米 | 南 北 | 其他', '高楼层(共33层)板楼  -  沌口', '235万', '单价22597元/平米')
('', '学府丽城二期 精装住宅 中高楼层 采光好 看房便利', '学府丽城二期  | 2室2厅 | 81.5平米 | 南 北 | 精装', '中楼层(共18层)2016年建板塔结合  -  蔡甸其它', '109万', '单价13375元/平米')
('', '常福国际商务广场 1室1厅 36万', '常福国际商务广场  | 1室1厅 | 44.36平米 | 南 | 其他', '中楼层(共30层)2015年建塔楼  -  蔡甸其它', '36万', '单价8116元/平米')
('', '海伦小镇 3室2厅 97万', '海伦小镇  | 3室2厅 | 97平米 | 南 北 | 其他', '中楼层(共33层)2017年建板塔结合  -  蔡甸其它', '97万', '单价10000元/平米')
('', '中构银城 2室2厅 94万', '中构银城  | 2室2厅 | 72.37平米 | 南 | 其他', '高楼层(共11层)板楼  -  沌口', '94万', '单价12989元/平米')
('', '房型正 采光好 钻石楼层 户型正气 交通便利 环境舒适', '东风阳光城青荷苑  | 2室2厅 | 88.9平米 | 南 | 其他', '低楼层(共34层)暂无数据  -  沌口', '160万', '单价17998元/平米')
('', '青澳都市尚巢 2室2厅 65万', '青澳都市尚巢  | 2室2厅 | 43平米 | 南 | 其他', '高楼层(共18层)2015年建塔楼  -  沌口', '65万', '单价15117元/平米')
('', '海天幸福天地一期 2室2厅 95万', '海天幸福天地一期  | 2室2厅 | 72.94平米 | 南 | 其他', '高楼层(共32层)板楼  -  沌口', '95万', '单价13025元/平米')
('', '金色港湾五期 1室1厅 88万', '金色港湾五期  | 1室1厅 | 39.91平米 | 南 | 其他 | 有电梯', '低楼层(共30层)2012年建塔楼  -  沌口', '88万', '单价22050元/平米')
('', '联投金色港湾三房 小区环境优雅  视野宽阔 采光充足', '联投金色港湾一期  | 3室2厅 | 119平米 | 南 | 其他 | 有电梯', '高楼层(共32层)板塔结合  -  沌口', '220万', '单价18488元/平米')
('', '爱佳798 2室2厅 118万', '爱佳798  | 2室2厅 | 81平米 | 南 | 其他', '中楼层(共33层)2017年建塔楼  -  沌口', '118万', '单价14568元/平米')
('', '新证 毛坯 70年产权 楼梯房 采光好 看房方便', '金桥普林斯顿  | 2室1厅 | 90平米 | 南 | 其他', '低楼层(共6层)2013年建板楼  -  蔡甸其它', '120万', '单价13334元/平米')
('', '学府丽城一期 2室2厅 120万', '学府丽城一期  | 2室2厅 | 81.56平米 | 南 | 其他', '高楼层(共18层)2016年建板塔结合  -  蔡甸其它', '120万', '单价14714元/平米')
('', '学府丽城 小两居 全新装修 适合小年轻 看房方便', '学府丽城二期  | 2室2厅 | 81平米 | 南 | 精装', '中楼层(共18层)2016年建板塔结合  -  蔡甸其它', '122万', '单价15062元/平米')
('', '爱佳798 2室2厅 118万', '爱佳798  | 2室2厅 | 81平米 | 南 | 其他', '中楼层(共33层)2017年建塔楼  -  沌口', '118万', '单价14568元/平米')
('', '博学尚品 1室1厅 51万', '博学尚品  | 1室1厅 | 44.3平米 | 东南 | 精装', '低楼层(共31层)2013年建塔楼  -  沌口', '51万', '单价11513元/平米')
('', '户型正气 采光充足 位置佳 诚意卖', '博学尚品  | 2室2厅 | 61.8平米 | 南 | 其他', '中楼层(共31层)2013年建塔楼  -  沌口', '62万', '单价10033元/平米')
('', '湘隆时代大公馆   70年产权   电梯房   环境优美', '湘隆时代大公馆  | 1室0厅 | 31平米 | 南 | 其他', '低楼层(共6层)暂无数据  -  沌口', '58万', '单价18710元/平米')
('https://image1.ljcdn.com/420100-inspection/test-c6c3024b-3e6d-4ecc-a58f-c3991341540c.png.296x216.jpg', '港湾江城 2室2厅 118万', '港湾江城  | 2室2厅 | 78平米 | 南 | 其他', '中楼层(共32层)2015年建板楼  -  沌口', '118万', '单价15129元/平米')
('', '中环湖畔 2室2厅 145万', '中环湖畔  | 2室2厅 | 94平米 | 南 | 其他', '中楼层(共18层)板楼  -  沌口', '145万', '单价15426元/平米')
('', '宁康园 3室2厅 233万', '宁康园  | 3室2厅 | 137平米 | 南 北 | 其他 | 无电梯', '低楼层(共6层)暂无数据  -  沌口', '233万', '单价17008元/平米')
('', '博学华府精装两房，两证满两年过户税费低，领包入住', '博学华府  | 2室2厅 | 89平米 | 南 | 其他', '中楼层(共24层)暂无数据  -  沌口', '145万', '单价16293元/平米')
('', '【链家真房源】湘隆时代 南北通风 视野开阔 采光充裕', '湘隆时代大公馆  | 3室2厅 | 151.75平米 | 东南 | 精装', '高楼层(共18层)暂无数据  -  沌口', '258万', '单价17002元/平米')
('', '金色港湾四期 3室2厅 240万', '金色港湾四期  | 3室2厅 | 134平米 | 南 | 其他', '低楼层(共11层)2008年建板楼  -  沌口', '240万', '单价17911元/平米')
('', '佳和馨居三房 南北通透 两证满两年 拎包入住', '佳和馨居  | 3室2厅 | 103.58平米 | 东 西 | 其他', '高楼层(共7层)暂无数据  -  沌口', '150万', '单价14482元/平米')
('', '佳和馨居 3室2厅 180万', '佳和馨居  | 3室2厅 | 114平米 | 南 | 其他 | 无电梯', '低楼层(共6层)暂无数据  -  沌口', '180万', '单价15790元/平米')
('', '金色港湾三期   联排别墅   环境优美  交通便利', '金色港湾三期  | 4室2厅 | 195.39平米 | 南 北 | 其他', '低楼层(共3层)暂无数据  -  沌口', '480万', '单价24567元/平米')
('https://image1.ljcdn.com/420100-inspection/test-0908b6dc-e143-4818-9bf9-3965f92da6d0.png.296x216.jpg', '户型正 采光佳 位置佳 户型正气', '万科翡翠玖玺  | 3室2厅 | 109.33平米 | 南 | 其他', '高楼层(共33层)2018年建板楼  -  沌口', '245万', '单价22410元/平米')
('', '金色港湾四期 中间楼层 采光好 老证 低总价 配套齐全', '金色港湾四期  | 3室2厅 | 138平米 | 南 | 精装', '中楼层(共18层)2008年建板塔结合  -  沌口', '210万', '单价15218元/平米')
('', '海伦堡精装修两房，户型方正，中间楼层采光好', '海伦小镇  | 2室2厅 | 90平米 | 南 | 其他 | 有电梯', '低楼层(共27层)2013年建板楼  -  蔡甸其它', '85万', '单价9445元/平米')
('', '万科翡翠玖玺   精装四房   人性化物业管理', '万科翡翠玖玺  | 4室2厅 | 155平米 | 南 | 其他', '高楼层(共32层)2018年建板楼  -  沌口', '380万', '单价24517元/平米')
('', '金色港湾五期  精装修  客厅卧室全线湖景', '金色港湾五期  | 4室2厅 | 184平米 | 南 | 其他', '中楼层(共18层)2008年建板楼  -  沌口', '400万', '单价21740元/平米')
('', '海滨城花园 户型方正 看房方便 环境宜人', '海滨城花园  | 3室2厅 | 113.44平米 | 南 | 其他 | 无电梯', '高楼层(共8层)暂无数据  -  沌口', '125万', '单价11020元/平米')
('', '户型正 采光好 位置佳 房东诚意卖', '人信·奥林苑  | 4室2厅 | 150平米 | 南 | 其他 | 无电梯', '低楼层(共7层)暂无数据  -  沌口', '300万', '单价20000元/平米')
('', '阳光丽景 老证，无尾款  精装修，中高楼层', '阳光丽景  | 3室2厅 | 117.71平米 | 南 | 其他 | 无电梯', '高楼层(共7层)暂无数据  -  沌口', '135万', '单价11469元/平米')
('', '阳光丽景 老证，无尾款，精装修，中低楼层', '阳光丽景  | 3室2厅 | 124平米 | 南 北 | 其他 | 无电梯', '低楼层(共7层)暂无数据  -  沌口', '160万', '单价12904元/平米')
('', '联投半岛 精装三房  新证，低楼层', '联投半岛  | 3室2厅 | 118.63平米 | 南 北 | 其他 | 有电梯', '低楼层(共28层)2013年建塔楼  -  沌口', '145万', '单价12223元/平米')
('', '户型正  采光好 位置佳 交通方便', '武汉经开万达广场  | 1室0厅 | 41.09平米 | 南 | 其他', '低楼层(共30层)暂无数据  -  沌口', '45万', '单价10952元/平米')
('', '【链家真房源】经开万达 精装公寓诚意出售', '武汉经开万达广场  | 1室1厅 | 55平米 | 南 | 其他', '中楼层(共30层)板楼  -  沌口', '40万', '单价7273元/平米')
('', '户型正气 采光充足 位置佳 诚意卖', '水木清华   | 双拼别墅 | 6室3厅 | 283.74平米 | 南 | 其他 | 无电梯', '3层2004年建暂无数据  -  沌口', '900万', '单价31720元/平米')
('', '人信·奥林苑 2室2厅 155万', '人信·奥林苑  | 2室2厅 | 112平米 | 南 | 其他', '低楼层(共7层)暂无数据  -  沌口', '155万', '单价13840元/平米')
('', '户型正气 采光充足 位置佳 诚意卖', '水木清华   | 双拼别墅 | 6室3厅 | 283.74平米 | 南 | 其他 | 无电梯', '3层2004年建暂无数据  -  沌口', '900万', '单价31720元/平米')
('https://image1.ljcdn.com/420100-inspection/test-00536a4d-7b12-46d3-b51a-d6601f5d0824.png.296x216.jpg', '宁康园 3室2厅 165万', '宁康园  | 3室2厅 | 103平米 | 南 北 | 其他', '中楼层(共7层)暂无数据  -  沌口', '165万', '单价16020元/平米')
('', '博学华府，精装一室一厅，老证，', '博学华府  | 1室1厅 | 50平米 | 南 | 其他', '中楼层(共27层)暂无数据  -  沌口', '90万', '单价18000元/平米')
('', '小两房，精装修，总价低，户型方正，配套成熟', '联投金色港湾星座  | 2室1厅 | 62.9平米 | 东 | 精装', '低楼层(共33层)塔楼  -  沌口', '112万', '单价17807元/平米')
('', '金色港湾五期 2室1厅 129万', '金色港湾五期  | 2室1厅 | 68.9平米 | 南 | 其他', '中楼层(共34层)板楼  -  沌口', '129万', '单价18723元/平米')
