('https://image1.ljcdn.com/610100-inspection/6e4f2d81-a171-4851-9bf1-e6166b4b2052.jpg.296x216.jpg', '城北 彩云郡 精装两室 南北通透 近地铁站 诚心出售。', '彩云郡  ', '高楼层(共28层)板塔结合  -  城北', '133万', '单价14263元/平米')
('https://image1.ljcdn.com/610100-inspection/05a1acf2-32d2-4723-9019-45533ea01563.jpg.296x216.jpg', '房子精装，拎包入住，可随时看房', '东尚小区1期  ', '中楼层(共32层)板塔结合  -  城东', '132万', '单价15147元/平米')
('https://image1.ljcdn.com/610100-inspection/4271f42c-10c8-49f7-9f10-68c682306aa9.jpg.296x216.jpg', '满五满二只能全款，不能按揭，小区安静，教育设施完善', '西安市第七十八中家属区  ', '高楼层(共6层)暂无数据  -  浐灞', '38.5万', '单价7439元/平米')
('https://image1.ljcdn.com/610100-inspection/9df19b75-06a0-4284-9b6c-5b2ddb7cddc5.jpg.296x216.jpg', '胡家庙 二环边 新兴骏景园 南北通透三室 诚心出售', '新兴骏景园  ', '低楼层(共12层)板塔结合  -  城东', '142万', '单价13575元/平米')
('https://image1.ljcdn.com/610100-inspection/578c7a9f-c2f7-4142-9f0d-5c564cc0a907.jpg.296x216.jpg', '胡家庙地铁口  恒基碧翠锦华 满五满二 采光充足', '恒基碧翠锦华  ', '中楼层(共26层)板塔结合  -  城东', '158万', '单价17357元/平米')
('https://image1.ljcdn.com/610100-inspection/9566bc4d-b087-46cf-8cf7-9a25bc311d5e.jpg.296x216.jpg', '南北通透，主卧落地窗很大，地铁房', '彩云郡  ', '低楼层(共28层)板塔结合  -  城北', '150万', '单价16702元/平米')
('https://image1.ljcdn.com/610100-inspection/226a4655-983b-47e7-8657-947ea2bf4b5a.jpg.296x216.jpg', '满五满二，近地铁，精装修，业主诚意出售', '西北电力设计小区  ', '中楼层(共18层)塔楼  -  城东', '185万', '单价12654元/平米')
('https://image1.ljcdn.com/610100-inspection/3ca89984-8fa9-4106-a579-ce25928db7d0.jpg.296x216.jpg', '东二环  石家街地铁站，万华园琳苑小区', '万华园琳苑小区  ', '中楼层(共18层)板塔结合  -  城北', '127万', '单价13487元/平米')
('https://image1.ljcdn.com/610100-inspection/51f0856f-4592-4c14-beaa-7fda4b3664b4.jpg.296x216.jpg', '交通便利 配套齐全 诚心出售 户型很好', '皇城壹號  ', '中楼层(共11层)塔楼  -  城内', '52万', '单价13148元/平米')
('https://image1.ljcdn.com/610100-inspection/c4d3d5b0-abbf-464d-b71f-55cbc7e69632.jpg.296x216.jpg', '城北 彩云郡 精装3室户型 南北通透 近地铁站 诚心出售', '彩云郡  ', '高楼层(共28层)板塔结合  -  城北', '160万', '单价13179元/平米')
('https://image1.ljcdn.com/610100-inspection/f026811b-dc31-4fc8-b213-6a0316a3eb9b.jpg.296x216.jpg', '紫薇家天下 简装一居室 诚心出售', '家天下  ', '高楼层(共24层)塔楼  -  浐灞', '75万', '单价14782元/平米')
('https://image1.ljcdn.com/610100-inspection/39589751-cb41-4604-9a89-3e34c526c4fe.JPG.296x216.jpg', '幸福林带，双地铁口，经典两居室', '华清学府城  ', '低楼层(共18层)板塔结合  -  浐灞', '138万', '单价16288元/平米')
('https://image1.ljcdn.com/610100-inspection/de2a800d-c095-4c2a-ab34-a74f2fe9deb3.jpg.296x216.jpg', '城北 彩云郡 简装两室 南北户型 近地铁站 诚心出售。', '彩云郡  ', '高楼层(共28层)板塔结合  -  城北', '120万', '单价13367元/平米')
('https://image1.ljcdn.com/610100-inspection/test-7c05f7ee-a910-471f-8c45-075c0ab7ea6c.png.296x216.jpg', '城东 胡家庙地铁口金泰社区104平米两室南北通透', '金泰社区  ', '中楼层(共7层)板塔结合  -  城东', '120万', '单价11385元/平米')
('https://image1.ljcdn.com/610100-inspection/test-a170ea58-93cf-4ecd-a27c-a29aa1d07a1b.png.296x216.jpg', '闹中取静，适合各个年龄阶段入住。格局方正，采光不错', '福景家园  ', '中楼层(共7层)板塔结合  -  城北', '110万', '单价12047元/平米')
('https://image1.ljcdn.com/610100-inspection/53d0a03d-dfba-4346-9800-5e6e147d28c7.jpg.296x216.jpg', '近地铁 小两居 公摊小 价位低', '八府庄小区  ', '中楼层(共7层)塔楼  -  城北', '62万', '单价9999元/平米')
('https://image1.ljcdn.com/610100-inspection/test-6f34f84f-106b-4a2a-af0c-a587df215859.png.296x216.jpg', '韩森寨新东尚两室简装，采光通风好，商圈发达。', '新东尚  ', '高楼层(共33层)塔楼  -  浐灞', '132万', '单价14330元/平米')
('https://image1.ljcdn.com/610100-inspection/84735f34-812e-4c92-ae16-4adb3d964e66.jpg.296x216.jpg', '胡家庙 万和城 新兴骏景园 精装纯南两居室', '新兴骏景园  ', '高楼层(共12层)板塔结合  -  城东', '130万', '单价15656元/平米')
('https://image1.ljcdn.com/610100-inspection/test-f54e72c4-fc3a-4346-9b90-a19742aa7252.png.296x216.jpg', '满五满二，南北通透，交通便利，近地铁站，诚心出售', '彩云郡  ', '中楼层(共28层)板塔结合  -  城北', '126万', '单价13985元/平米')
('https://image1.ljcdn.com/610100-inspection/rsp_pic_upload995d6d20-accf-49b8-b3c1-29e818cdd814.jpg.296x216.jpg', '交通便利 采光充足 南北朝向 还带车位', '铂廷  ', '中楼层(共27层)板塔结合  -  城北', '200万', '单价15206元/平米')
('https://image1.ljcdn.com/610100-inspection/test-eb614abd-61e2-49eb-8e30-ff4412ce08be.png.296x216.jpg', '二环石家街地铁口彩云郡大明宫遗址公园南北通透二室', '彩云郡  ', '高楼层(共6层)板楼  -  城北', '125万', '单价13639元/平米')
('https://image1.ljcdn.com/610100-inspection/3c244477-81e1-4eec-98b1-0043e21d0b83.jpg.296x216.jpg', '就掌灯 五室两厅三卫，满五满二，业主诚心出售。', '就掌灯  ', '高楼层(共7层)板楼  -  城东', '555万', '单价21432元/平米')
('https://image1.ljcdn.com/610100-inspection/test-752d339e-4b7e-4da7-9f35-5f338eb73b37.png.296x216.jpg', '胡家庙地铁 新兴骏景园二期 满五满二精装 产权清晰', '新兴骏景园2期  ', '低楼层(共11层)板塔结合  -  城东', '120万', '单价15973元/平米')
('https://image1.ljcdn.com/610100-inspection/114faabe-a222-4d02-99e9-70b8ced34594.jpg.296x216.jpg', '华清学府城，南北通透大三室，满五满二。', '华清学府城  ', '低楼层(共32层)板塔结合  -  浐灞', '205万', '单价15984元/平米')
('https://image1.ljcdn.com/610100-inspection/test-47e6e88a-436b-46da-8cfe-eed50bc27bc2.png.296x216.jpg', '城北 石家街地铁站 万华园琳苑', '万华园琳苑小区  ', '低楼层(共18层)塔楼  -  城北', '140万', '单价14742元/平米')
('https://image1.ljcdn.com/610100-inspection/ebd9010d-253a-4be4-bb38-32fea3f54aa4.jpg.296x216.jpg', '精装修小三室+紫昕花庭+业主诚意出售+有产权车位。', '紫昕花庭  ', '高楼层(共18层)暂无数据  -  城东', '157万', '单价13971元/平米')
('https://image1.ljcdn.com/610100-inspection/bfb38a79-c38c-4b63-8eef-f52a088eccaa.jpg.296x216.jpg', '户型方正，南北通透，小区较 新', '龙记帝景湾  ', '中楼层(共32层)板塔结合  -  城北', '186万', '单价15250元/平米')
('https://image1.ljcdn.com/610100-inspection/61436be2-9872-4a89-80cd-6feb31956fe8.jpg.296x216.jpg', '交通便利、闹中取静好房！满五满二、要求全款，小三室', '公园南路115街坊  ', '中楼层(共6层)暂无数据  -  城东', '70万', '单价9669元/平米')
('https://image1.ljcdn.com/610100-inspection/test-e42cf58a-94d1-4543-9ed0-98935955fd29.png.296x216.jpg', '南北通透精装房，户型方正，靠谱诚心满五满二交通便利', '铂廷  ', '高楼层(共27层)板塔结合  -  城北', '160万', '单价15964元/平米')
('https://image1.ljcdn.com/610100-inspection/4cc15d73-c869-437b-85ef-75c4da34c8e5.jpg.296x216.jpg', '幸福林带 双地铁 华清学府城精装三室', '华清学府城  ', '高楼层(共18层)板塔结合  -  浐灞', '210万', '单价16405元/平米')
('https://image1.ljcdn.com/610100-inspection/test-6b9049d7-830c-4a4c-862e-2ea3c165b0e4.png.296x216.jpg', '胡家庙地铁站百禾家园三居室业主急售随时签约', '百禾家园  ', '高楼层(共6层)板楼  -  城东', '110万', '单价9218元/平米')
('https://image1.ljcdn.com/610100-inspection/00476b62-d23d-488b-a40f-11f555d5ebe1.jpg.296x216.jpg', '小区门口，出行方便，视野开阔，业主诚心', '华清学府城  ', '高楼层(共18层)板塔结合  -  浐灞', '120万', '单价14168元/平米')
('https://image1.ljcdn.com/610100-inspection/test-79eeadb3-d5ef-4143-9c50-106a73ffa462.png.296x216.jpg', '家天下 长乐坡地铁口 精装一居室 诚心出售', '家天下  ', '中楼层(共24层)塔楼  -  浐灞', '68万', '单价13503元/平米')
('https://image1.ljcdn.com/610100-inspection/801739f8-9445-4b5d-84cd-b1c27890b19d.jpg.296x216.jpg', '城东/新城区/咸宁东路/东城桃园小区', '东城桃园  ', '高楼层(共24层)塔楼  -  浐灞', '145万', '单价12108元/平米')
('https://image1.ljcdn.com/610100-inspection/4a26f858-54cf-459c-b40a-25dcd40251fb.jpg.296x216.jpg', '东南户型，中间楼层，采光充裕，办公居住均可选择', '天彩大厦  ', '高楼层(共25层)暂无数据  -  城东', '200万', '单价12039元/平米')
('https://image1.ljcdn.com/610100-inspection/rsp_pic_upload50b0e7a0-48f7-49d2-8f9d-494ec3bfce5f.jpg.296x216.jpg', '城东/东二环/碑林区/长乐公园/就掌灯', '就掌灯  ', '高楼层(共11层)板楼  -  城东', '286万', '单价19910元/平米')
('https://image1.ljcdn.com/610100-inspection/9db9ea95-ab3c-4482-aaf9-42b180fae22b.jpg.296x216.jpg', '房子装修不错，保持的很好，很干净，业主自住', '紫昕花庭  ', '中楼层(共21层)暂无数据  -  城东', '135万', '单价11066元/平米')
('https://image1.ljcdn.com/610100-inspection/rsp_pic_upload03573736-c14e-4ad7-918f-02af8aa0325e.jpg.296x216.jpg', '大三居室 满5满2 业主诚心出售', '方兴大厦  ', '中楼层(共24层)塔楼  -  城北', '160万', '单价10373元/平米')
('https://image1.ljcdn.com/610100-inspection/test-10621ceb-1d97-4937-8fa0-4780c0a0a2cd.png.296x216.jpg', '中天锦庭一期 业主诚心出售   大家多多带看', '中天锦庭  ', '低楼层(共33层)板楼  -  城北', '135万', '单价15611元/平米')
('https://image1.ljcdn.com/610100-inspection/989f14b5-176a-4d24-beb4-c3d57103b32b.jpg.296x216.jpg', '南北通透，精装修，多变户型，采光充足，环境好', '东新城市花园  ', '高楼层(共9层)板塔结合  -  城东', '420万', '单价15876元/平米')
('https://image1.ljcdn.com/610100-inspection/test-58d61d1b-9c05-4563-8d24-6156175ae392.png.296x216.jpg', '新兴骏景园二期 诚心出售 满五满二 价格可谈 随时可签', '新兴骏景园2期  ', '中楼层(共27层)塔楼  -  城东', '125万', '单价13804元/平米')
('https://image1.ljcdn.com/610100-inspection/b4d41b38-45f1-46b9-8d64-1bc18c14a5d1.jpg.296x216.jpg', '东元路 保亿风景大院 花园洋房 南北双阳台  通透户型', '保亿风景大院  ', '中楼层(共4层)板楼  -  城北', '210万', '单价16261元/平米')
('https://image1.ljcdn.com/610100-inspection/2bec9b4c-7551-40fc-9143-53d84d99b1b7.jpg.296x216.jpg', '南北通透，布局规整，房产证在手，无抵押', '彩云郡  ', '高楼层(共28层)板塔结合  -  城北', '175万', '单价14385元/平米')
('https://image1.ljcdn.com/610100-inspection/test-1401dbd7-54b4-4d64-9f5a-f42cdad65fe1.png.296x216.jpg', '城北 近地铁 简装一居室  适合刚需', '万华园琳苑小区  ', '高楼层(共18层)板塔结合  -  城北', '65万', '单价13745元/平米')
('https://image1.ljcdn.com/610100-inspection/rsp_pic_uploadbc7aaa50-b29e-445e-b825-541ec6d2539d.jpg.296x216.jpg', '地铁口，房子是精装，家具都配套齐全，房子拎包入住。', '皇城壹號  ', '中楼层(共11层)塔楼  -  城内', '37万', '单价12768元/平米')
('https://image1.ljcdn.com/610100-inspection/92c6ba5a-8fb8-4fa7-94b4-fff5e830d93d.jpg.296x216.jpg', '就掌灯，品质小区，5室大房，改善型客户看过来', '就掌灯  ', '高楼层(共4层)板楼  -  城东', '400万', '单价19048元/平米')
('https://image1.ljcdn.com/610100-inspection/17866d0f-c728-499e-a54f-3885aa1eecdd.jpg.296x216.jpg', '此房满5满2，南北通透，采光好，视野好', '彩云郡  ', '低楼层(共28层)板塔结合  -  城北', '160万', '单价13168元/平米')
('https://image1.ljcdn.com/610100-inspection/c388fda9-779e-4316-b53e-3249566f7a77.jpg.296x216.jpg', '精装两室，适合刚需，优质楼层，满三满二，诚心出售', '华清学府城  ', '高楼层(共26层)板塔结合  -  浐灞', '130万', '单价14878元/平米')
('https://image1.ljcdn.com/610100-inspection/40db58af-ab3b-4e96-a566-4c3abcf2c6fb.jpg.296x216.jpg', '城北 万华园林苑 精装 两室 近地铁 业主诚心出售。', '万华园琳苑小区  ', '低楼层(共18层)塔楼  -  城北', '145万', '单价13810元/平米')
('https://image1.ljcdn.com/610100-inspection/test-6ccf8fb3-9abd-4a59-9edc-c8f64fd52953.png.296x216.jpg', '明府佳苑高层三室一厅一厨一卫精装修 车位充足', '明府佳苑  ', '高楼层(共30层)暂无数据  -  城北', '125万', '单价12102元/平米')
('https://image1.ljcdn.com/610100-inspection/6f8ab0c9-a2cb-418f-9b4a-77b30a44541b.jpg.296x216.jpg', '石家街地铁口 配套完善 交通便利 彩云郡三室', '彩云郡  ', '中楼层(共28层)板塔结合  -  城北', '180万', '单价14755元/平米')
('https://image1.ljcdn.com/610100-inspection/test-b31229b2-0bf2-4aee-876e-8723730ea872.png.296x216.jpg', '幸福林带 地铁口 华清学府城 一居总价便宜', '华清学府城  ', '中楼层(共32层)板塔结合  -  浐灞', '95万', '单价16877元/平米')
('https://image1.ljcdn.com/610100-inspection/63b7a44c-566a-4fc5-b465-013f6f71a618.jpg.296x216.jpg', '西苑花园 一号地铁满五满二业主靠谱', '西苑花园  ', '中楼层(共8层)塔楼  -  城内', '95万', '单价8739元/平米')
('https://image1.ljcdn.com/610100-inspection/test-646bdf89-62e7-4d0a-8f98-d5ac702d5e5d.png.296x216.jpg', '彩云郡小区、满五满二、精装修、交通便利', '彩云郡  ', '中楼层(共28层)板塔结合  -  城北', '125万', '单价13911元/平米')
('https://image1.ljcdn.com/610100-inspection/a1916bf9-c043-4429-a65d-fcd36d29b50c.jpg.296x216.jpg', '城北 万花园琳苑 简装 两室 近地铁站 业主诚心出售。', '万华园琳苑小区  ', '高楼层(共18层)塔楼  -  城北', '130万', '单价13379元/平米')
('https://image1.ljcdn.com/610100-inspection/9b6a48c4-d6c8-4d56-8b42-a1adc170c57d.jpg.296x216.jpg', '石家街地铁口八府庄水泥制管厂 南北通透 有证 可按揭', '水泥制管厂家属院  ', '中楼层(共6层)板楼  -  城北', '98万', '单价10731元/平米')
('https://image1.ljcdn.com/610100-inspection/3390f5fe-31a0-41e4-b41b-bd4d225abad8.jpg.296x216.jpg', '北大街中建世纪领域 有证开间1室 诚心出售', '中建世纪领域  ', '中楼层(共16层)暂无数据  -  城内', '55万', '单价12253元/平米')
('https://image1.ljcdn.com/610100-inspection/d00e5a19-9d86-42a8-85a1-d66938a1b613.jpg.296x216.jpg', '城北 万华园林苑 简装两室 朝南户 近地铁站 诚心出售', '万华园琳苑小区  ', '中楼层(共18层)塔楼  -  城北', '125万', '单价13163元/平米')
('https://image1.ljcdn.com/610100-inspection/783158a7-021e-43d0-a7ec-3811edfcccf4.jpg.296x216.jpg', '和润坊 三居室 96.44平  满五满二 精装全带  急售', '和润坊  ', '低楼层(共33层)暂无数据  -  城东', '138万', '单价14314元/平米')
('https://image1.ljcdn.com/610100-inspection/2c0c0060-03a5-4832-bfce-ead2351d90bf.jpg.296x216.jpg', '东尚一期 复式格局  邻长乐公园 地铁三号线 交通便利', '东尚小区1期  ', '中楼层(共18层)板塔结合  -  城东', '100万', '单价22173元/平米')
('https://image1.ljcdn.com/610100-inspection/1995b0ba-d994-420c-bc76-ceec0c070ca3.jpg.296x216.jpg', '城北 万华园琳苑 简装 两室 近地铁 无抵押，诚心出售', '万华园琳苑小区  ', '高楼层(共18层)塔楼  -  城北', '121万', '单价12741元/平米')
('https://image1.ljcdn.com/610100-inspection/80e9150c-c67e-4106-8272-76a86b3bc48a.jpg.296x216.jpg', '城北 彩云郡 精装 两室 近地铁站 业主诚心出售。', '彩云郡  ', '高楼层(共6层)板楼  -  城北', '123万', '单价13995元/平米')
('https://image1.ljcdn.com/610100-inspection/test-cee2be75-facb-4fef-aaf1-2a7b2d36d2b8.png.296x216.jpg', '两室两厅一厨一卫，纯南朝向，全明户型，精装婚房！', '白桦林明天  ', '低楼层(共24层)板塔结合  -  城北', '188万', '单价20660元/平米')
('https://image1.ljcdn.com/610100-inspection/19ba2f86-2814-4ffb-b452-d0ba5b9a625a.jpg.296x216.jpg', '满三满二 南北通透 交通便利 配套齐全', '唐城新村  ', '中楼层(共6层)暂无数据  -  城东', '95万', '单价9600元/平米')
('https://image1.ljcdn.com/610100-inspection/test-fb6ae99d-3b25-4715-a55c-749f6f6ddfa5.png.296x216.jpg', '紫薇家天下品质小区 大开发商 地铁口房子业主诚心出售', '家天下  ', '高楼层(共18层)板楼  -  浐灞', '125万', '单价13514元/平米')
('https://image1.ljcdn.com/610100-inspection/eeef6b6a-a352-4796-85c5-74d7d1df3fb9.jpg.296x216.jpg', '新兴骏景园 满二满三 诚心出售 靠谱签约', '新兴骏景园  ', '高楼层(共12层)板塔结合  -  城东', '153万', '单价15089元/平米')
('https://image1.ljcdn.com/610100-inspection/d1916ace-fe47-415e-b28d-de3d4f05de92.jpg.296x216.jpg', '城东/东二环/长乐公园/东尚1期', '东尚小区1期  ', '低楼层(共17层)板塔结合  -  城东', '135万', '单价22674元/平米')
('https://image1.ljcdn.com/610100-inspection/a84b175d-e3bb-40c2-a54d-bcaaf01f02cb.jpg.296x216.jpg', '满二满五，朝南户型，交通方便，双公园 .近地铁', '彩云郡  ', '高楼层(共28层)板塔结合  -  城北', '100万', '单价14818元/平米')
('https://image1.ljcdn.com/610100-inspection/f0019732-9c9a-43fe-ab65-606a066fbc84.jpg.296x216.jpg', '两室带装修，户型方正，布局合理，采光良好，交通便利', '唐韵三坊  ', '低楼层(共33层)板塔结合  -  城东', '110万', '单价14231元/平米')
('https://image1.ljcdn.com/610100-inspection/test-833aeee3-264a-4d28-8c6d-a03165325adc.png.296x216.jpg', '幸福林带 万寿路地铁口边上 通透大两居 没增值税', '福邸铭门  ', '高楼层(共26层)塔楼  -  浐灞', '132万', '单价13948元/平米')
('https://image1.ljcdn.com/610100-inspection/rsp_pic_uploadbfede26c-f2bb-433e-a9e1-a10ff3a59bcb.jpg.296x216.jpg', '长乐公园地铁口 长信世纪花园 东二环 交通便利 地段好', '长信世纪花园  ', '低楼层(共12层)板塔结合  -  城东', '220万', '单价13587元/平米')
('https://image1.ljcdn.com/610100-inspection/test-349b4632-fbb8-497d-9eb5-39414462eb78.png.296x216.jpg', '石家街  南北通透三居室  户型方正 一梯两户', '万国金色家园  ', '中楼层(共11层)塔楼  -  城北', '188万', '单价15354元/平米')
('https://image1.ljcdn.com/610100-inspection/8f01a640-0915-4b68-be20-6f9d4528129b.jpg.296x216.jpg', '彩云郡  南北通透  采光充足  户型方正', '彩云郡  ', '低楼层(共6层)板楼  -  城北', '125万', '单价14321元/平米')
('https://image1.ljcdn.com/610100-inspection/bff7ee78-d2a3-488f-972b-b8699a94f441.jpg.296x216.jpg', '城北 近地铁 简装 三室两厅 采光好', '水泥制管厂家属院  ', '中楼层(共27层)塔楼  -  城北', '142万', '单价10997元/平米')
('https://image1.ljcdn.com/610100-inspection/5d93dc53-1158-4906-b5f7-d7cdaa7d3a52.jpg.296x216.jpg', '城北 近地铁 简装两居  双公园', '彩云郡  ', '中楼层(共28层)板塔结合  -  城北', '97万', '单价14373元/平米')
('https://image1.ljcdn.com/610100-inspection/8de3728f-6cf2-4f6f-a8e1-f87a193951ef.jpg.296x216.jpg', '环境优美，动静分离，视野开阔。', '保亿风景大院  ', '低楼层(共18层)板楼  -  城北', '256万', '单价18007元/平米')
('https://image1.ljcdn.com/610100-inspection/test-b8187197-05a6-4d15-95d9-e34f3c30cba0.png.296x216.jpg', '幸福林带精装修两居室 满五满二', '华清学府城  ', '低楼层(共22层)板塔结合  -  浐灞', '135万', '单价16186元/平米')
('https://image1.ljcdn.com/610100-inspection/test-c233c405-19dc-48b6-9759-32dc5814eb3a.png.296x216.jpg', '看房方便+业主诚意出售+骏景园小区两室+户型方正。', '新兴骏景园  ', '中楼层(共12层)板塔结合  -  城东', '120万', '单价14712元/平米')
('https://image1.ljcdn.com/610100-inspection/test-7c56d6d1-40e4-4e1e-a8f9-c9d70dccb319.png.296x216.jpg', '满五满二，精致小三居，业主诚心出售', '华清学府城  ', '高楼层(共18层)板塔结合  -  浐灞', '150万', '单价16208元/平米')
('https://image1.ljcdn.com/610100-inspection/ab4869ef-178d-48e2-a5c5-544d7ea640fc.jpg.296x216.jpg', '此房满五年，奢华两居室，精装出售，小区环境舒', '万华园琳苑小区  ', '低楼层(共18层)塔楼  -  城北', '130万', '单价14410元/平米')
('https://image1.ljcdn.com/610100-inspection/test-b8309ffe-2700-43bf-b4d2-f444cec00b97.png.296x216.jpg', '二环边，万和城，配套齐全，精装修，小高层，不临街', '恒基碧翠锦华  ', '中楼层(共18层)板塔结合  -  城东', '200万', '单价19418元/平米')
('https://image1.ljcdn.com/610100-inspection/7fa18065-5083-42fa-8211-841717fbfb74.jpg.296x216.jpg', '满三满二，南北通透，交通便利，近地铁站，诚心出售', '彩云郡  ', '高楼层(共27层)板塔结合  -  城北', '128万', '单价13723元/平米')
('https://image1.ljcdn.com/610100-inspection/rsp_pic_upload1f952337-b3fc-4f83-832d-339fb3cb6f1c.jpg.296x216.jpg', '城北   彩云郡   精装修  顶楼带花园', '彩云郡  ', '高楼层(共6层)板楼  -  城北', '205万', '单价14942元/平米')
('https://image1.ljcdn.com/610100-inspection/0c09cde1-dd0a-4dc1-9c04-c91cea7450dc.jpg.296x216.jpg', '西安1环 万达品牌1居室住宅 地铁口生活方便配套齐全', '民乐园  ', '中楼层(共11层)暂无数据  -  城内', '62.5万', '单价14573元/平米')
('https://image1.ljcdn.com/610100-inspection/314b572b-2418-4eda-8721-a33e7c984fa1.jpg.296x216.jpg', '朝阳门地铁口 此房满五年满二年，交通便利', '白马世纪广场  ', '高楼层(共26层)塔楼  -  城东', '118万', '单价13025元/平米')
('https://image1.ljcdn.com/610100-inspection/fb5abdda-021b-493a-9b05-3e49de6bd8fa.jpg.296x216.jpg', '长乐公园D铁口标准一室一厅一厨一卫，证在手', '紫落澜庭  ', '低楼层(共33层)塔楼  -  城东', '80万', '单价13716元/平米')
('https://image1.ljcdn.com/610100-inspection/c9e86c7c-ad03-4ec5-bb67-73ca4077aa2b.jpg.296x216.jpg', '业主诚心出售，一室精装修，家具家电全带！', '恒大嘉里公馆  ', '高楼层(共18层)暂无数据  -  城东', '53万', '单价12326元/平米')
('https://image1.ljcdn.com/610100-inspection/test-0a2adae7-9b40-4f82-8837-2b75796144d4.png.296x216.jpg', '满三满二，西南朝向，采光充足，西邻大明宫遗址公园', '都市邻里  ', '高楼层(共22层)塔楼  -  城北', '120万', '单价12039元/平米')
('https://image1.ljcdn.com/610100-inspection/795f09b8-6440-4221-bbe2-339f7fd31aee.jpg.296x216.jpg', '业主靠谱出售，产权清晰，无任何纠纷', '明府佳苑  ', '中楼层(共29层)暂无数据  -  城北', '120万', '单价12372元/平米')
('https://image1.ljcdn.com/610100-inspection/30403c8e-c237-46dd-a0fc-e8a5c425d226.jpg.296x216.jpg', '长兴园 南北通透 二炮家属院 环境安静绿化高治安好', '长兴园  ', '低楼层(共26层)板塔结合  -  城东', '165万', '单价12111元/平米')
('https://image1.ljcdn.com/610100-inspection/test-e83455b8-1bef-4664-9934-4f7d5fa36d38.png.296x216.jpg', '带车位精装大三居，南北通透，前后视野都是绿地花园', '华清学府城  ', '高楼层(共15层)板塔结合  -  浐灞', '220万', '单价17274元/平米')
('https://image1.ljcdn.com/610100-inspection/f6df23ee-52e5-49f4-80e5-7af5a5eb3d2b.jpg.296x216.jpg', '新兴天第 3室 南北通透，双阳台 精装修，保养的很好', '天第  ', '高楼层(共33层)暂无数据  -  城东', '195万', '单价14545元/平米')
('https://image1.ljcdn.com/610100-inspection/6353c210-6ba7-4d90-9b07-bfb49d662bbe.jpg.296x216.jpg', '城北大明宫旁 双D铁房 南北通透大两室 采光优越', '福景家园  ', '高楼层(共7层)板塔结合  -  城北', '105万', '单价10152元/平米')
('https://image1.ljcdn.com/610100-inspection/1b8bb02f-9bbb-46be-9aa2-74a33c1b5439.jpg.296x216.jpg', '西苑花园双气电梯房交通方便，靠谱卖', '西苑花园  ', '中楼层(共8层)塔楼  -  城内', '130万', '单价9145元/平米')
('https://image1.ljcdn.com/610100-inspection/test-78a3e2e5-a88d-447a-aa8d-4d6924d23e6a.png.296x216.jpg', '城北 近地铁 新小区 中装两室', '明府佳苑  ', '高楼层(共29层)暂无数据  -  城北', '110万', '单价12896元/平米')
('https://image1.ljcdn.com/610100-inspection/31bf201f-4c87-46f8-97d0-d6026064a6c4.jpg.296x216.jpg', '长乐公园地铁口   精装三室送7平阳台   高绿化', '长信世纪花园  ', '低楼层(共12层)板塔结合  -  城东', '170万', '单价13854元/平米')
('https://image1.ljcdn.com/610100-inspection/test-d316c556-48b9-4b9a-9158-a618d1062d4c.png.296x216.jpg', '胡家庙 万和城 木材家属院 精装婚房两居室 75万带回家', '木材家属院  ', '低楼层(共7层)暂无数据  -  城东', '75万', '单价11313元/平米')
('https://image1.ljcdn.com/610100-inspection/79b65a61-06ed-4cf4-a6e2-abaeb91d9874.jpg.296x216.jpg', '紫铭小区 2室2厅 120万', '紫铭小区  ', '低楼层(共28层)塔楼  -  浐灞', '120万', '单价12839元/平米')
('https://image1.ljcdn.com/610100-inspection/05833e4d-ed3e-4962-b2d6-e839cae4b05e.jpg.296x216.jpg', '46万低价两房，两房，房，对，你没有看错', '东方社区31街坊  ', '高楼层(共5层)暂无数据  -  城东', '46万', '单价10493元/平米')
('https://image1.ljcdn.com/610100-inspection/1f701651-c7f5-4a21-9e02-24cda30da1d0.jpg.296x216.jpg', '三室110平，楼层低，业主诚心出售，看房提前联系。', '水泥制管厂家属院  ', '低楼层(共27层)塔楼  -  城北', '125万', '单价11327元/平米')
('https://image1.ljcdn.com/610100-inspection/6f16e5cc-e868-4c91-b97b-123cece2e1a1.jpg.296x216.jpg', '客厅超大，三室，精装修，看房方便，诚心出售', '白马世纪广场  ', '中楼层(共26层)塔楼  -  城东', '215万', '单价14334元/平米')
('https://image1.ljcdn.com/610100-inspection/test-3bf7091f-5667-4bdc-b277-10611c151e0c.png.296x216.jpg', '胡家庙地铁口 新兴骏景园二期 配套齐全 交通便利', '新兴骏景园2期  ', '高楼层(共27层)塔楼  -  城东', '145万', '单价14977元/平米')
('https://image1.ljcdn.com/610100-inspection/1af70855-a526-45a1-a6fd-83fbfd42f668.jpg.296x216.jpg', '地铁房，南北通透，赠送露台，阳光房，毛坯房随心装修', '彩云郡  ', '高楼层(共6层)板楼  -  城北', '150万', '单价11451元/平米')
('https://image1.ljcdn.com/610100-inspection/662c6677-49b4-4083-baa4-d223799294ff.jpg.296x216.jpg', '满五满二，地铁口，标准一室一厅，精装修', '皇城壹號  ', '低楼层(共11层)塔楼  -  城内', '115万', '单价16198元/平米')
('https://image1.ljcdn.com/610100-inspection/f863c03f-9899-41f5-b291-a30cdf443bdf.JPG.296x216.jpg', '东新城市花园精装三室满二满三户型通明', '东新城市花园  ', '低楼层(共8层)暂无数据  -  城东', '213万', '单价15964元/平米')
('https://image1.ljcdn.com/610100-inspection/3e2278d2-8fd9-439b-aea8-f2591d3251bf.jpg.296x216.jpg', '地铁口 南北通透 大两居 户型好', '陕西省水电物资总公司  ', '高楼层(共7层)暂无数据  -  城北', '85万', '单价9467元/平米')
('https://image1.ljcdn.com/610100-inspection/3a8b058f-d1ff-496f-851a-dff3633a62f6.jpg.296x216.jpg', '满五满二，高品质小区环境，一居室', '东新城市花园  ', '高楼层(共7层)板塔结合  -  城东', '60万', '单价16043元/平米')
('https://image1.ljcdn.com/610100-inspection/4b430c50-2217-4a6b-8ee1-788d0f85a376.jpg.296x216.jpg', '金  华  公  寓  三  室  两  厅  一  厨  一 卫', '金花公寓  ', '高楼层(共29层)塔楼  -  城东', '150万', '单价12438元/平米')
('', '华山幸福嘉苑两室一厅，幸福林带隔壁，出行方便', '华山幸福嘉苑  ', '高楼层(共6层)板楼  -  浐灞', '92万', '单价10177元/平米')
('https://image1.ljcdn.com/610100-inspection/4031550c-812c-413d-95fb-2e466d409c0c.jpg.296x216.jpg', '南北通透，采光较好，交通方便，配套齐全', '八府庄小区  ', '高楼层(共7层)板楼  -  城北', '88万', '单价9045元/平米')
('https://image1.ljcdn.com/610100-inspection/e5d01f84-9617-42f5-b8c1-ea20ff40ae54.jpg.296x216.jpg', '满五满二，地铁口，标准一室一厅，精装修', '皇城壹號  ', '中楼层(共11层)塔楼  -  城内', '125万', '单价17606元/平米')
('https://image1.ljcdn.com/610100-inspection/test-ac8d6808-d075-4af0-b27e-9082c38dbabf.png.296x216.jpg', '白桦林明天两室，统一装修，满三满二', '白桦林明天  ', '中楼层(共34层)板塔结合  -  城北', '180万', '单价19879元/平米')
('https://image1.ljcdn.com/610100-inspection/499b634e-6180-40b3-97bc-399a42b46258.jpg.296x216.jpg', '城北 未央沿线 近2号线安远门站，毛坯两室 首付低', '建行家属院（城北）  ', '中楼层(共18层)暂无数据  -  城北', '96万', '单价10921元/平米')
('https://image1.ljcdn.com/610100-inspection/e0a238e2-4c98-4997-99a3-3956a114315d.jpg.296x216.jpg', '城北 近地铁 简装三室 双公园', '明府佳苑  ', '中楼层(共29层)暂无数据  -  城北', '130万', '单价12586元/平米')
('https://image1.ljcdn.com/610100-inspection/82a5eed4-429f-4485-aaf9-b44ab2ed39ce.jpg.296x216.jpg', '地铁房，交通便利，西邻大明宫遗址公园，小区环境优美', '保亿风景大院  ', '中楼层(共4层)板楼  -  城北', '180万', '单价18368元/平米')
('https://image1.ljcdn.com/610100-inspection/76e38ce3-b7a3-45a4-a345-ca56f0c43d57.png.296x216.jpg', '一号线五路口万达万达广场民乐园旁住宅即买即收租！', '裕朗国际  ', '中楼层(共14层)塔楼  -  城内', '185万', '单价9069元/平米')
('https://image1.ljcdn.com/610100-inspection/c306e5b1-47c5-46ce-a321-33ebb7c53b37.jpg.296x216.jpg', '精装大两室，户型方正，看房方便，小区配套好', '华清学府城  ', '低楼层(共18层)板塔结合  -  浐灞', '135万', '单价15933元/平米')
('https://image1.ljcdn.com/610100-inspection/83b03b38-c4ca-4a12-9d3c-b7f8f3e384b2.jpg.296x216.jpg', '长缨东路，精装大三室，南北通透满五过二，诚意出售。', '祥林铭邸  ', '高楼层(共27层)塔楼  -  城东', '179万', '单价11827元/平米')
('https://image1.ljcdn.com/610100-inspection/test-af941e94-15db-4191-82ff-fbdd26fc0c89.png.296x216.jpg', '城北 西铁工程家园 简装两室 南北朝向型 近地铁站口。', '西铁工程家园  ', '低楼层(共24层)暂无数据  -  浐灞', '126万', '单价13517元/平米')
('https://image1.ljcdn.com/610100-inspection/5547a472-82fd-4804-821e-9eba31275283.jpg.296x216.jpg', '紫铭小区  四室两厅一厨两卫 南北通透  一楼采光十足', '紫铭小区  ', '低楼层(共25层)塔楼  -  浐灞', '200万', '单价12759元/平米')
('https://image1.ljcdn.com/610100-inspection/test-51655aab-f1e3-444a-a94d-5dd6214368a6.png.296x216.jpg', '建工路朝阳天下 精装两室 交通便利 满三满二', '恒大嘉里公馆  ', '高楼层(共18层)板塔结合  -  城东', '160万', '单价15390元/平米')
('https://image1.ljcdn.com/610100-inspection/68648797-1b05-48cf-8304-bb6a5a281e8d.jpg.296x216.jpg', '满五满二，精装修，全明户型，采光充足', '彩云郡  ', '中楼层(共28层)板塔结合  -  城北', '140万', '单价15580元/平米')
('', '祥瑞大厦、大三室、低价出售，住宅性质，通双气', '祥瑞大厦  ', '中楼层(共11层)塔楼  -  城内', '148万', '单价12141元/平米')
('https://image1.ljcdn.com/610100-inspection/48719f2e-31ba-4689-b054-fc70ec6b6b44.jpg.296x216.jpg', '南北通透两居，近地铁，户型方正，满五满二。', '万国金色家园  ', '中楼层(共7层)板楼  -  城北', '108万', '单价11021元/平米')
('https://image1.ljcdn.com/610100-inspection/010ab1c4-e5cf-470d-96d1-969d2ca64de7.jpg.296x216.jpg', '城东/新城区/咸宁东路/交大康桥康宁居', '交大康桥康宁居  ', '中楼层(共24层)板塔结合  -  浐灞', '128万', '单价13814元/平米')
('https://image1.ljcdn.com/610100-inspection/ed8812da-85b4-4075-b8ce-db0a50af9ad4.jpg.296x216.jpg', '满五满二 地铁口  配套成熟！！', '五洋小区东区  ', '中楼层(共7层)暂无数据  -  城内', '340万', '单价21000元/平米')
('https://image1.ljcdn.com/610100-inspection/7b7fedd1-5e56-4615-9f34-02bd7652f8c0.jpg.296x216.jpg', '八府庄小区三室两厅精装修，南北通透，采光充足。', '八府庄小区  ', '高楼层(共7层)暂无数据  -  城北', '120万', '单价7013元/平米')
('https://image1.ljcdn.com/610100-inspection/test-d3069648-5e92-4731-a09d-5216b68386ba.png.296x216.jpg', '大三室，证在手可按揭，看房方便，随时交易', '克拉上城  ', '高楼层(共19层)板塔结合  -  城东', '142万', '单价13654元/平米')
('https://image1.ljcdn.com/610100-inspection/294ff24e-62fe-465a-8fda-56f947cb6216.jpg.296x216.jpg', '新兴骏景园 诚心出售  满二满三 看房方便', '新兴骏景园  ', '高楼层(共22层)板塔结合  -  城东', '198万', '单价14274元/平米')
('https://image1.ljcdn.com/610100-inspection/9f57cd81-8485-4ccc-bfe8-9837d3a5520d.jpg.296x216.jpg', '满三满二免增值税南北通透两居室家具家电全带市区热房', '长乐西路西农社区  ', '高楼层(共7层)板塔结合  -  城东', '65万', '单价9340元/平米')
('https://image1.ljcdn.com/610100-inspection/63de2ac5-7b2e-4d66-aeb2-c03917feec3b.jpg.296x216.jpg', '满五满二，地铁口，配套完善，交通便利', '紫昕花庭  ', '高楼层(共21层)暂无数据  -  城东', '175万', '单价13522元/平米')
('https://image1.ljcdn.com/610100-inspection/e2bb2f23-23bc-41b8-8e80-3ea690e47b78.jpg.296x216.jpg', '诚心出售 交通便利 复式 配套齐全', '东尚小区1期  ', '低楼层(共18层)板塔结合  -  城东', '145万', '单价21710元/平米')
('https://image1.ljcdn.com/610100-inspection/666fbcfc-1481-49a5-bc4b-337edfedd4d5.jpg.296x216.jpg', '壹號 民乐园万达旁 地铁口 精装修', '皇城壹號  ', '中楼层(共11层)塔楼  -  城内', '70万', '单价12322元/平米')
('https://image1.ljcdn.com/610100-inspection/test-5c744c55-35ed-49a5-a11e-ac8b46cea67a.png.296x216.jpg', '太华路地铁4号线含元路站旁 都市邻里一室出售', '都市邻里  ', '中楼层(共22层)塔楼  -  城北', '85万', '单价14656元/平米')
('https://image1.ljcdn.com/610100-inspection/test-27a83c6f-08f4-4715-8094-60e907ad776b.png.296x216.jpg', '万国金色家园精装2室2厅1厨2卫', '万国金色家园  ', '高楼层(共7层)板楼  -  城北', '140万', '单价14433元/平米')
('https://image1.ljcdn.com/610100-inspection/75f0526d-73e1-406c-8ead-d7064de6a8bc.jpg.296x216.jpg', '民乐园、满五满二、靠谱出售，随时签约', '西安民乐园万达广场  ', '高楼层(共9层)塔楼  -  城内', '51.8万', '单价15440元/平米')
('https://image1.ljcdn.com/610100-inspection/2b5abbde-3b0c-41a0-b9fe-627d041cce80.jpg.296x216.jpg', '钟楼商圈精装一居室 配套成熟 交通便利 名校相伴', '城品居  ', '低楼层(共13层)暂无数据  -  城内', '48万', '单价14177元/平米')
('https://image1.ljcdn.com/610100-inspection/9f125e40-a0a4-4bde-b99d-a630045e3f9c.jpg.296x216.jpg', '满五满二 诚心出售 价格可谈 房子精装修', '紫昕花庭  ', '高楼层(共24层)塔楼  -  城东', '180万', '单价14063元/平米')
('https://image1.ljcdn.com/610100-inspection/df17e5d6-b688-42d4-8973-3606366e41d4.jpg.296x216.jpg', '满五满二   南北通透  交通便利', '新兴骏景园2期  ', '高楼层(共26层)板塔结合  -  城东', '260万', '单价18491元/平米')
('https://image1.ljcdn.com/610100-inspection/test-17b3e09d-5c64-440e-9843-df2726d567dd.png.296x216.jpg', '地铁口 小户型 适合刚需 总价低', '恒大嘉里公馆  ', '低楼层(共17层)板塔结合  -  城东', '32万', '单价13606元/平米')
('https://image1.ljcdn.com/610100-inspection/test-46a17a38-6cc4-4fa0-a2d4-b5ae2ba93918.png.296x216.jpg', '水泥制管厂家属院 2室2厅 105万', '水泥制管厂家属院  ', '高楼层(共27层)塔楼  -  城北', '105万', '单价11351元/平米')
('https://image1.ljcdn.com/610100-inspection/dcf0334c-74f9-41cc-ab05-8b5c4b0e4638.jpg.296x216.jpg', '业主诚心出售，配套齐全，精装修', '恒基碧翠锦华  ', '低楼层(共29层)暂无数据  -  城东', '252万', '单价18395元/平米')
('https://image1.ljcdn.com/610100-inspection/test-11591a2f-a568-4320-8c52-e43d12c12c40.png.296x216.jpg', '精装两室，业主诚心，优质两室.', '华清学府城  ', '低楼层(共26层)暂无数据  -  浐灞', '160万', '单价16350元/平米')
('https://image1.ljcdn.com/610100-inspection/777e9090-1355-464e-b4b4-f7bc52827ea0.jpg.296x216.jpg', '2室2厅+南向+高层+中间楼层+采光好', '彩云郡  ', '中楼层(共28层)板塔结合  -  城北', '125万', '单价13894元/平米')
('https://image1.ljcdn.com/610100-inspection/33a9d9e3-04d3-4f97-a7f1-009e9c8a13ce.jpg.296x216.jpg', '钟楼旁边 满五满二 洋房带电梯 环境优美', '民乐园  ', '中楼层(共7层)塔楼  -  城内', '75万', '单价16757元/平米')
('https://image1.ljcdn.com/610100-inspection/test-469822b7-98e7-428f-bd69-c196a4f31951.png.296x216.jpg', '此房满五满二，诚心出售，空房，看房方便', '紫昕花庭  ', '高楼层(共24层)塔楼  -  城东', '85万', '单价13298元/平米')
('https://image1.ljcdn.com/610100-inspection/58bd09e6-5432-43a6-8711-9ffd0ab16399.jpg.296x216.jpg', '三居室，精装修，诚意出售，家具电都很新，业主自住。', '紫昕花庭  ', '高楼层(共15层)板楼  -  城东', '210万', '单价14505元/平米')
('https://image1.ljcdn.com/610100-inspection/4b208d61-dcd3-482c-9cf9-9f7d529fd4de.jpg.296x216.jpg', '南北通透格局好，采光充足，视野宽阔，大两室', '万国金色家园  ', '中楼层(共7层)板楼  -  城北', '130万', '单价12482元/平米')
('', '闹中取静，公寓式装修，精品单间住宅', '韩森寨二十八街坊  ', '中楼层(共7层)暂无数据  -  城东', '43万', '单价10050元/平米')
('https://image1.ljcdn.com/610100-inspection/c32fb117-cbf9-45fa-a557-62191a6a08e9.jpg.296x216.jpg', '紫昕花庭 3室2厅 162万', '紫昕花庭  ', '低楼层(共15层)暂无数据  -  城东', '162万', '单价13325元/平米')
('https://image1.ljcdn.com/610100-inspection/bb2192eb-5b51-455e-ada5-400d39de0dfc.jpg.296x216.jpg', '朝南户型，采光充足，视野宽阔，小区比较安静，绿化高', '万国金色家园  ', '中楼层(共7层)板楼  -  城北', '119万', '单价13891元/平米')
('https://image1.ljcdn.com/610100-inspection/test-5cb352ad-42cb-4b01-bd92-5e4535c33e44.png.296x216.jpg', '二环内经典小区，双地铁，大明宫遗址公园旁，交通便利', '龙记帝景湾  ', '低楼层(共32层)板塔结合  -  城北', '140万', '单价16120元/平米')
('https://image1.ljcdn.com/610100-inspection/923520b3-56d4-470c-85ae-6dee8bd711a8.jpg.296x216.jpg', '骏景园3期，有证满五满二，南北通透可以按揭+采光充足', '天第  ', '低楼层(共33层)暂无数据  -  城东', '195万', '单价14645元/平米')
('https://image1.ljcdn.com/610100-inspection/45c2a561-a4e3-45de-afce-39647e509db5.jpg.296x216.jpg', '大明宫含元殿旁 白桦林明天 精装大两室 赠送家具家电', '白桦林明天  ', '高楼层(共34层)板塔结合  -  城北', '168万', '单价18440元/平米')
('', '毛坯 胡家庙地铁 西京医院 万和城 百货市场 二环边', '世纪华城  ', '低楼层(共7层)板塔结合  -  城东', '62万', '单价7852元/平米')
('https://image1.ljcdn.com/610100-inspection/rsp_pic_upload97770966-3d12-4ec3-9e81-74216c7d2e84.jpg.296x216.jpg', '铂廷南北通透毛坯房，户型方正。', '铂廷  ', '高楼层(共26层)板塔结合  -  城北', '120万', '单价13778元/平米')
('https://image1.ljcdn.com/610100-inspection/300ba343-82c1-43bd-93ff-d3c7d2d19652.jpg.296x216.jpg', '胡家庙 万和城 客运站家属院 中装 85万二居室', '客运站家属院  ', '中楼层(共7层)暂无数据  -  城东', '85万', '单价9692元/平米')
('https://image1.ljcdn.com/610100-inspection/test-ac72a7ad-3bd7-491c-ad5a-dd4b8bb5d237.png.296x216.jpg', '满五唯一，后花园是长乐公园，生活配套成熟，品质小区', '就掌灯  ', '中楼层(共7层)板楼  -  城东', '380万', '单价24300元/平米')
('https://image1.ljcdn.com/610100-inspection/c87b8eaf-ca12-4e31-a99c-147615b60a34.jpg.296x216.jpg', '水泥制管厂家属院，精装修，满五不满二', '水泥制管厂家属院  ', '中楼层(共7层)板楼  -  城北', '125万', '单价10904元/平米')
('https://image1.ljcdn.com/610100-inspection/d581b65e-58e2-4730-b560-7af59f95a25d.JPG.296x216.jpg', '精装大三室，业主用钱着急卖，延兴门地铁口，婚房装修', '恒大嘉里公馆  ', '高楼层(共18层)板塔结合  -  城东', '152万', '单价11074元/平米')
('https://image1.ljcdn.com/610100-inspection/test-a07b6848-84b6-409d-882b-59fd0ff24075.png.296x216.jpg', 'solo公寓 1室1厅 70万', 'solo公寓  ', '中楼层(共11层)暂无数据  -  城内', '70万', '单价14074元/平米')
('https://image1.ljcdn.com/610100-inspection/5e0265aa-dacb-4af6-a167-51e72b902069.jpg.296x216.jpg', '精装两室！南北通透格局好，采光充足，视野宽阔', '万国金色家园  ', '中楼层(共7层)板楼  -  城北', '120万', '单价13825元/平米')
('https://image1.ljcdn.com/610100-inspection/31414203-f7f7-439a-9eef-0d86c909562e.jpg.296x216.jpg', '彩云郡 朝南户型 精装两居 交通便利 产证齐全', '彩云郡  ', '低楼层(共28层)板塔结合  -  城北', '128万', '单价14229元/平米')
('https://image1.ljcdn.com/610100-inspection/test-64e31703-03da-4ae9-ad59-75fad290c4b2.png.296x216.jpg', '业主诚心出售 靠谱签约 看房方便 诚心出售', '景怡鑫苑  ', '高楼层(共25层)暂无数据  -  城东', '140万', '单价12606元/平米')
('https://image1.ljcdn.com/610100-inspection/39931cbb-94ca-46fc-8c14-65fcd77d0a0f.jpg.296x216.jpg', '城北 水泥制管厂家属院 简装两室 近地铁站 诚心出售。', '水泥制管厂家属院  ', '中楼层(共27层)塔楼  -  城北', '107万', '单价11066元/平米')
('https://image1.ljcdn.com/610100-inspection/0e715c3e-290f-4c33-b74f-31e289d3f0c9.jpg.296x216.jpg', '紫昕花庭 3室错层 业主诚心出售含车位', '紫昕花庭  ', '中楼层(共15层)板楼  -  城东', '195万', '单价15193元/平米')
('https://image1.ljcdn.com/610100-inspection/01a445ae-f1b8-424d-bf9f-30b3e70b2165.jpg.296x216.jpg', '繁华地段写字楼，业主超高诚意出售。', '天彩大厦  ', '中楼层(共26层)暂无数据  -  城东', '105万', '单价7775元/平米')
('', '石家街地铁口  万华园琳苑小区优质  130平大三室', '万华园琳苑小区  ', '中楼层(共18层)板塔结合  -  城北', '155万', '单价11963元/平米')
('https://image1.ljcdn.com/610100-inspection/test-9bd67ffa-5fb6-40f3-a0a6-7140e098863c.png.296x216.jpg', '胡家庙地铁口 新兴骏景园 温馨两室 小高层 有电梯', '新兴骏景园2期  ', '中楼层(共10层)板塔结合  -  城东', '110万', '单价14865元/平米')
('https://image1.ljcdn.com/610100-inspection/260b17b7-1283-4c88-bc58-a38323a19ab3.jpg.296x216.jpg', '彩云郡 石家街地铁口 精装两室 交通便利 适合婚房居家', '彩云郡  ', '中楼层(共28层)板塔结合  -  城北', '130万', '单价14450元/平米')
('https://image1.ljcdn.com/610100-inspection/test-fa558a79-c2b9-464e-b956-f1b72b4ced00.png.296x216.jpg', '新兴骏景园 满二满三 业主诚心出售 南北通透 采光充足', '新兴骏景园  ', '高楼层(共19层)板塔结合  -  城东', '160万', '单价14815元/平米')
('https://image1.ljcdn.com/610100-inspection/8e6ba7d3-ef14-4073-a98e-e4027dd64b99.jpg.296x216.jpg', '西铁工程家属院两室精装修房子，交通便利，环境优雅', '西铁工程家园  ', '高楼层(共24层)暂无数据  -  浐灞', '125万', '单价13410元/平米')
('https://image1.ljcdn.com/610100-inspection/fe754a7b-95c1-4853-bfda-85f379d4dd88.jpg.296x216.jpg', '3号线胡家庙地铁 华东万和城 复式2居 单价低 诚心出售', '紫昕花庭  ', '低楼层(共21层)暂无数据  -  城东', '140万', '单价11476元/平米')
('', '1环 地铁口万达品牌1居70年产权带电梯 适合出租自住', '民乐园  ', '高楼层(共11层)暂无数据  -  城内', '57万', '单价12476元/平米')
('', '城东/浐灞/咸宁东路/东城桃园', '东城桃园  ', '低楼层(共24层)塔楼  -  浐灞', '152万', '单价16060元/平米')
('https://image1.ljcdn.com/610100-inspection/6ccdeaec-022d-4f55-a0bf-866d16a08cf9.jpg.296x216.jpg', '城北 近地铁 两室两厅一厨一卫  南北户型', '彩云郡  ', '高楼层(共6层)板楼  -  城北', '120万', '单价13740元/平米')
('https://image1.ljcdn.com/610100-inspection/ce193997-3bb6-4b6b-b454-d15ccebf7b45.jpg.296x216.jpg', '万寿路旁 紫铭小区 朝南两居室 证在手随时签', '紫铭小区  ', '高楼层(共28层)板楼  -  浐灞', '122万', '单价12957元/平米')
('https://image1.ljcdn.com/610100-inspection/c213b4f9-dd23-444b-97c0-29620dc71b96.jpg.296x216.jpg', '西七路，北门口，北大街繁华地带，xue xiao 多交通好', '西七路508号院  ', '中楼层(共7层)暂无数据  -  城内', '84万', '单价12573元/平米')
('', '东城桃园 二改三小三居， 西南朝向，', '东城桃园  ', '中楼层(共24层)塔楼  -  浐灞', '120万', '单价11848元/平米')
('', '五路口 民生万达旁 大开间 精装修 D铁口 70年产权', '皇城壹號  ', '高楼层(共11层)塔楼  -  城内', '85万', '单价14963元/平米')
('https://image1.ljcdn.com/610100-inspection/de920081-0c95-46a3-97ef-5023c69a42de.jpg.296x216.jpg', '新城国际 满三满二 精装四室 卧室南向 随时可看', '新城国际  ', '中楼层(共13层)塔楼  -  城内', '292万', '单价13810元/平米')
('https://image1.ljcdn.com/610100-inspection/aa6cdf94-c674-431d-9512-295fb52c8e28.jpg.296x216.jpg', '双地铁，大明宫遗址公园旁，交通便利，新小区', '龙记帝景湾  ', '中楼层(共31层)塔楼  -  城北', '150万', '单价17306元/平米')
('https://image1.ljcdn.com/610100-inspection/d5728aad-69ad-4fd1-b0db-bf836745a35f.jpg.296x216.jpg', '城北 水泥制管厂家属院 简装两室 近地铁站 诚心出售。', '水泥制管厂家属院  ', '低楼层(共7层)板塔结合  -  城北', '100万', '单价10225元/平米')
('https://image1.ljcdn.com/610100-inspection/bb47631d-8da0-43ea-9510-6c6dd8e422f3.jpg.296x216.jpg', '中层两居 ，满二满五，朝南北户型，交通方便，近地铁', '彩云郡  ', '中楼层(共6层)板楼  -  城北', '130万', '单价14893元/平米')
('', '恒大两室，诚心出售，价格可谈，欢迎带看', '恒大嘉里公馆  ', '中楼层(共18层)暂无数据  -  城东', '88万', '单价13703元/平米')
('', '户型方正 采光通透 在3楼 环境舒适  距离地铁近', '万国金色家园  ', '中楼层(共7层)板楼  -  城北', '120万', '单价13954元/平米')
('https://image1.ljcdn.com/610100-inspection/69a3c82f-ef88-4d13-a645-a56ada0592e9.jpg.296x216.jpg', '新兴骏景园 满五满二 南北通透户型好', '新兴骏景园  ', '高楼层(共19层)板塔结合  -  城东', '150万', '单价13715元/平米')
('https://image1.ljcdn.com/610100-inspection/be9e4f41-6a11-4282-9292-6ef58ca933b2.JPG.296x216.jpg', '恒大嘉里公馆精装四室户型通明满三满二', '恒大嘉里公馆  ', '中楼层(共18层)板塔结合  -  城东', '160万', '单价9938元/平米')
('https://image1.ljcdn.com/610100-inspection/test-486014f3-bbbe-44c3-b824-c30771beed5d.png.296x216.jpg', '一室一厅一厨一卫纯南朝向中等装修', '彩云郡  ', '低楼层(共27层)板塔结合  -  城北', '58万', '单价13648元/平米')
('', '幸福林带 地铁口 配套完善户型方正 采光好 秦川30街坊', '秦川社区30街坊  ', '中楼层(共7层)暂无数据  -  城东', '88万', '单价12072元/平米')
('', '满三满二精装修 房本在手 70年住宅 交通便利 配套齐全', '皇城壹號  ', '高楼层(共11层)塔楼  -  城内', '35万', '单价12069元/平米')
('', '东新城市花园 1室0厅 55万', '东新城市花园  ', '低楼层(共11层)板塔结合  -  城东', '55万', '单价14566元/平米')
('', '二环边，成熟商圈。东新城市花园，绿化高，配套齐全', '东新城市花园  ', '低楼层(共11层)板塔结合  -  城东', '50万', '单价13242元/平米')
('https://image1.ljcdn.com/610100-inspection/test-16459cd4-a356-4273-90c4-8c9aaed6c237.png.296x216.jpg', '满二满五，朝南户型，交通方便，双公园 .近地铁', '彩云郡  ', '高楼层(共28层)板塔结合  -  城北', '97万', '单价14373元/平米')
('https://image1.ljcdn.com/610100-inspection/c1e9a9b3-6226-4639-a644-ce48ade443a2.jpg.296x216.jpg', '该房子满五满二，业主诚意出售，交通便利', '家天下  ', '低楼层(共11层)板楼  -  浐灞', '165万', '单价11934元/平米')
('', '天彩大厦 1室0厅 160万', '天彩大厦  ', '高楼层(共25层)暂无数据  -  城东', '160万', '单价11652元/平米')
('https://image1.ljcdn.com/610100-inspection/a62607d1-c3a7-40ed-a163-d218263c4c7a.jpg.296x216.jpg', '近地铁 双公园 两居室 满评房源', '万华园琳苑小区  ', '中楼层(共18层)板塔结合  -  城北', '123万', '单价13408元/平米')
('https://image1.ljcdn.com/x-se/hdic-frame/492bb231-a86f-42f8-aeae-30699bf5b87e.png.280x210.jpg', '幸福林带 二环里华清学府城 精装3室  160万', '华清学府城  ', '中楼层(共22层)板塔结合  -  浐灞', '155万', '单价16222元/平米')
('https://image1.ljcdn.com/610100-inspection/rsp_pic_upload6d4efa20-9974-4263-a4cb-52a6b5fbb1e6.jpg.296x216.jpg', '海景国际朝南向开间带小阳台公摊小', '海景国际  ', '高楼层(共24层)塔楼  -  城东', '53万', '单价9299元/平米')
('', '距民生近一街之隔。交通便利、、、、、、', '裕朗国际  ', '高楼层(共14层)塔楼  -  城内', '70万', '单价10887元/平米')
('https://image1.ljcdn.com/610100-inspection/4fab7bde-a90e-49e9-a426-00fc100172fe.jpg.296x216.jpg', '城北 万华园琳苑 精装两室 东北朝向 近地铁 诚心出售', '万华园琳苑小区  ', '中楼层(共18层)板塔结合  -  城北', '130万', '单价14410元/平米')
('https://image1.ljcdn.com/610100-inspection/3d048c36-43f0-485f-a8d3-d803cef7d7b1.jpg.296x216.jpg', '二环内，长乐公园地铁口，品质小区', '长信世纪花园  ', '高楼层(共12层)板楼  -  城东', '205万', '单价14317元/平米')
('https://image1.ljcdn.com/610100-inspection/7bbd65cd-b1cf-4892-9ad0-e9895457b5d0.jpg.296x216.jpg', '脑中的回响，心中的留念，好房子只为你留', '东新城市花园  ', '中楼层(共11层)板塔结合  -  城东', '55万', '单价14566元/平米')
('', '城东/东二环/碑林区/长乐公园/就掌灯', '就掌灯  ', '下叠(共5层)暂无数据  -  城东', '820万', '单价30607元/平米')
('', '建工路临地铁 标准三室 户型方正 交通便利 满五满二', '东新城市花园  ', '中楼层(共9层)板楼  -  城东', '280万', '单价20438元/平米')
('https://image1.ljcdn.com/610100-inspection/532e7775-2928-407a-bf59-5537a5ff3f68.jpg.296x216.jpg', '采光好，居住舒适，小区中间位置，出行方便', '明府佳苑  ', '中楼层(共30层)暂无数据  -  城北', '105万', '单价10844元/平米')
('https://image1.ljcdn.com/610100-inspection/rsp_pic_upload09d46720-979e-42fd-8375-67f57ea9ef53.jpg.296x216.jpg', '石家街地铁口  精装3室 南北通透 可按揭', '彩云郡  ', '低楼层(共28层)板塔结合  -  城北', '170万', '单价13935元/平米')
('', '通化门地铁口 繁华地段 办公，居住均可', '天彩大厦  ', '中楼层(共25层)暂无数据  -  城东', '180万', '单价10835元/平米')
('', 'SOLO公寓 精装修 满五满二 开间 业主 诚心出售', 'solo公寓  ', '中楼层(共11层)暂无数据  -  城内', '55万', '单价11411元/平米')
('', '欲朗国际 双地铁环 绕 视眼宽广 配套成熟 单价合理', '裕朗国际  ', '中楼层(共14层)塔楼  -  城内', '59万', '单价8806元/平米')
('https://image1.ljcdn.com/610100-inspection/ad7063ac-7074-4a1a-9eb0-111559c1a5c3.jpg.296x216.jpg', '城北  胡家庙地铁  长缨小区 满五满二', '长缨小区  ', '中楼层(共7层)板塔结合  -  城东', '130万', '单价8025元/平米')
('https://image1.ljcdn.com/610100-inspection/a90cffd9-3395-4ec6-96e9-43be30f84ce5.jpg.296x216.jpg', '城内地铁口房皇cheng壹號精装一居室满五满二', '皇城壹號  ', '中楼层(共11层)塔楼  -  城内', '56万', '单价19705元/平米')
('', '满五满二，交通便利，单价低，随时可签', '方兴大厦  ', '高楼层(共24层)塔楼  -  城北', '155万', '单价9627元/平米')
('', '房子的位置比较好，业主靠谱出售，随时可签。', '裕朗国际  ', '中楼层(共14层)塔楼  -  城内', '60万', '单价11321元/平米')
('', '欲朗国际 近地铁 单价低 位置优越 采光充足 配套完善', '裕朗国际  ', '中楼层(共14层)塔楼  -  城内', '63万', '单价8924元/平米')
('https://image1.ljcdn.com/610100-inspection/77268184-059f-4261-955b-5106f8ff9ba2.jpg.296x216.jpg', '彩云郡 迷你一居室 总价低 首付少 适合过度', '彩云郡  ', '低楼层(共27层)板塔结合  -  城北', '64万', '单价13056元/平米')
('https://image1.ljcdn.com/610100-inspection/914d5657-256f-4ec8-a64e-e5162ce8c553.jpg.296x216.jpg', '满五满二精装修 长乐公园 南北通透 视野开阔无遮挡', '就掌灯  ', '高楼层(共11层)板楼  -  城东', '510万', '单价21523元/平米')
('', '舜江国际公寓 1室1厅 60万', '舜江国际公寓  ', '中楼层(共14层)暂无数据  -  城内', '60万', '单价10497元/平米')
('', '彩云郡高层两室两厅一厨一卫塔楼', '彩云郡  ', '中楼层(共28层)板塔结合  -  城北', '125万', '单价13894元/平米')
('', '满五满二，房主在手，业主靠谱签', '陕西省电力公司尚德路社区  ', '高楼层(共6层)暂无数据  -  城内', '225万', '单价14698元/平米')
('https://image1.ljcdn.com/610100-inspection/ab085ba3-5d56-4c14-9dc0-6a15c4129537.jpg.296x216.jpg', '南北通透毛坯房，价格可谈，地理位置优越', '世纪华城  ', '中楼层(共7层)暂无数据  -  城东', '102万', '单价10409元/平米')
('', '两室两厅一厨一卫，通风采光良好，布局合理', '唐韵三坊  ', '高楼层(共33层)板塔结合  -  城东', '120万', '单价15679元/平米')
('', '满五满二 38.8平一居62万', '紫落澜庭  ', '中楼层(共33层)塔楼  -  城东', '62万', '单价15980元/平米')
('', '万寿路地铁口 安全品质小区 地段繁华', '东尚小区1期  ', '中楼层(共18层)塔楼  -  城东', '135万', '单价19583元/平米')
('https://image1.ljcdn.com/610100-inspection/0d9ea622-948e-4bc8-9b1c-6495d26d30f1.jpg.296x216.jpg', '幸福林带地铁口边上 华清学府城 大两居 无增值税', '华清学府城  ', '低楼层(共22层)板塔结合  -  浐灞', '135万', '单价15450元/平米')
('', '石家街 铂廷 纯毛坯两居 满五满二 房本在手 看房方便', '铂廷  ', '高楼层(共26层)板塔结合  -  城北', '148万', '单价16992元/平米')
('', '房本在手，一室可改两室......', '新兴骏景园2期  ', '低楼层(共27层)塔楼  -  城东', '80万', '单价13009元/平米')
('', '2环边纯南2居室，采光充足，地铁房刚需佳选', '克拉上城  ', '低楼层(共19层)板塔结合  -  城东', '135万', '单价13500元/平米')
('', '1室大开间  户型方正 满5满2 交通便利 配套齐全', '海景国际  ', '中楼层(共24层)塔楼  -  城东', '50万', '单价10391元/平米')
('', '东城桃园 咸宁路 近地铁 精装两室 诚心出售 看房方便', '东城桃园  ', '低楼层(共24层)塔楼  -  浐灞', '79万', '单价13539元/平米')
('', '城北阳光新村小区   地铁口 2室2厅 110平', '阳光村社区  ', '高楼层(共15层)暂无数据  -  城北', '105万', '单价9508元/平米')
('', '五路口 火车站 新城区 古城墙内 电梯房 朝东一室开间', '西苑花园  ', '中楼层(共8层)塔楼  -  城内', '32万', '单价9578元/平米')
('', '城北 彩云郡 精装一室 朝南户型 近地铁站 诚心出售。', '彩云郡  ', '高楼层(共6层)板楼  -  城北', '60万', '单价11504元/平米')
('https://image1.ljcdn.com/610100-inspection/d5254e13-b278-4bfb-a647-66796480e477.jpg.296x216.jpg', '福邸铭门 韩森路 繁华地段 社区两层底商', '福邸铭门  ', '低楼层(共26层)塔楼  -  浐灞', '320万', '单价25446元/平米')
('', '钟楼旁 出门就是地铁 交通便利 省人大家属院 安静', '省人大尚朴路23号住宅区  ', '高楼层(共7层)板楼  -  城内', '143万', '单价13403元/平米')
('', '五路口 诚意出售  满五唯一  交通便利', '卫民社区  ', '高楼层(共7层)板塔结合  -  城内', '62万', '单价9919元/平米')
('', '地铁口 幸福林带 房龄新 福邸铭门 100万以下的两居', '福邸铭门  ', '中楼层(共28层)塔楼  -  浐灞', '98万', '单价13192元/平米')
('', '城东 新城区 紫落澜庭 精装一室', '紫落澜庭  ', '中楼层(共33层)塔楼  -  城东', '60万', '单价16043元/平米')
('', '满三满二，业主诚心出售，价格可谈', '西北电力设计小区  ', '高楼层(共7层)暂无数据  -  城东', '63万', '单价9074元/平米')
('', '房子满五满二，业主自主，户型不错，环境好，交通便利', '紫昕花庭  ', '低楼层(共21层)暂无数据  -  城东', '100万', '单价16145元/平米')
('', '康复路 西京医院，满三不满二随时可看。', '盛城东星  ', '低楼层(共33层)板塔结合  -  城东', '110万', '单价11397元/平米')
('', '龙记帝景湾 精装两室 采光充足 配套设施齐全', '龙记帝景湾  ', '高楼层(共23层)板塔结合  -  城北', '150万', '单价16723元/平米')
('', '大明宫遗址公园，东安叁城，精装两室。户型合理', '东安叁城  ', '高楼层(共18层)塔楼  -  城北', '103万', '单价15697元/平米')
('', '幸福林带 二环里华清学府城 精装小3室', '华清学府城  ', '高楼层(共26层)板楼  -  浐灞', '190万', '单价18044元/平米')
('', '幸福林带 双地铁口  南北通透大四居', '华清学府城  ', '高楼层(共32层)暂无数据  -  浐灞', '265万', '单价16200元/平米')
('', '东大街繁华圈 东门里 昌仁里小区', '昌仁里小区  ', '高楼层(共7层)暂无数据  -  城内', '35万', '单价8973元/平米')
('https://image1.ljcdn.com/610100-inspection/257eecaf-41b5-4269-a344-3e104eadfb01.jpg.296x216.jpg', '西安1环内 万达品牌旗下1居室 住宅地铁口欢迎咨询', '西安民乐园万达广场  ', '中楼层(共9层)塔楼  -  城内', '52万', '单价14620元/平米')
('', '房子位置好  靠 近城墙 永新坊  面积大  价位低', '昌仁里小区  ', '高楼层(共7层)暂无数据  -  城内', '110万', '单价10477元/平米')
('', '此房满五年满二年，交通便利，随时能看 ，', '白马世纪广场  ', '低楼层(共26层)塔楼  -  城东', '83万', '单价12825元/平米')
('', '一室一厅一厨一卫纯南朝向中等装修', '彩云郡  ', '低楼层(共27层)板塔结合  -  城北', '65万', '单价15152元/平米')
('', '此房满五年满二年，交通便利  大一居室', '白马世纪广场  ', '低楼层(共26层)塔楼  -  城东', '94万', '单价12762元/平米')
('', '城北   彩云郡  小两室户型', '彩云郡  ', '中楼层(共28层)板塔结合  -  城北', '98万', '单价14521元/平米')
('', '白马世纪广场 70年住宅 诚心出售', '白马世纪广场  ', '低楼层(共26层)塔楼  -  城东', '83万', '单价12825元/平米')
('', '绿化覆盖高，安静舒适，一个环境舒适的小区 户型好', '新兴骏景园  ', '高楼层(共12层)板塔结合  -  城东', '115万', '单价14099元/平米')
('', '近大明宫遗址公园，四号线，地理位置好', '大华村小区  ', '高楼层(共7层)暂无数据  -  城北', '70万', '单价10527元/平米')
('', '建工路公园南路，恒大嘉里，一室开间诚意出售', '恒大嘉里公馆  ', '高楼层(共18层)暂无数据  -  城东', '53万', '单价12442元/平米')
('', '胡家庙 地铁 万和城 物业低 多层  南北通透', '陕建机施集团第一社区  ', '高楼层(共7层)暂无数据  -  城东', '58万', '单价8366元/平米')
('', '克拉上城小区，地理位置优越，户型优质', '克拉上城  ', '中楼层(共19层)板塔结合  -  城东', '123万', '单价14820元/平米')
('', '1室精装，地铁4号线，大明宫，交通便利', '都市邻里  ', '中楼层(共22层)塔楼  -  城北', '72万', '单价11077元/平米')
('', '安远门地铁口 建行家属院交通便利大两居', '建行家属院（城北）  ', '高楼层(共18层)暂无数据  -  城北', '135万', '单价11345元/平米')
('', '通化门 东尚小区 位置优越 精装一居室 诚心出售', '东尚小区1期  ', '低楼层(共32层)板塔结合  -  城东', '76万', '单价13819元/平米')
('', '业主诚心出售，满三满二，业主人在曲江，', '保亿风景大院  ', '高楼层(共4层)板楼  -  城北', '270万', '单价16797元/平米')
('', '公摊小 中间楼层 交通方便 价格低廉', '水泥制管厂家属院  ', '中楼层(共7层)板塔结合  -  城北', '80万', '单价10598元/平米')
('', '家天下 2室2厅 128万', '家天下  ', '高楼层(共18层)板楼  -  浐灞', '128万', '单价13891元/平米')
('', '满五满二，西邻有大明宫遗址公园，精装修两年.顶跃', '保亿风景大院  ', '中楼层(共5层)板楼  -  城北', '300万', '单价19608元/平米')
('', '近地铁，近火车站，可上实验小  学  简装修', '裕朗国际  ', '高楼层(共14层)塔楼  -  城内', '65万', '单价12585元/平米')
('', '满三满二、房本在手 业主靠谱签约', '金色时代公寓  ', '中楼层(共13层)塔楼  -  城内', '96万', '单价12004元/平米')
('', '览盛唐繁荣之大明宫.享保亿园林生活.顶跃', '保亿风景大院  ', '高楼层(共5层)板楼  -  城北', '241万', '单价19444元/平米')
('', '白马世纪广场 两居室 诚心出售 提前约随时可看', '白马世纪广场  ', '低楼层(共26层)塔楼  -  城东', '116万', '单价12804元/平米')
('', '白马世纪广场  两居室 看房联系 诚心出售', '白马世纪广场  ', '低楼层(共26层)塔楼  -  城东', '117万', '单价12794元/平米')
