('https://image1.ljcdn.com/610100-inspection/test-033254d9-8de1-413d-9616-5f0c5068463a.png.296x216.jpg', '南北通透精装修，双指标，小高层，户型方正，采光好', '长征365  ', '高楼层(共11层)板塔结合  -  高新', '256万', '单价18608元/平米')
('https://image1.ljcdn.com/610100-inspection/15382d19-fdc7-4d2b-a44a-0f3f48f9ef3c.jpg.296x216.jpg', '大学城优质小区户型设计合理大三居', '忆江南  ', '中楼层(共27层)板塔结合  -  长安', '176万', '单价12957元/平米')
('https://image1.ljcdn.com/610100-inspection/test-8f6ea807-e3fa-44f2-b41a-bb5526582fcb.png.296x216.jpg', '卡布奇诺国际社区精装两居，满三满二交税少，中间楼栋', '卡布奇诺国际社区  ', '低楼层(共33层)板塔结合  -  曲江', '95万', '单价15554元/平米')
('https://image1.ljcdn.com/610100-inspection/2b3b344f-4764-4bf3-afb4-07b460d8a605.jpg.296x216.jpg', '凤栖原地铁口，大三居南北通透，总价低，随时看房', '吉源美郡  ', '高楼层(共6层)板楼  -  长安', '150万', '单价11738元/平米')
('https://image1.ljcdn.com/610100-inspection/test-7ccf5baa-c28d-4224-b76b-83001c45f731.png.296x216.jpg', '大华精装经典两居 带阳台 业主靠谱售', '大华曲江公园世家三期  ', '低楼层(共18层)板塔结合  -  曲江', '143万', '单价15821元/平米')
('https://image1.ljcdn.com/610100-inspection/1f5881d9-36c1-413a-b095-75341b1173f4.jpg.296x216.jpg', '带高新国际指标+总价低+南北通透两居', '紫薇田园都市B区  ', '高楼层(共6层)板楼  -  高新', '155万', '单价19117元/平米')
('https://image1.ljcdn.com/610100-inspection/test-d8530cbf-4c11-40e8-adba-acb4cd115f8b.png.296x216.jpg', '晶鑫丽座，标准两居，长安广场旁成熟商圈，风景宜人', '晶鑫丽座  ', '中楼层(共25层)暂无数据  -  长安', '103万', '单价13802元/平米')
('https://image1.ljcdn.com/610100-inspection/790b5b7d-35ca-4bb0-affa-84e4e43f7615.jpg.296x216.jpg', '三居全明，南北通透，户型端正，婚房精装，未租未住。', '太阳新城  ', '高楼层(共6层)板楼  -  长安', '160万', '单价12356元/平米')
('https://image1.ljcdn.com/610100-inspection/test-74cd5fd2-89e4-41e0-8d69-0ed119bba2be.png.296x216.jpg', '满三满二 纯南户型 业主诚心不临街 装修舒适 保持新', '智慧城  ', '中楼层(共10层)暂无数据  -  长安', '118万', '单价14297元/平米')
('https://image1.ljcdn.com/610100-inspection/4ef874c6-cc4f-4ec3-968a-ec6b1811b515.jpg.296x216.jpg', '毛坯三居室  品质物业  业主诚意出售', '荣兴云天  ', '高楼层(共24层)暂无数据  -  长安', '240万', '单价14877元/平米')
('https://image1.ljcdn.com/610100-inspection/test-bf146b73-594b-4701-85d1-f67ab73ec6a8.png.296x216.jpg', '舒适大三居，亮视野中楼层， 黄河就在家门口', '富力城北区  ', '中楼层(共11层)板楼  -  长安', '208万', '单价14961元/平米')
('https://image1.ljcdn.com/610100-inspection/test-84cd39a1-e03c-47d3-96de-cc42933fcec8.png.296x216.jpg', '凤栖原地铁口 天都佳苑 精装大三居 南北透通', '天都佳苑  ', '中楼层(共31层)塔楼  -  长安', '175万', '单价13892元/平米')
('https://image1.ljcdn.com/610100-inspection/58596e92-28de-41c7-a872-912bea559ecd.JPG.296x216.jpg', '户型好，南北通透，视野开阔，采光好', '大华曲江公园世家二期  ', '高楼层(共17层)塔楼  -  曲江', '480万', '单价17498元/平米')
('https://image1.ljcdn.com/610100-inspection/d14a7c0d-b7e2-4664-bb59-a91b74a4a6d4.jpg.296x216.jpg', '新小区 两室好房 带阳台 采光好 不临街 最 好 户型', '卡布奇诺国际社区  ', '高楼层(共33层)板塔结合  -  曲江', '135万', '单价16370元/平米')
('https://image1.ljcdn.com/610100-inspection/84e2bd34-1b74-4627-8adb-a6d5047d3c10.jpg.296x216.jpg', '长安区天都佳苑 满三满二 业主诚心出售', '天都佳苑  ', '低楼层(共31层)塔楼  -  长安', '125万', '单价13889元/平米')
('https://image1.ljcdn.com/610100-inspection/49916323-c80c-4b7c-9b32-f55fd9743689.JPG.296x216.jpg', '南北通透，两卧朝南大三居，环境好，毛坯，看房方便！', '天赐颐府  ', '高楼层(共18层)板楼  -  长安', '252万', '单价16579元/平米')
('https://image1.ljcdn.com/610100-inspection/test-c50520e8-20e8-43df-b7a5-55028abcc3ae.png.296x216.jpg', '曲江二期 稀 缺毛坯房 标准大三室 中 心位置 诚心出售', '曲江澜山  ', '中楼层(共32层)板塔结合  -  曲江', '170万', '单价12465元/平米')
('https://image1.ljcdn.com/610100-inspection/0e8de17f-3577-4af7-ad5c-312d6d721a3f.jpg.296x216.jpg', '腾业南院 精装大三居 带六小 业主诚心卖 看房方便', '腾业南院  ', '高楼层(共27层)板楼  -  高新', '270万', '单价21162元/平米')
('https://image1.ljcdn.com/610100-inspection/97563748-c8f4-4c42-8071-cbb8e1a6844b.jpg.296x216.jpg', '富力城优质两室 交通便利 配套成熟 满三满二 诚心出售', '富力城南区  ', '中楼层(共30层)板塔结合  -  长安', '146万', '单价16565元/平米')
('https://image1.ljcdn.com/610100-inspection/c42cb188-43b7-4915-b61c-ca7391cdb291.jpg.296x216.jpg', '曲江澜山  南北通透 楼层适中 视野采光较好 配套成熟', '曲江澜山  ', '中楼层(共32层)板塔结合  -  曲江', '128万', '单价13626元/平米')
('https://image1.ljcdn.com/610100-inspection/test-ded21adb-012a-4994-bffa-9ba8acacba27.png.296x216.jpg', '曲江澜山 精装两室93.5平 西南朝向', '曲江澜山  ', '低楼层(共32层)板塔结合  -  曲江', '128万', '单价13690元/平米')
('https://image1.ljcdn.com/610100-inspection/13d25774-204f-4a53-803a-6f4d118889da.JPG.296x216.jpg', '房子是小区少见的小户型纯南，户型方正，', '大华曲江公园世家二期  ', '高楼层(共16层)板塔结合  -  曲江', '125万', '单价17832元/平米')
('https://image1.ljcdn.com/610100-inspection/rsp_pic_upload1092ecf0-8b95-44f7-be59-c45ff7f332eb.JPG.296x216.jpg', '大华公园世家 别墅 高品质 毛坯 满五满二', '大华曲江公园世家二期  ', '3层板楼  -  曲江', '520万', '单价21985元/平米')
('https://image1.ljcdn.com/610100-inspection/dab3f256-0783-4b94-9953-b76ac79e5a7f.JPG.296x216.jpg', '近地铁  采光好  楼层地  小区环境优美', '大华曲江公园世家三期  ', '低楼层(共32层)塔楼  -  曲江', '150万', '单价15612元/平米')
('https://image1.ljcdn.com/610100-inspection/a38d0375-1634-42c8-830d-e5f19100f7b1.jpg.296x216.jpg', '智慧城 洋房小高层 精装修三居室南北通透证在手可按揭', '智慧城  ', '中楼层(共10层)板楼  -  长安', '195万', '单价13830元/平米')
('https://image1.ljcdn.com/610100-inspection/3b3804a6-2bf3-4c78-8459-b4ee0765fa05.JPG.296x216.jpg', '大华公园世家别墅 送花园露台 满五满二 送两个车位', '大华曲江公园世家二期  ', '3层板楼  -  曲江', '540万', '单价22500元/平米')
('https://image1.ljcdn.com/610100-inspection/8ad04a2b-5697-4438-bcb8-43b26ca7306a.JPG.296x216.jpg', '房子为2+1户型，南北通透，全明户型，采光好', '大华曲江公园世家二期  ', '高楼层(共16层)板塔结合  -  曲江', '160万', '单价17700元/平米')
('https://image1.ljcdn.com/610100-inspection/6eee4ad9-14a4-4819-9bc2-29a9d97019f9.jpg.296x216.jpg', '房本在手  六小三中 总价低  业主诚心出售', '东尚蜂鸟  ', '中楼层(共28层)塔楼  -  高新', '73万', '单价15006元/平米')
('https://image1.ljcdn.com/610100-inspection/5579345d-4c0f-48af-9104-b4aa23c4ba30.jpg.296x216.jpg', '长安街精装大四房，业主自住诚意出售', '悦明园  ', '高楼层(共6层)板楼  -  长安', '153万', '单价10409元/平米')
('https://image1.ljcdn.com/610100-inspection/test-c8e804bb-fd72-4d6c-9e4f-ffc36f81b655.png.296x216.jpg', '曲江观山悦+婚房装修+南北通透+楼层好，无遮挡', '曲江观山悦  ', '高楼层(共28层)板塔结合  -  曲江', '230万', '单价16053元/平米')
('https://image1.ljcdn.com/610100-inspection/570889e3-eaf0-42eb-9c7b-85a8e8a3baff.jpg.296x216.jpg', '带高新国际指标3室 南北通透中间楼层 业主诚售', '紫薇田园都市E区  ', '中楼层(共6层)板楼  -  高新', '290万', '单价21602元/平米')
('https://image1.ljcdn.com/610100-inspection/f03264cb-f7ba-4c56-a3e0-e3681c87690b.jpg.296x216.jpg', '长征365 带高新国际指标，精装修 南北通透三居室', '长征365  ', '中楼层(共11层)板塔结合  -  高新', '247.6万', '单价17997元/平米')
('https://image1.ljcdn.com/610100-inspection/aa3f9374-6a32-42a1-947a-7d68bbf265c0.jpg.296x216.jpg', '锦业路 地铁6号线 精致装修 温馨一居', '东尚蜂鸟  ', '低楼层(共31层)塔楼  -  高新', '72万', '单价17062元/平米')
('https://image1.ljcdn.com/610100-inspection/test-a14b5b69-e55a-4b35-a659-f477b06b76bf.png.296x216.jpg', '观山悦南北通透正规三室 毛坯可按揭 采光好', '曲江观山悦  ', '高楼层(共28层)板塔结合  -  曲江', '215万', '单价16950元/平米')
('https://image1.ljcdn.com/610100-inspection/rsp_pic_upload4f87f0ce-00f9-4eff-9671-ea8de0171d76.jpg.296x216.jpg', '紫薇K区大复试，带国际指标，诚心出售，带55平车库。', '紫薇田园都市K区  ', '低楼层(共3层)板楼  -  高新', '380万', '单价27667元/平米')
('https://image1.ljcdn.com/610100-inspection/test-7567c6e0-0696-4bd8-b118-7339ca962751.png.296x216.jpg', '曲江二期 精装四居室 带红木家具 南北通透 不临街', '大华曲江公园世家一期  ', '低楼层(共14层)板塔结合  -  曲江', '285万', '单价20699元/平米')
('https://image1.ljcdn.com/610100-inspection/a015986d-4949-43dc-bf69-9a4796652913.jpg.296x216.jpg', '曲江二期航天城小区  毛坯 看房方便 诚心诚意出售', '西安航天城A区  ', '高楼层(共30层)板塔结合  -  长安', '165万', '单价15069元/平米')
('https://image1.ljcdn.com/610100-inspection/test-17788153-098c-4a70-8eb2-0cade7e485a4.png.296x216.jpg', '曲江大华公园世家五期 小三室毛坯房 看房有钥匙 诚售', '大华曲江公园世家五期  ', '低楼层(共31层)板塔结合  -  曲江', '160万', '单价15424元/平米')
('https://image1.ljcdn.com/610100-inspection/f37fa4aa-1684-47e8-a279-629042cb2a74.jpg.296x216.jpg', '盐业小区3号楼  2室1厅，满五满二', '盐业小区(长安区)  ', '低楼层(共12层)板塔结合  -  长安', '95万', '单价12659元/平米')
('https://image1.ljcdn.com/610100-inspection/test-fcf4f7a1-4f30-4e58-9b5b-612aea419423.png.296x216.jpg', '曲江二期西安航天城 纯南经典一居 公园 学·区 毛坯', '西安航天城A区  ', '中楼层(共33层)板塔结合  -  长安', '78万', '单价14875元/平米')
('https://image1.ljcdn.com/610100-inspection/6f34818d-4840-4290-8ee2-9396b8c50f0d.jpg.296x216.jpg', '曲江观山悦 3室2厅 246万', '曲江观山悦  ', '高楼层(共28层)板楼  -  曲江', '246万', '单价17698元/平米')
('https://image1.ljcdn.com/610100-inspection/test-48360ce9-0837-4235-b0c2-c85c5bc8f969.png.296x216.jpg', '满五满二无增值税，精装，环境好，可观湖，', '富力城北区  ', '低楼层(共24层)板楼  -  长安', '255万', '单价15947元/平米')
('https://image1.ljcdn.com/610100-inspection/4ef501d8-465e-4e8a-863d-f511c951507a.jpg.296x216.jpg', '此房产权明析 房本在手  楼层好 采光足 配套齐全。', '曲江澜山  ', '中楼层(共32层)板塔结合  -  曲江', '125万', '单价13120元/平米')
('https://image1.ljcdn.com/610100-inspection/bef14228-0d5a-4d20-b992-c1917f4c89de.jpg.296x216.jpg', '紫薇田园都市F区   南北通透 精装修  高新国际指标', '紫薇田园都市F区  ', '低楼层(共4层)板楼  -  高新', '750万', '单价30196元/平米')
('https://image1.ljcdn.com/610100-inspection/rsp_pic_uploada5086567-1eba-4dd1-96a7-2fe7c27b1c04.jpg.296x216.jpg', '紫薇田园都市  舒适三居 明厨明卫 精装修 教育配套全', '紫薇田园都市B区  ', '高楼层(共6层)板楼  -  高新', '240万', '单价19355元/平米')
('https://image1.ljcdn.com/610100-inspection/312d421f-60ab-4e25-a824-92dd70853cbd.jpg.296x216.jpg', '曲江澜山 精装大两室 自住房 采光好 不临街 安静居家', '曲江澜山  ', '低楼层(共32层)板塔结合  -  曲江', '123万', '单价13370元/平米')
('https://image1.ljcdn.com/610100-inspection/3a34ddef-fc7b-43cd-b7c4-6ae18f6aa3fd.jpg.296x216.jpg', '精装两室，纯南户型，业主自己重新装修过', '富力城北区  ', '低楼层(共24层)板塔结合  -  长安', '136万', '单价16179元/平米')
('https://image1.ljcdn.com/610100-inspection/d8f01b6e-68dd-4e7d-82d4-720f5f9fe1f2.jpg.296x216.jpg', '大华公园世家 一楼带花园 精装四室带车位 税费少', '大华曲江公园世家一期  ', '低楼层(共5层)板楼  -  曲江', '500万', '单价16718元/平米')
('https://image1.ljcdn.com/610100-inspection/a9b369b5-3485-4380-9990-c9777a08ac31.jpg.296x216.jpg', '海棠别馆 4室2厅 225万', '海棠别馆  ', '低楼层(共15层)板塔结合  -  高新', '225万', '单价19020元/平米')
('https://image1.ljcdn.com/610100-inspection/7cd0c2b0-6262-4b34-ba06-8b0f9f89c404.JPG.296x216.jpg', '视野开阔的两居室 户型好 诚心出售 随时看房', '曲江澜山  ', '高楼层(共32层)板塔结合  -  曲江', '128万', '单价14256元/平米')
('https://image1.ljcdn.com/610100-inspection/b9bd2afe-9ba9-4e5b-a87c-1923ba16d717.jpg.296x216.jpg', '景苑新区 电梯三居 满二年 有房本 单价1.3万', '景苑新区  ', '高楼层(共18层)板楼  -  曲江', '158万', '单价11359元/平米')
('https://image1.ljcdn.com/610100-inspection/0a144515-c70b-4849-88cf-b3d3397567db.JPG.296x216.jpg', '精装修，诚心出售 价格可谈 带两车位', '大华曲江公园世家二期  ', '3层板楼  -  曲江', '550万', '单价20085元/平米')
('https://image1.ljcdn.com/610100-inspection/6b0eb1ba-b70f-4e84-99be-def0c82b3514.jpg.296x216.jpg', '带高新国际指标 楼层适中 采光好', '紫薇田园都市E区  ', '高楼层(共6层)板楼  -  高新', '180万', '单价21061元/平米')
('https://image1.ljcdn.com/610100-inspection/5dbb16d4-9ee8-450c-b9d1-e16e5b97557f.jpg.296x216.jpg', '曲江观山悦+送80平花园、精装修、南北通透、采光好', '曲江观山悦  ', '低楼层(共28层)板塔结合  -  曲江', '230万', '单价17986元/平米')
('https://image1.ljcdn.com/610100-inspection/cc72d793-f772-4f71-a88f-d4656f7894e9.jpg.296x216.jpg', '精装房 南北通透  交通便利 视野宽阔  品牌家具家电送', '万科城  ', '低楼层(共32层)暂无数据  -  长安', '178万', '单价20000元/平米')
('https://image1.ljcdn.com/610100-inspection/test-0d712933-b97d-4662-9abe-9824e6e9faf9.png.296x216.jpg', '山水美景 忆江南 底层全明纯南小两室 有证可按揭', '忆江南  ', '低楼层(共11层)暂无数据  -  长安', '116万', '单价13052元/平米')
('https://image1.ljcdn.com/610100-inspection/a6dd52b6-0c19-4c9d-98cd-f556ee5497b0.jpg.296x216.jpg', '房子户型方正，开发商精装修交房，南北通透', '富力城南区  ', '低楼层(共24层)板楼  -  长安', '280万', '单价17796元/平米')
('https://image1.ljcdn.com/610100-inspection/654a20f1-eb96-4de9-a3e5-b5aa71f0ed4f.JPG.296x216.jpg', '天赐颐府 毛坯三室 中间楼层 产证在手过户方便', '天赐颐府  ', '低楼层(共33层)塔楼  -  长安', '150万', '单价12042元/平米')
('https://image1.ljcdn.com/610100-inspection/a164b12f-af86-48f0-9705-1a9f055fa4e6.JPG.296x216.jpg', '毛坯次新房，东西朝向，赠送80多平米的露台，诚心出售', '大华曲江公园世家二期  ', '高楼层(共16层)板塔结合  -  曲江', '175万', '单价20802元/平米')
('https://image1.ljcdn.com/610100-inspection/55c7d194-f1fb-4699-9fca-ce3037c5e5e4.jpg.296x216.jpg', '观山悦四室两厅 精装修  带赠送面积   交通便利', '曲江观山悦  ', '高楼层(共32层)板楼  -  曲江', '355万', '单价20343元/平米')
('https://image1.ljcdn.com/610100-inspection/03541be9-e9ee-4cab-bfda-a2444d99b863.jpg.296x216.jpg', '精装修，顶楼复式，带露台，大四居，证满两年！', '盛世长安  ', '高楼层(共11层)板塔结合  -  长安', '320万', '单价16327元/平米')
('https://image1.ljcdn.com/610100-inspection/ff043e6c-07ab-46a1-a3c4-fc0bd6e6f785.JPG.296x216.jpg', '茗景城 顶复楼梯房 装修好走心 业主入住晚保持完好', '茗景园  ', '高楼层(共6层)板楼  -  长安', '200万', '单价8707元/平米')
('https://image1.ljcdn.com/610100-inspection/c7e82ad4-805a-4683-b7e5-145edf7c61a0.jpg.296x216.jpg', 'J区中间位置+花园+国际指标+小区环境优美', '紫薇田园都市J区  ', '低楼层(共11层)板楼  -  高新', '350万', '单价26942元/平米')
('https://image1.ljcdn.com/610100-inspection/05bf24ee-d177-4a57-9346-e79ef80884e6.JPG.296x216.jpg', '南北通透三居室 精装修 无增值税 报价带1个车位', '富力城北区  ', '中楼层(共24层)板塔结合  -  长安', '260万', '单价19901元/平米')
('', '紫薇田园都市 阳光天地 高新六小 视野开阔 证在手按揭', '紫薇田园都市J区  ', '高楼层(共20层)板塔结合  -  高新', '215万', '单价15614元/平米')
('https://image1.ljcdn.com/610100-inspection/ab5f15c8-aac8-4766-868d-d22105c59d94.jpg.296x216.jpg', '大华公园世家 满五满二 三居 业主诚心出售', '大华曲江公园世家三期  ', '低楼层(共32层)塔楼  -  曲江', '260万', '单价23380元/平米')
('https://image1.ljcdn.com/610100-inspection/a2cd4273-d467-4305-adf7-7737e4a3a433.JPG.296x216.jpg', '大华三期 毛坯四居室  满五满二 南北通透', '大华曲江公园世家三期  ', '中楼层(共7层)板楼  -  曲江', '380万', '单价22550元/平米')
('https://image1.ljcdn.com/610100-inspection/ddd168a4-e974-45b0-a3a4-92aa65ee2d42.jpg.296x216.jpg', '智慧城高层 满三满二 不临街南北通透大两居', '智慧城  ', '中楼层(共25层)暂无数据  -  长安', '145万', '单价12609元/平米')
('https://image1.ljcdn.com/610100-inspection/253ba94b-eed6-45d3-9bbe-27351a9af0d6.jpg.296x216.jpg', '带高新国际指标房 紫薇田园都市南北通透 两居室精装修', '紫薇田园都市J区  ', '高楼层(共6层)板塔结合  -  高新', '156万', '单价15758元/平米')
('https://image1.ljcdn.com/610100-inspection/test-e9559cd1-34bf-4da6-912f-0b28f0e4f3f6.png.296x216.jpg', '曲江澜山 朝南两居室 客厅和两个卧室都朝南 空房出售', '曲江澜山  ', '中楼层(共32层)板塔结合  -  曲江', '130万', '单价13711元/平米')
('https://image1.ljcdn.com/610100-inspection/a4429daf-dfc4-44c7-9ce6-18358b8940dd.jpg.296x216.jpg', '紫薇田园都市A区+高新六小+精装修+不临街', '紫薇田园都市A区  ', '高楼层(共6层)板楼  -  高新', '160万', '单价17242元/平米')
('https://image1.ljcdn.com/610100-inspection/accdaa7c-b0cc-4d97-b815-64111a81b6c7.jpg.296x216.jpg', '雅居乐地产  花园式小区 紧凑型小三室', '雅居乐铂琅峯  ', '高楼层(共30层)暂无数据  -  长安', '168万', '单价18462元/平米')
('https://image1.ljcdn.com/610100-inspection/4c64bc1c-0700-43b1-ad97-689fe3f55bf6.jpg.296x216.jpg', '带国际指标+ 满三满二+阳光天地+户型方正+品质小区', '紫薇田园都市D区  ', '高楼层(共20层)板塔结合  -  高新', '240万', '单价17197元/平米')
('https://image1.ljcdn.com/610100-inspection/5429b5c4-0769-421a-bede-b593b0f27986.jpg.296x216.jpg', '紫薇田园都市三居室+电梯房+高新六小', '紫薇田园都市G区  ', '低楼层(共12层)板楼  -  高新', '252万', '单价18279元/平米')
('https://image1.ljcdn.com/610100-inspection/f7b27f77-872d-4294-a787-51df4de46043.JPG.296x216.jpg', '曲江澜山纯南朝向+精装修+带家具家电', '曲江澜山  ', '中楼层(共32层)板塔结合  -  曲江', '135万', '单价14318元/平米')
('https://image1.ljcdn.com/610100-inspection/66e145ba-c9d3-4fd6-a955-7b2f7075a2a4.jpg.296x216.jpg', '紫薇H区+西部大道+南北通透+户型方正+证在手可按揭', '紫薇田园都市H区  ', '高楼层(共6层)板楼  -  高新', '218万', '单价15809元/平米')
('https://image1.ljcdn.com/610100-inspection/test-d93b177d-2f50-445b-b170-0375ffdf82a9.png.296x216.jpg', '经典三居 带指标 精装修 位置优越', '紫薇田园都市J区  ', '中楼层(共6层)板楼  -  高新', '248万', '单价18116元/平米')
('https://image1.ljcdn.com/610100-inspection/test-b23b89b1-1576-459e-8f6a-c46f043e121d.png.296x216.jpg', '曲江澜山 交通便利 双地铁 大三居', '曲江澜山  ', '低楼层(共32层)板塔结合  -  曲江', '180万', '单价12979元/平米')
('https://image1.ljcdn.com/610100-inspection/test-0f86c14b-609f-4964-b9f5-6cc79006313b.png.296x216.jpg', '紫薇田园都市A区+双指标+配套齐全', '紫薇田园都市A区  ', '高楼层(共6层)板楼  -  高新', '180万', '单价19391元/平米')
('https://image1.ljcdn.com/610100-inspection/abbbe4cf-dbad-4988-bf1f-319390d040b4.jpg.296x216.jpg', '富力城北区 精装两室 南朝向 户型方正。', '富力城北区  ', '高楼层(共11层)板塔结合  -  长安', '150万', '单价16688元/平米')
('https://image1.ljcdn.com/610100-inspection/81eb263f-8628-4c35-bc04-eae9b0180170.JPG.296x216.jpg', '房子南北通透户型，楼层适中，观景舒适', '大华曲江公园世家二期  ', '中楼层(共17层)塔楼  -  曲江', '320万', '单价19876元/平米')
('https://image1.ljcdn.com/610100-inspection/01131b7c-acfb-4eb5-ad25-2741936b659e.jpg.296x216.jpg', '曲江澜山两居室+带装修+户型特棒', '曲江澜山  ', '中楼层(共32层)板塔结合  -  曲江', '130万', '单价13751元/平米')
('https://image1.ljcdn.com/610100-inspection/36822429-6bc9-48cf-a3e4-714844f44aca.jpg.296x216.jpg', '紫薇田园都市C区+精装修+六小三中+南北通透', '紫薇田园都市C区  ', '高楼层(共6层)板楼  -  高新', '230万', '单价16818元/平米')
('https://image1.ljcdn.com/610100-inspection/6dec625e-1a6d-4dbc-bc1c-168de814c8d4.jpg.296x216.jpg', '紫薇田园都市三居+业主自住+装修好+带电梯', '紫薇田园都市H区  ', '高楼层(共12层)板楼  -  高新', '251万', '单价20080元/平米')
('https://image1.ljcdn.com/610100-inspection/rsp_pic_upload83e282fe-0d86-435d-b269-acdfbff9edc3.JPG.296x216.jpg', '曲江澜山精装修两居室，满三满二，缴税少，交通便利', '曲江澜山  ', '中楼层(共32层)板塔结合  -  曲江', '140万', '单价14694元/平米')
('https://image1.ljcdn.com/610100-inspection/b12b4b0e-eed4-4f48-b7e8-ef0d766106a0.jpg.296x216.jpg', '曲江观山悦+南北三居室+中间楼层+小区绿化好不临街', '曲江观山悦  ', '中楼层(共27层)板塔结合  -  曲江', '235万', '单价16633元/平米')
('https://image1.ljcdn.com/610100-inspection/test-b01cbbf4-d32b-4d4f-b1b0-537e46ac5334.png.296x216.jpg', '富力城北区 精装两室 南北朝向 带家具家电', '富力城北区  ', '中楼层(共24层)板塔结合  -  长安', '135万', '单价16072元/平米')
('https://image1.ljcdn.com/610100-inspection/test-4b870c3b-dac2-475a-878d-7f1a18da07d9.png.296x216.jpg', '大华曲江公园世家 3+2户型 精装修  观景房', '大华曲江公园世家二期  ', '低楼层(共17层)塔楼  -  曲江', '310万', '单价19586元/平米')
('https://image1.ljcdn.com/610100-inspection/test-10e45862-3a95-44a7-bbc3-cce1f7340803.png.296x216.jpg', '富力城北区 南北通透 满三满二 进装修 大两居', '富力城北区  ', '中楼层(共11层)板塔结合  -  长安', '180万', '单价16751元/平米')
('https://image1.ljcdn.com/610100-inspection/test-0ba108a6-61bc-4c35-af93-8323e681d676.png.296x216.jpg', '30平米的赠送，高新六小三中,地铁口锦业二路产权清晰', '腾业南院  ', '高楼层(共27层)板塔结合  -  高新', '246万', '单价21120元/平米')
('https://image1.ljcdn.com/610100-inspection/b8828d3b-a3b7-4624-81be-0627de49563d.jpg.296x216.jpg', '紫薇田园都市 优质方正两居 带高新国际指标  诚售', '紫薇田园都市A区  ', '高楼层(共6层)板楼  -  高新', '169万', '单价18153元/平米')
('https://image1.ljcdn.com/610100-inspection/c726c1c6-398a-4364-960f-ab832380ea79.jpg.296x216.jpg', '荣兴云天        精装修', '荣兴云天  ', '高楼层(共24层)板楼  -  长安', '330万', '单价13492元/平米')
('https://image1.ljcdn.com/610100-inspection/b1e65661-936a-4e53-b99a-1ed959a85fa7.jpg.296x216.jpg', '满五满二 精致装修 南北通透  业主诚意出售', '荣兴云天  ', '高楼层(共24层)板楼  -  长安', '330万', '单价13492元/平米')
('', '品质长安相府 航天城地铁口 房本满三满二 业主诚售', '长安相府  ', '中楼层(共30层)板塔结合  -  长安', '125万', '单价13889元/平米')
('https://image1.ljcdn.com/610100-inspection/2b0d9358-6c12-41a6-afb5-865bd697ab80.jpg.296x216.jpg', '满五满二产证在手，环境优美，精装修采光好，诚心出售', '西安雅居樂花園  ', '中楼层(共30层)暂无数据  -  长安', '160万', '单价17631元/平米')
('https://image1.ljcdn.com/610100-inspection/test-a7aa9a5a-7f09-4a31-a979-3af88339faac.png.296x216.jpg', '曲江澜山  两居室 精装修 房本在手满二', '曲江澜山  ', '高楼层(共32层)板塔结合  -  曲江', '115万', '单价13213元/平米')
('https://image1.ljcdn.com/610100-inspection/d03a7bfe-66f8-4b7c-b3c2-0b2da8678cb5.jpg.296x216.jpg', '东尚蜂鸟+六小三中+标准一居+刚需Tou zi好房+精装修', '东尚蜂鸟  ', '高楼层(共31层)塔楼  -  高新', '90万', '单价15000元/平米')
('https://image1.ljcdn.com/610100-inspection/test-74189cac-88c4-4192-bfdc-7c35d989ceb9.png.296x216.jpg', '富力城南区+ 两室 +精装+业主诚售', '富力城南区  ', '低楼层(共30层)板楼  -  长安', '145万', '单价16256元/平米')
('https://image1.ljcdn.com/610100-inspection/97c5f241-cd89-473e-8e46-73a281985918.jpg.296x216.jpg', '经典小三居+高新六小+赠送+南北通透+精装+满三满二', '海棠别馆  ', '低楼层(共26层)板塔结合  -  高新', '180万', '单价20225元/平米')
('https://image1.ljcdn.com/610100-inspection/4da6db08-83f6-413d-9601-65dde68ce515.jpg.296x216.jpg', '西安航天城A区 精装全配 二加一户型', '西安航天城A区  ', '低楼层(共33层)板塔结合  -  长安', '138万', '单价16758元/平米')
('https://image1.ljcdn.com/610100-inspection/1e5c9612-46dc-47e0-9cb0-9e15a5a0a1c7.jpg.296x216.jpg', '紫薇田园都市+阳光天地+适宜楼层+南北通透', '紫薇田园都市K区  ', '低楼层(共3层)板楼  -  高新', '298万', '单价21912元/平米')
('https://image1.ljcdn.com/610100-inspection/f6e74820-f344-4c38-aead-90fd1f0d6135.jpg.296x216.jpg', '雅居乐开发商  大学城 毛坯小三室 西电', '雅居乐铂琅峯  ', '中楼层(共32层)暂无数据  -  长安', '158万', '单价17467元/平米')
('https://image1.ljcdn.com/610100-inspection/23217202-0fcc-4645-84ad-c13c4b0bbfd2.jpg.296x216.jpg', '智慧城洋房区 满五满二不临街 南北通透大两居 精装修', '智慧城  ', '中楼层(共7层)板楼  -  长安', '155万', '单价14015元/平米')
('https://image1.ljcdn.com/610100-inspection/0848d19e-702d-466b-880a-9e06bf1a1804.jpg.296x216.jpg', '房子满五满二 南北通透 两梯两户 环境优美', '荣兴云天  ', '低楼层(共24层)板楼  -  长安', '330万', '单价13492元/平米')
('', '西电附 小 学.位 小两居  精装 小区环境优美', '雅居乐铂琅峯  ', '高楼层(共32层)暂无数据  -  长安', '80万', '单价15095元/平米')
('https://image1.ljcdn.com/610100-inspection/test-64022bec-5fba-4699-9202-b52f8e786876.png.296x216.jpg', '新出三室好房 精装拎包入住 诚心出售 可随时看房', '曲江澜山  ', '中楼层(共32层)板塔结合  -  曲江', '155万', '单价12706元/平米')
('https://image1.ljcdn.com/610100-inspection/001f4140-43ac-47e6-aa5e-7619dfa7b0df.jpg.296x216.jpg', '小区优秀位置+南北通透+阳光商圈+满五满二+证在手', '紫薇田园都市J区  ', '高楼层(共6层)板楼  -  高新', '240万', '单价17442元/平米')
('https://image1.ljcdn.com/610100-inspection/e4034253-c81d-4b95-8d4c-a28af13c2260.jpg.296x216.jpg', '长安凤栖原 吉源美郡 南北通透落地窗 带家电房本在手', '吉源美郡  ', '高楼层(共6层)板楼  -  长安', '115万', '单价13122元/平米')
('https://image1.ljcdn.com/610100-inspection/test-714450a8-3962-421d-b143-2b6af3055d78.png.296x216.jpg', '航天翼城 简装两室 家具家电全带', '航天翼城  ', '高楼层(共24层)塔楼  -  长安', '105万', '单价13537元/平米')
('https://image1.ljcdn.com/610100-inspection/test-e84da643-3992-4b40-a413-4fb909621179.png.296x216.jpg', '紫薇田园都市E区南北通透两居室，带指标新装修无居住', '紫薇田园都市E区  ', '中楼层(共6层)板楼  -  高新', '170万', '单价19891元/平米')
('https://image1.ljcdn.com/610100-inspection/92bbd75e-15e4-4fbd-b683-f49fa4716359.jpg.296x216.jpg', '卡布奇诺2室1厅精装修，房子满五房本在手', '卡布奇诺国际社区  ', '高楼层(共33层)板塔结合  -  曲江', '120万', '单价18185元/平米')
('https://image1.ljcdn.com/610100-inspection/4f72d81b-157e-45ae-998e-88ebffd8c223.jpg.296x216.jpg', '大华三期 中高层 毛坯可塑性强  纯南户型', '大华曲江公园世家三期  ', '高楼层(共32层)塔楼  -  曲江', '165万', '单价17663元/平米')
('', '田园公寓业主诚心急售，随时可签。', '田园公寓  ', '中楼层(共23层)板塔结合  -  高新', '120万', '单价11389元/平米')
('https://image1.ljcdn.com/610100-inspection/e430407e-f01f-49b3-ac80-dc14751e4e49.jpg.296x216.jpg', '紫薇田园都市A区  4室 南北通透', '紫薇田园都市A区  ', '高楼层(共6层)板楼  -  高新', '300万', '单价19342元/平米')
('https://image1.ljcdn.com/610100-inspection/fded3d4b-a29c-451d-a877-cf72b40415e7.jpg.296x216.jpg', '电梯洋房，复式精装大四居，产证清晰，随时签约。', '忆江南  ', '高楼层(共6层)暂无数据  -  长安', '265万', '单价13091元/平米')
('https://image1.ljcdn.com/610100-inspection/b420b340-dd24-4195-9cb5-16f7ff316402.jpg.296x216.jpg', '挚信樱花园小高层 满三满二 业主诚心出售 经典三居室', '挚信樱花园  ', '高楼层(共11层)板塔结合  -  长安', '165万', '单价14468元/平米')
('https://image1.ljcdn.com/610100-inspection/cb617b65-2cc7-4f85-b49f-eced7caafc3c.jpg.296x216.jpg', '毛坯大三居 可按照自己喜欢风格装修', '田园公寓  ', '高楼层(共23层)板塔结合  -  高新', '160万', '单价13392元/平米')
('', '高新区 东尚蜂鸟 地理位置优越 楼层好 户型方正', '东尚蜂鸟  ', '低楼层(共31层)塔楼  -  高新', '150万', '单价17648元/平米')
('https://image1.ljcdn.com/610100-inspection/06a7b6a3-9c31-453a-9456-a565348ff5ba.JPG.296x216.jpg', '天赐颐府+毛坯+三居室+西北户型', '天赐颐府  ', '高楼层(共33层)塔楼  -  长安', '190万', '单价13034元/平米')
('https://image1.ljcdn.com/610100-inspection/d55cdc71-5708-4aac-b4c1-cb22707dd961.jpg.296x216.jpg', '城南长安  吉源美郡 低楼层三居室 东西通透 满两年', '吉源美郡  ', '低楼层(共6层)板楼  -  长安', '140万', '单价12180元/平米')
('https://image1.ljcdn.com/610100-inspection/4ed425c8-43a0-4f1d-93fb-530dbed2403a.jpg.296x216.jpg', '赠送十年物业费+品质小区+业主靠谱+满五满二+精装两室', '西安雅居樂花園  ', '中楼层(共30层)暂无数据  -  长安', '146万', '单价15922元/平米')
('https://image1.ljcdn.com/610100-inspection/f8058525-f575-4425-b012-5381ae55dfd5.jpg.296x216.jpg', '精装两居室  房子保持很好  中间楼层 采光好', '曲江澜山  ', '中楼层(共32层)板塔结合  -  曲江', '126万', '单价14340元/平米')
('https://image1.ljcdn.com/610100-inspection/33ff3d42-e4b5-4c5d-b97e-72856a697d9e.jpg.296x216.jpg', '苏州园林设计，纯南两居室，精装修可按揭', '忆江南  ', '高楼层(共27层)板塔结合  -  长安', '150万', '单价16822元/平米')
('https://image1.ljcdn.com/610100-inspection/ded00a8c-03a9-49a4-b085-33095f7d297d.jpg.296x216.jpg', '房满五满二，业主靠谱出售，精装修，小区环境优美', '卡布奇诺国际社区  ', '高楼层(共33层)板塔结合  -  曲江', '150万', '单价18519元/平米')
('https://image1.ljcdn.com/610100-inspection/rsp_pic_upload35d2b148-0535-4b40-bc1d-67029d1d1e97.jpg.296x216.jpg', '长安+太阳水岸新城+三居+精装+朝南+高楼层+有赠送面积', '太阳水岸新城  ', '高楼层(共22层)板楼  -  长安', '146万', '单价14348元/平米')
('', '临西沣路大面积房源出售，两个大三居合并的豪 装房', '荣兴云天  ', '中楼层(共24层)板楼  -  长安', '280万', '单价14018元/平米')
('https://image1.ljcdn.com/610100-inspection/test-0cb5e12a-e8bf-4a59-8322-8c14184e3cf0.png.296x216.jpg', '南北通透，两个大阳台，有赠送面积，全明户型', '大华曲江公园世家三期  ', '高楼层(共32层)塔楼  -  曲江', '220万', '单价20151元/平米')
('https://image1.ljcdn.com/610100-inspection/298a0716-4e90-4bcc-ba34-27db762974f4.jpg.296x216.jpg', '紫薇田园都市 顶复 精装修 高新国际', '紫薇田园都市J区  ', '高楼层(共20层)板塔结合  -  高新', '510万', '单价19616元/平米')
('', '俊美航天，地铁线旁，繁华闹市，幽静佳苑', '兴水苑  ', '高楼层(共7层)暂无数据  -  长安', '105万', '单价8325元/平米')
('https://image1.ljcdn.com/610100-inspection/7afc4965-4f82-4022-aa34-6f924b005893.jpg.296x216.jpg', '精装两室，全明格局，家具齐全，中间楼层，自带幼儿园', '盛世长安  ', '中楼层(共18层)板塔结合  -  长安', '130万', '单价15295元/平米')
('', '曲江澜山+精装两居+出行方便+价格美丽', '曲江澜山  ', '高楼层(共32层)板塔结合  -  曲江', '120万', '单价12632元/平米')
('https://image1.ljcdn.com/610100-inspection/test-602d3c9c-9c09-4433-b04b-728b74ad8db3.png.296x216.jpg', '曲江澜山精装两居室+纯南朝向+满三满二', '曲江澜山  ', '高楼层(共32层)板塔结合  -  曲江', '115万', '单价12106元/平米')
('', '标准大两室 南北通透 板式楼 位置好 不临街 好地段！', '曲江澜山  ', '中楼层(共32层)板塔结合  -  曲江', '145万', '单价13514元/平米')
('https://image1.ljcdn.com/610100-inspection/589992b4-1396-4c40-8b5e-e32710c2f8c7.jpg.296x216.jpg', '高新六小，南北通透，阳光天地，购物休闲一站式。', '紫薇田园都市K区  ', '高楼层(共20层)板塔结合  -  高新', '210万', '单价16031元/平米')
('https://image1.ljcdn.com/610100-inspection/43a5b2a6-96fc-44f1-a803-9880951e0239.jpg.296x216.jpg', '卡布奇诺 两室 采光好 小区环境优美', '卡布奇诺国际社区  ', '高楼层(共33层)板塔结合  -  曲江', '128万', '单价15677元/平米')
('https://image1.ljcdn.com/610100-inspection/c3d63f55-e154-4904-acfc-5ce990987927.jpg.296x216.jpg', '雅居乐花园 精装2居 不临街 业主诚心 满三满二 可按揭', '西安雅居樂花園  ', '高楼层(共30层)暂无数据  -  长安', '170万', '单价18413元/平米')
('https://image1.ljcdn.com/610100-inspection/test-63d31a2c-6f16-4352-8134-af207d868e6d.png.296x216.jpg', '曲江澜山+精装三居室+西南户型采光好', '曲江澜山  ', '低楼层(共32层)板塔结合  -  曲江', '140万', '单价11844元/平米')
('https://image1.ljcdn.com/610100-inspection/641ee410-0b16-47c6-9aad-ccfeeb362c53.JPG.296x216.jpg', '富力城2室2厅纯南户型，出行方便', '富力城北区  ', '低楼层(共24层)板塔结合  -  长安', '175万', '单价19445元/平米')
('https://image1.ljcdn.com/610100-inspection/387b522c-9093-4ada-9e13-3605ca64c9fe.jpg.296x216.jpg', '航天城地铁口 商贸小区 交通便利 业主靠谱 满五满二', '商贸小区  ', '高楼层(共16层)暂无数据  -  长安', '120万', '单价10246元/平米')
('', '临西沣一级公路，两个大三居打通成一套，美的很！', '荣兴云天  ', '中楼层(共24层)板楼  -  长安', '280万', '单价14018元/平米')
('https://image1.ljcdn.com/610100-inspection/c15d4172-b38c-45df-b71f-ccae712555c9.jpg.296x216.jpg', '长安区+2号线凤栖原站+吉源美郡+满五过二+正规1室1厅', '吉源美郡  ', '高楼层(共7层)板楼  -  长安', '73万', '单价13735元/平米')
('https://image1.ljcdn.com/610100-inspection/40af20d1-4523-4079-bf3a-c2654545399c.jpg.296x216.jpg', '雅居乐精装四居 两梯两户 不临街 业主诚心出售 可按揭', '西安雅居樂花園  ', '低楼层(共25层)暂无数据  -  长安', '280万', '单价17170元/平米')
('', '南北通透格局楼层好位置优越小区配套完善', '紫薇田园都市E区  ', '中楼层(共20层)板塔结合  -  高新', '185万', '单价17231元/平米')
('https://image1.ljcdn.com/610100-inspection/test-43aa8db4-bd70-4143-88f6-e93f5ec4223a.png.296x216.jpg', '富力城南区 两居室 精装修 南北通透 采光充足 带阳台', '富力城南区  ', '低楼层(共24层)板塔结合  -  长安', '132万', '单价15537元/平米')
('', '枫丹白露苑经典两居室，门口有公交站，有照片可看', '枫丹白露苑  ', '高楼层(共28层)暂无数据  -  长安', '95万', '单价10556元/平米')
('https://image1.ljcdn.com/610100-inspection/71ee93ed-36c6-4e49-bf7f-680bf577b547.jpg.296x216.jpg', '高新国际  六小  阳光天地  交通便利 证在手  可按揭', '紫薇田园都市B区  ', '高楼层(共6层)板楼  -  高新', '165万', '单价20366元/平米')
('', '航天城精装三室出售，拎包入住。', '西安航天城A区  ', '高楼层(共33层)板塔结合  -  长安', '170万', '单价15455元/平米')
('https://image1.ljcdn.com/610100-inspection/96a49653-800c-4a53-91bd-020385266d46.jpg.296x216.jpg', '小区环境优美，交通便利，宜居住', '海棠别馆  ', '中楼层(共26层)板塔结合  -  高新', '160万', '单价18265元/平米')
('https://image1.ljcdn.com/610100-inspection/703e2c6c-00ae-4b7e-b721-bbed2ca18bd3.jpg.296x216.jpg', '满三满二，标准两居，南北通透，交通便利', '吉源美郡  ', '高楼层(共6层)板楼  -  长安', '110万', '单价12769元/平米')
('https://image1.ljcdn.com/610100-inspection/311b4ade-880d-4fec-9b74-2f760f8c437a.jpg.296x216.jpg', '东尚蜂鸟 精装修 满三满二 无增值税 三中六小 学 区', '东尚蜂鸟  ', '低楼层(共31层)塔楼  -  高新', '70万', '单价16580元/平米')
('https://image1.ljcdn.com/610100-inspection/test-7875c8a2-2a99-4e3c-b30e-7e9d0ef4036f.png.296x216.jpg', '天赐颐府+3室2厅1厨1卫+全明户型+随时看房+毛坯房', '天赐颐府  ', '低楼层(共26层)板楼  -  长安', '168万', '单价15527元/平米')
('https://image1.ljcdn.com/610100-inspection/bf2d6dc2-35b6-4d6f-a7d7-05a161d6d5ff.jpg.296x216.jpg', '环境优美适宜居住人文素质高物业管理完善。。', '国色天香  ', '高楼层(共24层)板塔结合  -  长安', '208万', '单价20000元/平米')
('https://image1.ljcdn.com/610100-inspection/e1bc43f6-a278-48c3-b484-6076a4463dfd.jpg.296x216.jpg', '西沣路旁田园公寓位置佳高新六小', '田园公寓  ', '中楼层(共23层)板塔结合  -  高新', '175万', '单价11156元/平米')
('', '长安花园 简装三居 户型好 单价低 满三满二', '长安花园  ', '高楼层(共12层)暂无数据  -  长安', '165万', '单价10741元/平米')
('https://image1.ljcdn.com/610100-inspection/8e14cf30-258e-4b0c-b176-c9504489fbcc.jpg.296x216.jpg', '南北通透 采光无遮挡 户型方正 房本在手', '景苑新区  ', '高楼层(共18层)板楼  -  曲江', '155万', '单价11144元/平米')
('https://image1.ljcdn.com/610100-inspection/e7565dfd-a036-4fb5-964c-4bd9a06d8240.jpg.296x216.jpg', '紫薇田园都市K区+带指标+环境优美+离六小近', '紫薇田园都市K区  ', '低楼层(共20层)塔楼  -  高新', '180万', '单价20157元/平米')
('', '万科城 4室3厅 480万', '万科城  ', '高楼层(共30层)暂无数据  -  长安', '480万', '单价19423元/平米')
('https://image1.ljcdn.com/610100-inspection/70a89b7c-3350-45b9-8224-032f53909eb6.jpg.296x216.jpg', '业主靠谱出售 满五满二 南北通透 两梯两户', '荣兴云天  ', '低楼层(共24层)暂无数据  -  长安', '300万', '单价15025元/平米')
('', '长安景苑小区  简装4居  满五满二', '长安景苑小区  ', '高楼层(共6层)暂无数据  -  长安', '127万', '单价8983元/平米')
('https://image1.ljcdn.com/610100-inspection/0c38012e-824c-4401-9b09-bb69bda50ab3.jpg.296x216.jpg', '高新紫薇田园都市指标2室 中间楼层 南北通透 业主诚售', '紫薇田园都市A区  ', '中楼层(共6层)板楼  -  高新', '180万', '单价19549元/平米')
('', '东尚蜂鸟 3室2厅 168万', '东尚蜂鸟  ', '高楼层(共28层)塔楼  -  高新', '168万', '单价14053元/平米')
('https://image1.ljcdn.com/610100-inspection/e88cd51d-c348-4395-82a1-62170bf7b8e3.jpg.296x216.jpg', '精装修，不带指标，满三满二，无增值税', '紫薇田园都市J区  ', '低楼层(共6层)板楼  -  高新', '165万', '单价17188元/平米')
('https://image1.ljcdn.com/610100-inspection/bfed75f7-802c-417d-872a-f69cff9d18d4.jpg.296x216.jpg', '西电雅居乐分校 品质小区 空房毛坯 业主靠谱出售', '雅居乐铂琅峯  ', '高楼层(共32层)暂无数据  -  长安', '186万', '单价20972元/平米')
('https://image1.ljcdn.com/610100-inspection/29f4ecf0-1cdc-4468-ab0f-27ec71f947c6.jpg.296x216.jpg', '曲江澜山两居室+装修好+户型方正+地理位置好', '曲江澜山  ', '中楼层(共32层)板塔结合  -  曲江', '133万', '单价14076元/平米')
('https://image1.ljcdn.com/610100-inspection/f4e1a0d2-d5ca-4c7c-91c4-d597a9cd9cab.jpg.296x216.jpg', '真实房源  诚心出售   陪看随时  优质好房', '兰乔国际城  ', '中楼层(共32层)板塔结合  -  长安', '130万', '单价15444元/平米')
('https://image1.ljcdn.com/610100-inspection/test-a4fd6ace-9f6c-44d6-8e67-a44016dd50ef.png.296x216.jpg', '卡布奇诺国际社区+刚需小两居+价格美丽+风景宜人', '卡布奇诺国际社区  ', '低楼层(共33层)板塔结合  -  曲江', '95万', '单价14558元/平米')
('https://image1.ljcdn.com/610100-inspection/e96b04af-6fa6-4880-864f-66d0eddbafb1.jpg.296x216.jpg', '紫薇田园都市J区+高新国际+两居带花园+南北通透', '紫薇田园都市J区  ', '低楼层(共6层)板楼  -  高新', '215万', '单价22504元/平米')
('', '富力城北区+精装一居室+纯南户', '富力城北区  ', '高楼层(共24层)板塔结合  -  长安', '120万', '单价16041元/平米')
('https://image1.ljcdn.com/610100-inspection/9c4ea710-c9bc-4694-ba6a-0fc47587cbc0.jpg.296x216.jpg', '房子 满五满二，无增值税，可全款 可按揭', '长安园配套公寓小区东区  ', '中楼层(共6层)暂无数据  -  高新', '123万', '单价13011元/平米')
('https://image1.ljcdn.com/610100-inspection/bfa0bf6e-2dfe-4230-ad97-893f97405136.jpg.296x216.jpg', '满二 精装修婚房标配 房本在手 交易方便快捷', '曲江澜山  ', '中楼层(共32层)板塔结合  -  曲江', '136万', '单价14632元/平米')
('', '紫薇田园都市J区 3室2厅 230万', '紫薇田园都市J区  ', '高楼层(共6层)板楼  -  高新', '230万', '单价17021元/平米')
('https://image1.ljcdn.com/610100-inspection/ad13a357-eee3-440d-8fb7-c9bef4b343e3.jpg.296x216.jpg', '三爻地铁口 四室 景苑新区 精装 南北 全明 楼层好', '景苑新区  ', '中楼层(共6层)板楼  -  曲江', '280万', '单价14797元/平米')
('', '田园公寓+六小+西沣路旁+高新区二期', '田园公寓  ', '中楼层(共23层)板塔结合  -  高新', '150万', '单价12390元/平米')
('https://image1.ljcdn.com/610100-inspection/78c6709f-c7d2-4e5a-b904-8a05a18747aa.jpg.296x216.jpg', '盛世长安经典两居室，小区中间，精装拎包入住业主急售', '盛世长安  ', '低楼层(共18层)板塔结合  -  长安', '115万', '单价14025元/平米')
('', '大华曲江公园世家 大一室 精装修', '大华曲江公园世家二期  ', '中楼层(共16层)塔楼  -  曲江', '130万', '单价17700元/平米')
('https://image1.ljcdn.com/610100-inspection/9c4e0e68-f810-4e71-8bfb-c24cf74d51ba.jpg.296x216.jpg', '曲江澜山 最 好 的户型 新出精装两居室 业主精心设计', '曲江澜山  ', '中楼层(共32层)板塔结合  -  曲江', '128万', '单价13864元/平米')
('https://image1.ljcdn.com/610100-inspection/39f87065-a192-486b-adc1-0f56e1d5c583.jpg.296x216.jpg', '西部大道 盛世长安 小三居 南北通透 中间楼层', '盛世长安  ', '低楼层(共31层)板塔结合  -  长安', '156万', '单价14929元/平米')
('https://image1.ljcdn.com/610100-inspection/732ba78c-a40c-460c-8a22-907f59478ceb.jpg.296x216.jpg', '陕师大附.小上学指标 南北通透 精装修 拎包入住', '万科城  ', '高楼层(共32层)暂无数据  -  长安', '185万', '单价20893元/平米')
('https://image1.ljcdn.com/610100-inspection/bb1f88f6-9c1c-4d43-82b4-f9fa5f01a707.jpg.296x216.jpg', '此房网签满五年，产证满二年，南北通透，采光好', '茗景城  ', '高楼层(共18层)板塔结合  -  长安', '272万', '单价13015元/平米')
('https://image1.ljcdn.com/610100-inspection/test-09f128da-782b-4db6-bb4a-26c639d79148.png.296x216.jpg', '吉源花园 3室2厅 143万', '吉源花园  ', '中楼层(共6层)板楼  -  长安', '143万', '单价11023元/平米')
('https://image1.ljcdn.com/610100-inspection/35bb1b90-f210-4622-9154-a3fd77dd3d27.jpg.296x216.jpg', '三爻地铁口 三室 景苑新区 带车位 精装 出售 南北', '景苑新区  ', '中楼层(共18层)板楼  -  曲江', '185万', '单价13300元/平米')
('https://image1.ljcdn.com/610100-inspection/c3c273a7-8613-41a6-9fde-5ac973097e6e.jpg.296x216.jpg', '精装修+满五满二，产证在手+看房方便+带高新六小', '田园公寓  ', '低楼层(共23层)板塔结合  -  高新', '190万', '单价12340元/平米')
('https://image1.ljcdn.com/610100-inspection/f45e15f6-e670-454c-83b6-4a0d858a4012.jpg.296x216.jpg', '天赐颐府 毛坯三居室 低楼层 适合刚需', '天赐颐府  ', '低楼层(共33层)塔楼  -  长安', '155万', '单价12602元/平米')
('', '紫薇田园都市J区 3室2厅 235万', '紫薇田园都市J区  ', '低楼层(共11层)板楼  -  高新', '235万', '单价18283元/平米')
('https://image1.ljcdn.com/610100-inspection/e3e4aa5b-0b57-4f73-90b9-2bfa75601247.jpg.296x216.jpg', '大华三期洋房 一楼带八九十平花园 南北通透 采光充足', '大华曲江公园世家三期  ', '低楼层(共6层)板楼  -  曲江', '550万', '单价18962元/平米')
('https://image1.ljcdn.com/610100-inspection/875074b5-c17d-4c78-a2ee-cf0792a71f37.jpg.296x216.jpg', '富力城南区 124平 精装3室 南北通透', '富力城南区  ', '高楼层(共28层)板楼  -  长安', '202万', '单价16297元/平米')
('', '紫薇三居+高新国际指标，业主诚心出售', '紫薇田园都市E区  ', '低楼层(共6层)板楼  -  高新', '300万', '单价25332元/平米')
('https://image1.ljcdn.com/610100-inspection/test-660304ed-cb67-450c-b464-9059ff896b67.png.296x216.jpg', '精装两室，家具家电全部赠送，急售', '西安航天城A区  ', '高楼层(共33层)板塔结合  -  长安', '128万', '单价15422元/平米')
('', '长安郭杜，南北通透，全明户型，简装三居室，可按揭', '早安林莊  ', '高楼层(共24层)暂无数据  -  长安', '190万', '单价12419元/平米')
('https://image1.ljcdn.com/610100-inspection/454ad1e0-76ae-4a24-8e96-1f12d998fe93.jpg.296x216.jpg', '悦明园两居 满三满二 小区环境好 配套成熟 业主诚售', '悦明园  ', '高楼层(共26层)板塔结合  -  长安', '125万', '单价11575元/平米')
('https://image1.ljcdn.com/610100-inspection/test-5a569555-8645-4008-8c53-aa34fdfd5be8.png.296x216.jpg', '富力城北区 精装三居室 南北通透好户型', '富力城北区  ', '低楼层(共24层)板楼  -  长安', '207万', '单价15778元/平米')
('https://image1.ljcdn.com/610100-inspection/test-b88fee72-18e5-4019-ab71-3a098eb80c0f.png.296x216.jpg', '精装+三居+全明户型+赠17平方+楼间距百米+地铁', '兰乔国际城  ', '低楼层(共27层)板塔结合  -  长安', '143万', '单价16203元/平米')
('https://image1.ljcdn.com/610100-inspection/test-a645baa6-c1bd-488b-b477-efabf0a5acfb.png.296x216.jpg', '成熟社区 三室南向好房 诚心卖 随时看房 采光好环境好', '卡布奇诺国际社区  ', '高楼层(共33层)板塔结合  -  曲江', '170万', '单价13389元/平米')
('https://image1.ljcdn.com/610100-inspection/test-cb60a7b0-ca5e-43f0-aaae-7e9d3116e05b.png.296x216.jpg', '精装修，南北通透 家具家电全带', '大华曲江公园世家三期  ', '中楼层(共18层)板塔结合  -  曲江', '240万', '单价20630元/平米')
('https://image1.ljcdn.com/610100-inspection/test-b980fd92-34d5-404b-87ec-8a88d3a67d3c.png.296x216.jpg', '三爻地铁口 景苑新区 精装 家具家电 三室 小区环境好', '景苑新区  ', '高楼层(共18层)板楼  -  曲江', '158万', '单价11359元/平米')
('https://image1.ljcdn.com/610100-inspection/21732fd4-ecdb-4547-b95b-f37c1a461924.jpg.296x216.jpg', '紫薇田园都市E区，带高新国际指标，离国际近坏境好。', '紫薇田园都市E区  ', '低楼层(共20层)板塔结合  -  高新', '300万', '单价21961元/平米')
('', '富力城北区精装三室，拎包入住。', '富力城北区  ', '低楼层(共24层)板塔结合  -  长安', '150万', '单价17089元/平米')
('https://image1.ljcdn.com/610100-inspection/9e305a47-2d4b-43f6-8c88-f985f58736c4.jpg.296x216.jpg', '紫薇G区+视野广阔+南北通透+全明户型', '紫薇田园都市G区  ', '高楼层(共6层)板楼  -  高新', '160万', '单价16302元/平米')
('https://image1.ljcdn.com/610100-inspection/d2ee75d0-ad8b-4bd7-b2d0-0f712adb1989.JPG.296x216.jpg', '房子属于花园洋房，大平层，南北通透', '大华曲江公园世家二期  ', '中楼层(共7层)板楼  -  曲江', '300万', '单价17648元/平米')
('https://image1.ljcdn.com/610100-inspection/test-7359e7e2-803c-4873-9b3b-12be1bcffbc9.png.296x216.jpg', '满三满二 房本在手空置房 随时可签', '西安航天城A区  ', '中楼层(共33层)板塔结合  -  长安', '123万', '单价16016元/平米')
('https://image1.ljcdn.com/610100-inspection/402e63cf-c8e1-44f2-9e48-6858862faaec.jpg.296x216.jpg', '紫薇田园都市  花园洋房   四居室 带大露台 送大车库', '紫薇田园都市K区  ', '低楼层(共3层)板楼  -  高新', '370万', '单价26892元/平米')
('', '精装两居 业主靠谱  配套齐全，小区环境优雅', '忆江南  ', '高楼层(共27层)塔楼  -  长安', '120万', '单价13484元/平米')
('https://image1.ljcdn.com/610100-inspection/f8b47256-ea6a-4f97-b8ca-b7178091afbc.jpg.296x216.jpg', '长征365+南北通透+标准四居+交通便利', '长征365  ', '中楼层(共18层)板楼  -  高新', '299万', '单价17633元/平米')
('https://image1.ljcdn.com/610100-inspection/797acb0c-0889-4329-b907-33030a173d36.jpg.296x216.jpg', '观山悦精装四室南北通透，楼层好，户型端正，环境优美', '曲江观山悦  ', '高楼层(共33层)板楼  -  曲江', '295万', '单价17306元/平米')
('https://image1.ljcdn.com/610100-inspection/02898789-3c6c-4571-8f5f-6792897dd47c.jpg.296x216.jpg', '地铁口+精装修+南向+标准一室一厅+证在手+靠谱出售', '吉源美郡  ', '高楼层(共7层)板楼  -  长安', '69万', '单价11218元/平米')
('https://image1.ljcdn.com/610100-inspection/d3c645e1-b46c-4648-a842-1caf0c7e126b.jpg.296x216.jpg', '大华曲江公园世家二期 4室洋房 南北通透 精装修', '大华曲江公园世家二期  ', '低楼层(共7层)板楼  -  曲江', '305万', '单价18374元/平米')
('https://image1.ljcdn.com/610100-inspection/test-29f6513f-26fd-4b70-ba67-c8b7887a7a79.png.296x216.jpg', '好房户型好 装修好 可拎包入住 总价低的三居', '卡布奇诺国际社区  ', '中楼层(共34层)板塔结合  -  曲江', '155万', '单价14486元/平米')
('https://image1.ljcdn.com/610100-inspection/test-c21d7adf-af81-4de9-9af4-6df5ef7fb451.png.296x216.jpg', '卡布奇诺国际社区 小区中间位置 中高楼层 视野好', '卡布奇诺国际社区  ', '高楼层(共33层)板塔结合  -  曲江', '104万', '单价16867元/平米')
('https://image1.ljcdn.com/610100-inspection/4cdd2561-fd60-45b2-bed5-3403d8db169b.jpg.296x216.jpg', '凤栖原地铁口，超划算电梯房，tou资办公shou选！！！', '信达小区  ', '低楼层(共16层)暂无数据  -  长安', '400万', '单价10724元/平米')
('https://image1.ljcdn.com/610100-inspection/test-b233c8d4-0190-4379-b767-64683f97925c.png.296x216.jpg', '紫薇田园都市E区   精装修  诚心出售 南北通透三室满2', '紫薇田园都市E区  ', '高楼层(共6层)板楼  -  高新', '220万', '单价16059元/平米')
('https://image1.ljcdn.com/610100-inspection/599444ba-c501-46e1-a498-06404f20be7c.jpg.296x216.jpg', '此房满五满二，大三居装修好采光足', '曲江澜山  ', '中楼层(共32层)板塔结合  -  曲江', '170万', '单价14383元/平米')
('', '木材公司小区 3室2厅 160万', '木材公司小区  ', '中楼层(共12层)暂无数据  -  长安', '160万', '单价12117元/平米')
('https://image1.ljcdn.com/610100-inspection/test-53546e2a-4fb6-416c-8834-9a68715a3a42.png.296x216.jpg', '吉源美郡 南北通透 公摊小 地铁 房 本在手 看房方便', '吉源美郡  ', '高楼层(共7层)板楼  -  长安', '106万', '单价11786元/平米')
('https://image1.ljcdn.com/610100-inspection/04a22d5f-222e-4d55-a4dd-56eb8b2e147d.jpg.296x216.jpg', '大华曲江公园世家  南北通透 四居室 采光好', '大华曲江公园世家二期  ', '中楼层(共5层)板楼  -  曲江', '429万', '单价15499元/平米')
('https://image1.ljcdn.com/610100-inspection/195585af-15d4-49c7-895d-d462757ac1fe.jpg.296x216.jpg', '国色天香 3室1厅 290万', '国色天香  ', '低楼层(共18层)板塔结合  -  长安', '290万', '单价21881元/平米')
('', '南北通透、房本在手、诚心出售！', '山水香堤  ', '高楼层(共25层)暂无数据  -  长安', '210万', '单价14736元/平米')
('', '纯南朝向，采光通风很好，配套设施齐全', '大华曲江公园世家二期  ', '低楼层(共17层)塔楼  -  曲江', '155万', '单价16518元/平米')
('https://image1.ljcdn.com/610100-inspection/baaae033-0340-4389-b2ae-5c443eee3a82.JPG.296x216.jpg', '近地  铁   ，户型方正，采光好，配套齐全', '大华曲江公园世家三期  ', '低楼层(共18层)板塔结合  -  曲江', '195万', '单价16811元/平米')
('https://image1.ljcdn.com/610100-inspection/bf28216a-b7bf-4bd8-a4fc-2512a7d7fdee.jpg.296x216.jpg', '万科城采光好，视野正对小区花园，户型方正', '万科城  ', '低楼层(共32层)暂无数据  -  长安', '160万', '单价18822元/平米')
('https://image1.ljcdn.com/610100-inspection/a0ef32e4-9a1e-4133-b66d-79e8492e5d81.jpg.296x216.jpg', '大华曲江公园世家，三居，毛坯，房本在手，产权清晰', '大华曲江公园世家三期  ', '高楼层(共32层)塔楼  -  曲江', '270万', '单价24060元/平米')
('https://image1.ljcdn.com/610100-inspection/2c909c3e-5735-4398-9d42-e5ca8b6cca2e.jpg.296x216.jpg', '长安区+智慧城+一居室大开间+业主靠谱出售', '智慧城  ', '低楼层(共25层)塔楼  -  长安', '74万', '单价14163元/平米')
('https://image1.ljcdn.com/610100-inspection/test-47b0ce87-e32e-457b-bdee-8b0c9a01c659.png.296x216.jpg', '紫薇C区带指标+精装修楼层底+不临街', '紫薇田园都市C区  ', '中楼层(共6层)板楼  -  高新', '260万', '单价20762元/平米')
('https://image1.ljcdn.com/610100-inspection/b878395e-defc-49f6-a13c-eea828f19fc7.jpg.296x216.jpg', '单价9600 南北通透精装大三居 三卧朝南 中间楼层', '嘉华住宅小区  ', '中楼层(共6层)板塔结合  -  长安', '148万', '单价9250元/平米')
('https://image1.ljcdn.com/610100-inspection/074f6bab-f9da-4cc3-abab-2eef92e00894.jpg.296x216.jpg', '西延澜山小区小区绿化高，交通方便，配套金辉广场', '西延澜山小区  ', '高楼层(共30层)板塔结合  -  曲江', '188万', '单价11989元/平米')
('https://image1.ljcdn.com/610100-inspection/5384a78d-952e-41ab-a334-946ae46c48bd.jpg.296x216.jpg', '紫薇田园都市G区  精装两居 南北通透 高新国际双指标', '紫薇田园都市G区  ', '低楼层(共6层)板楼  -  高新', '198万', '单价19224元/平米')
('', '西沣路  盛世长安  品质三居  价格可谈', '盛世长安  ', '高楼层(共18层)板塔结合  -  长安', '155万', '单价15901元/平米')
('https://image1.ljcdn.com/610100-inspection/57a51911-0a2e-4d09-8b91-42dff0e88c60.jpg.296x216.jpg', '智慧城 1室0厅 75万', '智慧城  ', '高楼层(共25层)塔楼  -  长安', '75万', '单价14911元/平米')
('https://image1.ljcdn.com/610100-inspection/9720cb8f-4033-4da3-b15e-9c77d2967b9a.jpg.296x216.jpg', '紫薇田园都市E区  南北通透  双卫 全明户型三居精装修', '紫薇田园都市E区  ', '高楼层(共6层)板楼  -  高新', '180万', '单价13260元/平米')
('https://image1.ljcdn.com/610100-inspection/95468198-8c03-48c6-bb77-1ef38b5a5f36.jpg.296x216.jpg', '锦业二路 海棠别馆 地铁六号线 小区环境优美配套完善', '海棠别馆  ', '高楼层(共26层)板塔结合  -  高新', '175万', '单价16377元/平米')
('', '正规两居室  商圈成熟 适合居住', '春天花园  ', '中楼层(共28层)塔楼  -  长安', '85万', '单价10228元/平米')
('', '小区中间 好位置 大两室 南北通透 诚心卖', '曲江澜山  ', '高楼层(共32层)板塔结合  -  曲江', '145万', '单价13552元/平米')
('https://image1.ljcdn.com/610100-inspection/test-23937773-5db9-4188-bd4d-2f4e3ae2753b.png.296x216.jpg', '高新国际指标+高新六小+阳光天地+电梯房+满五满二', '紫薇田园都市K区  ', '低楼层(共20层)板塔结合  -  高新', '235万', '单价17670元/平米')
('https://image1.ljcdn.com/610100-inspection/rsp_pic_uploadd627c744-6f17-47ad-9e9c-ca93f286ed63.jpg.296x216.jpg', '东尚蜂鸟 环境优美，交通便利，配套齐全', '东尚蜂鸟  ', '中楼层(共31层)塔楼  -  高新', '99万', '单价16500元/平米')
('https://image1.ljcdn.com/610100-inspection/df598a6d-1932-4f39-bd3b-43918e08fb87.jpg.296x216.jpg', '大华三期  精装修两居室 中间楼层  采光充足 业主诚售', '大华曲江公园世家三期  ', '中楼层(共18层)塔楼  -  曲江', '155万', '单价17311元/平米')
('https://image1.ljcdn.com/610100-inspection/98ce06c4-eccc-4346-9a8b-29b175c055c8.jpg.296x216.jpg', '新出曲江澜山好位置 两室精装带家具 科拎包入住', '曲江澜山  ', '高楼层(共32层)板塔结合  -  曲江', '130万', '单价14445元/平米')
('https://image1.ljcdn.com/610100-inspection/test-bbb2aa14-6733-4688-ab4f-0b27d088049c.png.296x216.jpg', '链家速递：航天城A区经典三室，满三满二，诚意出售。', '西安航天城A区  ', '低楼层(共30层)板塔结合  -  长安', '165万', '单价15069元/平米')
('https://image1.ljcdn.com/610100-inspection/97cbbd86-0880-4809-a080-bf6f9572c451.jpg.296x216.jpg', '高新区珀金地段锦业居+大四居+高新六小', '锦业居  ', '低楼层(共16层)暂无数据  -  高新', '278万', '单价13866元/平米')
('https://image1.ljcdn.com/610100-inspection/dd69c62a-c43c-4443-a771-00ab41fbfd92.jpg.296x216.jpg', '紫薇G区电梯两居+高新国际+阳光天地+业主靠谱', '紫薇田园都市G区  ', '中楼层(共20层)板塔结合  -  高新', '210万', '单价21699元/平米')
('https://image1.ljcdn.com/610100-inspection/159ea23c-2182-4639-aab9-204fe018aa61.jpg.296x216.jpg', '万科城E户型小四室送二次装修可观南山带指标', '万科城  ', '低楼层(共30层)板塔结合  -  长安', '187万', '单价21150元/平米')
('', '南北通透小三居 业主靠谱出售 雅居乐物业 环境优美', '西安雅居樂花園  ', '高楼层(共30层)暂无数据  -  长安', '155万', '单价17211元/平米')
('', '紫薇田园都市 南北通透 4+1户型，精装修带电梯带指标', '紫薇田园都市E区  ', '中楼层(共11层)板楼  -  高新', '345万', '单价19482元/平米')
('https://image1.ljcdn.com/610100-inspection/test-dfe29309-beb1-4400-8b51-fa36f0fd7fea.png.296x216.jpg', '大华三期  精装三居室  南北通透  户型方正  业主诚售', '大华曲江公园世家三期  ', '高楼层(共32层)塔楼  -  曲江', '150万', '单价15570元/平米')
('', '富力城南区 东南朝向 精装修 满五不满二', '富力城南区  ', '高楼层(共30层)板楼  -  长安', '160万', '单价17916元/平米')
('', '楼 王位置的标准顶复  豪 装  带逸翠园中 学 指 标', '长征365  ', '高楼层(共11层)板塔结合  -  高新', '450万', '单价21135元/平米')
('https://image1.ljcdn.com/610100-inspection/674823d7-d1ee-44eb-b0c0-f121bcff05eb.jpg.296x216.jpg', '交通方便+配套成熟+阳光天地+高新六小', '锦业居  ', '中楼层(共15层)板楼  -  高新', '255万', '单价15738元/平米')
('https://image1.ljcdn.com/610100-inspection/fe561fd9-8fd3-43ab-8542-020c6e6b6ae4.jpg.296x216.jpg', '带高新国际指标 高新六小  满五满二  随时签约', '紫薇田园都市H区  ', '低楼层(共20层)板塔结合  -  高新', '205万', '单价21200元/平米')
('https://image1.ljcdn.com/610100-inspection/4ec21e59-d5d6-4df0-94d8-6c3bb9fff846.jpg.296x216.jpg', '大学城板块电梯小洋房 南北通透 两室两卫', '国色天香  ', '中楼层(共6层)暂无数据  -  长安', '185万', '单价19919元/平米')
('https://image1.ljcdn.com/610100-inspection/c3da0c8c-3110-4976-b6b8-791fbdb744e9.JPG.296x216.jpg', '大华公园世家+南北通透+精装三室+楼层好', '大华曲江公园世家二期  ', '高楼层(共16层)板塔结合  -  曲江', '180万', '单价19912元/平米')
('https://image1.ljcdn.com/610100-inspection/78f14d9e-ab59-4e6d-93bd-a9606cad7168.jpg.296x216.jpg', '天都佳苑+高楼层 +精装修 +拎包入住', '天都佳苑  ', '高楼层(共31层)塔楼  -  长安', '124万', '单价12910元/平米')
('https://image1.ljcdn.com/610100-inspection/test-4d3f6c60-96b6-474d-8734-6661181c80d1.png.296x216.jpg', '温馨小两室 简欧风格 全明户型 带阳台 不临街', '卡布奇诺国际社区  ', '高楼层(共33层)板塔结合  -  曲江', '109万', '单价16318元/平米')
('https://image1.ljcdn.com/610100-inspection/225146a7-f855-4d21-ac2b-c7f3c1706b31.jpg.296x216.jpg', '曲江澜山 中间楼层精装修 西南朝向 采光良好', '曲江澜山  ', '中楼层(共32层)板塔结合  -  曲江', '140万', '单价14535元/平米')
('https://image1.ljcdn.com/610100-inspection/1a2c9c57-7fb6-43de-a983-1c7d1f22de2c.jpg.296x216.jpg', '满五满二，标准的正地铁房，配套齐全，生活方便。', '长安新花园  ', '高楼层(共7层)板楼  -  长安', '110万', '单价7891元/平米')
('', '大华曲江公园世家+LOFT户型，精装两室', '大华曲江公园世家三期  ', '中楼层(共31层)板塔结合  -  曲江', '180万', '单价16870元/平米')
('https://image1.ljcdn.com/610100-inspection/0f59c496-b0f6-40e8-a9ec-73cde75c9f37.jpg.296x216.jpg', '航天城四号线地铁口南北通透大三居+两梯两户+带车位！', '山水岭秀  ', '中楼层(共21层)暂无数据  -  长安', '205万', '单价14298元/平米')
('https://image1.ljcdn.com/610100-inspection/1d5a48f9-c079-419b-b8f8-5b36d3a1efb5.jpg.296x216.jpg', '曲江观山悦精装两居室，拎包入住', '曲江观山悦  ', '低楼层(共28层)板塔结合  -  曲江', '165万', '单价17369元/平米')
('', '华美十字 朝华美域 精装自住两室 产权清晰 交通便利', '朝华美域  ', '中楼层(共18层)塔楼  -  长安', '120万', '单价13578元/平米')
('', '紫薇田园都市，精装，经典三室户型，南北通透，电梯房', '紫薇田园都市J区  ', '低楼层(共20层)板塔结合  -  高新', '260万', '单价18845元/平米')
('https://image1.ljcdn.com/610100-inspection/fc32638c-a1c7-422c-834b-840932c87065.jpg.296x216.jpg', '曲江观山悦 户型方正 环境优雅 交通便利', '曲江观山悦  ', '低楼层(共32层)板楼  -  曲江', '280万', '单价16185元/平米')
('https://image1.ljcdn.com/610100-inspection/b35f027a-c088-4611-aeef-6823cecabddc.jpg.296x216.jpg', '吉泰花园 精装三居室 看房方便 交通便利 业主靠谱出售', '吉泰花园  ', '高楼层(共6层)板楼  -  长安', '142万', '单价10783元/平米')
('https://image1.ljcdn.com/610100-inspection/f453739f-f04c-4792-aca6-406aed29fdbe.JPG.296x216.jpg', '大华公园世家二期正规两室，精装修', '大华曲江公园世家二期  ', '中楼层(共16层)板塔结合  -  曲江', '180万', '单价19859元/平米')
('https://image1.ljcdn.com/610100-inspection/f506bad5-d394-45e3-a981-b9547a9b525d.jpg.296x216.jpg', '高品质小区 刚需精装南北通透小三居可按揭 楼层好', '西安雅居樂花園  ', '低楼层(共30层)暂无数据  -  长安', '165万', '单价16747元/平米')
('https://image1.ljcdn.com/610100-inspection/b031c3e5-c14b-4e79-8422-57e449aa9e02.jpg.296x216.jpg', '万科城 三居 南北 精装 中高楼', '万科城  ', '中楼层(共32层)暂无数据  -  长安', '175万', '单价19815元/平米')
('https://image1.ljcdn.com/610100-inspection/c0089d49-f4e7-4f73-a1d4-03511afa992d.JPG.296x216.jpg', '大华曲江公园世家，品质小区，南北通透毛坯大三居。', '大华曲江公园世家二期  ', '高楼层(共7层)板楼  -  曲江', '320万', '单价19947元/平米')
('https://image1.ljcdn.com/610100-inspection/8ab06103-3de0-467f-9bf8-bbe66813cb6e.jpg.296x216.jpg', '富力城大两居室，南北通透格局，采光良好，', '富力城南区  ', '低楼层(共24层)板塔结合  -  长安', '180万', '单价16364元/平米')
('https://image1.ljcdn.com/610100-inspection/062636f0-3618-415f-8608-e70cb0934ccf.jpg.296x216.jpg', '紫薇两居+临国际幼儿园，临高新国际', '紫薇田园都市E区  ', '低楼层(共20层)板塔结合  -  高新', '185万', '单价17231元/平米')
('', '业主靠谱出售，带地下车位，装修的比较好，带电梯', '紫薇田园都市E区  ', '高楼层(共11层)板楼  -  高新', '300万', '单价21898元/平米')
('https://image1.ljcdn.com/610100-inspection/8fc3f6c9-bb29-40b3-aca5-6817a8836f7c.jpg.296x216.jpg', '圣合家园靖宁小区 2室2厅 120万', '圣合家园靖宁小区  ', '低楼层(共12层)暂无数据  -  长安', '120万', '单价12810元/平米')
('', '天赐颐府+毛坯大四居+小区人车分流环境好+诚心出售！', '天赐颐府  ', '中楼层(共33层)塔楼  -  长安', '258万', '单价14992元/平米')
('', '紫薇田园都市G区 国际近 商场近公园', '紫薇田园都市G区  ', '中楼层(共6层)板楼  -  高新', '260万', '单价20774元/平米')
('https://image1.ljcdn.com/610100-inspection/a53b8850-29b1-495b-85d7-e96595b12892.jpg.296x216.jpg', '六小三中 满五满二 看房方便 可靠签约 可按揭 不临街', '腾业南院  ', '高楼层(共27层)板塔结合  -  高新', '195万', '单价19133元/平米')
('https://image1.ljcdn.com/610100-inspection/test-8620c806-63f3-46b1-b198-5c033e7938c4.png.296x216.jpg', '毛坯两居+业主诚售+人车分流+小区环境优美', '天赐颐府  ', '低楼层(共26层)板塔结合  -  长安', '136万', '单价14424元/平米')
('https://image1.ljcdn.com/610100-inspection/dc05bce6-1b0f-4ca1-9cf2-4a451aadc830.jpg.296x216.jpg', '天赐颐府四居室+毛坯房+楼层好', '天赐颐府  ', '高楼层(共33层)塔楼  -  长安', '240万', '单价13937元/平米')
('https://image1.ljcdn.com/610100-inspection/0150cd2e-5711-4019-9ffd-bf689243bc7f.jpg.296x216.jpg', '忆江南，三居优质户型，精装修房屋，小区环境优美。', '忆江南  ', '低楼层(共27层)板塔结合  -  长安', '150万', '单价14576元/平米')
('https://image1.ljcdn.com/610100-inspection/test-ad47a2e2-0f74-4540-aca4-833912e20405.png.296x216.jpg', '三爻地铁口 景苑新区 全明 三室 南北 精装 满二', '景苑新区  ', '中楼层(共18层)板楼  -  曲江', '190万', '单价13700元/平米')
('https://image1.ljcdn.com/610100-inspection/test-ed6b17ca-54a7-44a6-b459-30d206af58d4.png.296x216.jpg', '天赐颐府+毛坯+三居室+南北通透', '天赐颐府  ', '低楼层(共18层)板楼  -  长安', '195万', '单价14253元/平米')
('https://image1.ljcdn.com/610100-inspection/a16b8974-ae67-4b6a-8531-a84f4ad4e541.jpg.296x216.jpg', '此房满五满二且唯一，南北通透，交通便利配套成熟！', '长安新都市  ', '高楼层(共16层)板楼  -  长安', '170万', '单价11469元/平米')
('', '业主诚心出售，家具家电都带，有租户，提前约', '吉源美郡  ', '高楼层(共7层)板楼  -  长安', '90万', '单价10117元/平米')
('', '买别墅必看，500平+面积，超大地下室，毛坯随心改造', '枫丹白露苑  ', '低楼层(共2层)暂无数据  -  长安', '1050万', '单价18764元/平米')
('', '此房两梯三户，户型合理，大2居，明厨明卫。低楼层', '盛世长安  ', '低楼层(共18层)板塔结合  -  长安', '130万', '单价15854元/平米')
('', '此房满三满二，精装修。阳光天地+成熟配套', '海棠别馆  ', '低楼层(共26层)板塔结合  -  高新', '153万', '单价17387元/平米')
('https://image1.ljcdn.com/610100-inspection/e7947362-791a-49aa-831a-28da16a9ffa1.jpg.296x216.jpg', '悦明园 交通便利 品质社区 南北通透 小区环境好', '悦明园  ', '高楼层(共5层)板楼  -  长安', '187万', '单价8642元/平米')
('https://image1.ljcdn.com/610100-inspection/a5305a1d-4237-4624-9e16-7a5e4ed5abce.JPG.296x216.jpg', '房子户型方正，纯南户型，小区少有户型', '大华曲江公园世家二期  ', '中楼层(共16层)板塔结合  -  曲江', '125万', '单价17832元/平米')
('https://image1.ljcdn.com/610100-inspection/72a3f437-5f12-4385-b937-d06b465a8d28.jpg.296x216.jpg', '吉源美郡  地铁口精装三居室  交通便利 配套成熟', '吉源美郡  ', '低楼层(共6层)板楼  -  长安', '170万', '单价12500元/平米')
('https://image1.ljcdn.com/610100-inspection/7e69a607-0ac9-48bd-b661-3cad478e2ce6.jpg.296x216.jpg', '万科城精装房 满五满二 南北通透 中间楼层', '万科城  ', '高楼层(共30层)板塔结合  -  长安', '172万', '单价20000元/平米')
('https://image1.ljcdn.com/610100-inspection/test-19ea0e62-1c6a-42a6-b146-dbe268b2e98b.png.296x216.jpg', '三爻地铁口 景苑新区 精装 家具家电 三室 小区环境好', '景苑新区  ', '高楼层(共6层)板楼  -  曲江', '160万', '单价12223元/平米')
('https://image1.ljcdn.com/610100-inspection/test-37e7f642-bd7f-4ab1-b120-9f2331691166.png.296x216.jpg', '环境好 三室好房 带装修 带位置 诚心卖 可按揭哦', '卡布奇诺国际社区  ', '低楼层(共33层)板塔结合  -  曲江', '190万', '单价14961元/平米')
('https://image1.ljcdn.com/610100-inspection/1359b91b-0478-4fbc-b99b-5a8a0a75a1ed.jpg.296x216.jpg', '精装修 业主自住 拎包入住 随时签约', '长安新都市  ', '高楼层(共16层)板楼  -  长安', '200万', '单价13493元/平米')
('', '曲江澜山 东南向两室 满二 中高楼层采光好 精装修', '曲江澜山  ', '中楼层(共32层)板塔结合  -  曲江', '130万', '单价13590元/平米')
('https://image1.ljcdn.com/610100-inspection/test-f1308e22-2427-42c5-85af-2015b41470f8.png.296x216.jpg', '房子采光好，楼层好。大三居室，西南北户型', '天赐颐府  ', '低楼层(共33层)塔楼  -  长安', '205万', '单价14077元/平米')
('', '曲江观赏悦+交通便利、配套齐全、满三满二、无增值税', '曲江观山悦  ', '中楼层(共28层)板楼  -  曲江', '358万', '单价19950元/平米')
('', '一层板楼 南北通透三居 满五唯一 精装修', '景苑新区  ', '低楼层(共6层)板楼  -  曲江', '167万', '单价12757元/平米')
('https://image1.ljcdn.com/610100-inspection/ef94491d-05ce-4312-a570-a900b4b00633.jpg.296x216.jpg', '雅居乐地产 环境好 采光好 视野好', '西安雅居樂花園  ', '高楼层(共30层)暂无数据  -  长安', '152万', '单价16364元/平米')
('https://image1.ljcdn.com/610100-inspection/6f88e379-7c62-45c7-9ad0-69e0c8dc9dad.jpg.296x216.jpg', '西钞沁园+樱花广场+毛坯三居+产证在手无抵押+诚心出售', '西钞沁园  ', '高楼层(共6层)板楼  -  长安', '220万', '单价14966元/平米')
('https://image1.ljcdn.com/610100-inspection/test-daa66ef6-ded2-4d71-910e-d19544e270f2.png.296x216.jpg', '富力城南北通透 精装三室 满二产证在手中间楼层采光好', '富力城南区  ', '中楼层(共11层)板楼  -  长安', '260万', '单价18572元/平米')
('https://image1.ljcdn.com/610100-inspection/rsp_pic_upload40468f2a-6fe3-42fc-b2c9-11c053e9aa46.JPG.296x216.jpg', '大华公园世家 精装修三室 南北通透 无增值税', '大华曲江公园世家一期  ', '中楼层(共5层)板楼  -  曲江', '365万', '单价15788元/平米')
('https://image1.ljcdn.com/610100-inspection/test-cf1b7bd5-c46b-460c-ba30-ba28deb60d78.png.296x216.jpg', '三期三居室（赠送居室）  南北通透  明厨明卫 不临街', '大华曲江公园世家三期  ', '低楼层(共32层)塔楼  -  曲江', '185万', '单价16624元/平米')
('https://image1.ljcdn.com/610100-inspection/test-7adc182d-3dbb-4469-b432-2906da339d7a.png.296x216.jpg', '曲江观山悦毛坯大三居+满三满二房本在手+楼层好不临街', '曲江观山悦  ', '高楼层(共28层)板楼  -  曲江', '250万', '单价17968元/平米')
('https://image1.ljcdn.com/610100-inspection/test-987f000c-7872-492e-b20f-5c839912c86d.png.296x216.jpg', '房子为南北通透，精装修，精品两居', '富力城南区  ', '低楼层(共24层)暂无数据  -  长安', '153万', '单价16364元/平米')
('https://image1.ljcdn.com/610100-inspection/rsp_pic_upload8c862e03-b3a2-471d-af29-cce9236c1a34.jpg.296x216.jpg', '长安智慧城 一楼底商 毛坯房 房本在手 可做餐饮，银行', '智慧城  ', '低楼层(共25层)暂无数据  -  长安', '3826万', '单价34995元/平米')
('https://image1.ljcdn.com/610100-inspection/test-3cd9ba8a-e7f9-4bfd-a5b8-6898fd98b560.png.296x216.jpg', '小区环境好，大开发商，楼不临街，适合居住，配套成熟', '雅居乐铂琅峯  ', '高楼层(共31层)暂无数据  -  长安', '350万', '单价24836元/平米')
('', '大华正规三室 南北通透 满三满二可按揭', '大华曲江公园世家三期  ', '低楼层(共32层)塔楼  -  曲江', '180万', '单价16721元/平米')
('', '景苑新区  精装三居 南北通透 近地铁 靠谱出售', '景苑新区  ', '高楼层(共6层)板楼  -  曲江', '160万', '单价12220元/平米')
('https://image1.ljcdn.com/610100-inspection/65a5c6e9-513f-44a3-bce8-6f95483ffcb4.jpg.296x216.jpg', '西沣路 盛世长安 大三居 南北通透 户型合理   云轨旁', '盛世长安  ', '高楼层(共18层)板塔结合  -  长安', '185万', '单价15034元/平米')
('https://image1.ljcdn.com/610100-inspection/5807c01f-9904-4e77-b8ab-a48cf681a949.jpg.296x216.jpg', '精装三室带电梯洋房，南北通透采光好，送入户花园。', '国色天香  ', '中楼层(共5层)暂无数据  -  长安', '300万', '单价20980元/平米')
('https://image1.ljcdn.com/610100-inspection/93b58796-8166-4756-87ae-f9c5b9b10686.jpg.296x216.jpg', '智慧城 长安区子午大道 成熟小区 长安大学城两居室', '智慧城  ', '低楼层(共9层)板楼  -  长安', '120万', '单价14177元/平米')
('https://image1.ljcdn.com/610100-inspection/test-c4ee5639-b7e6-4563-ba92-ecb22dfd22b5.png.296x216.jpg', '高新六小+高新三中+6号线地铁口+新小区', '海棠别馆  ', '高楼层(共26层)板塔结合  -  高新', '138万', '单价17337元/平米')
('https://image1.ljcdn.com/610100-inspection/74b86466-2f32-433b-9c6c-97d683ad10c4.jpg.296x216.jpg', '卡布奇诺+精装小三室+满三满二+交通便利', '卡布奇诺国际社区  ', '低楼层(共33层)板塔结合  -  曲江', '125万', '单价15093元/平米')
('https://image1.ljcdn.com/610100-inspection/test-195076e0-203d-4341-867a-62c4a7dc448f.png.296x216.jpg', '曲江澜山精装两室，满三满二，交税少，交通便利', '曲江澜山  ', '中楼层(共32层)板塔结合  -  曲江', '118万', '单价14250元/平米')
('https://image1.ljcdn.com/610100-inspection/32e13474-3d81-473c-ab86-84a5acb54e77.jpg.296x216.jpg', '高新六小+高新三中+号线地铁口+新小区', '海棠别馆  ', '高楼层(共26层)板塔结合  -  高新', '99万', '单价16883元/平米')
('https://image1.ljcdn.com/610100-inspection/rsp_pic_uploadc92dba02-f30c-4d71-8b0e-291631315629.jpg.296x216.jpg', '长安智慧城 一楼底商 毛坯房 房本在手 可做餐饮', '智慧城  ', '低楼层(共25层)暂无数据  -  长安', '268万', '单价35033元/平米')
('https://image1.ljcdn.com/610100-inspection/3c64693a-a6f2-4756-8691-fb72f1b0238b.jpg.296x216.jpg', '西沣路  翠堤湾  精品一居  拎包入住', '翠堤湾  ', '中楼层(共25层)板塔结合  -  长安', '57万', '单价12046元/平米')
('', '大华公园世家四期 精装南北通透大两室 客厅带阳台', '大华曲江公园世家四期  ', '低楼层(共26层)板塔结合  -  曲江', '195万', '单价17686元/平米')
('', '二加一户型+赠送面积+阳光天地+K区花园洋房+高新国际', '紫薇田园都市K区  ', '低楼层(共3层)板楼  -  高新', '250万', '单价27473元/平米')
('https://image1.ljcdn.com/610100-inspection/e3a37f52-c779-4529-a98d-b054041caf8b.jpg.296x216.jpg', '城南长安区 吉源花园 三居室 南北通 精装修 中间楼层', '吉源花园  ', '中楼层(共7层)板楼  -  长安', '102万', '单价10441元/平米')
('https://image1.ljcdn.com/610100-inspection/test-265c0b4c-7954-43fc-b332-d116fae784bc.png.296x216.jpg', '此房满五满二没有增值税，精装修户型方正，采光好', '曲江澜山  ', '低楼层(共32层)板塔结合  -  曲江', '125万', '单价13539元/平米')
('https://image1.ljcdn.com/610100-inspection/2f8fa71c-cef0-4dce-8476-a9afb9af5118.jpg.296x216.jpg', '紫薇田园都市大两居+电梯+高新国际指标精装修', '紫薇田园都市E区  ', '高楼层(共20层)板塔结合  -  高新', '205万', '单价18970元/平米')
('https://image1.ljcdn.com/610100-inspection/test-382c23e9-7fa3-4f41-bc55-167e37ceaf62.png.296x216.jpg', '曲江二期，精装修，带40平米花园，有车位，可按揭', '大华曲江公园世家二期  ', '低楼层(共7层)板楼  -  曲江', '355万', '单价22612元/平米')
('https://image1.ljcdn.com/610100-inspection/90db32fe-5bb9-4a8e-9f98-f3e1edaddf11.jpg.296x216.jpg', '翠堤湾，南北通透三居，精装修。小区自带幼儿园。', '翠堤湾  ', '中楼层(共26层)暂无数据  -  长安', '148万', '单价14830元/平米')
('https://image1.ljcdn.com/610100-inspection/08f3a7d3-bcfd-4966-b674-6db7e110b596.jpg.296x216.jpg', '腾业南院 H装全配大四室 128+30P赠送', '腾业南院  ', '高楼层(共27层)板楼  -  高新', '260万', '单价20378元/平米')
('https://image1.ljcdn.com/610100-inspection/7ea4b1ba-2273-44f9-acf3-fd2568a158c1.jpg.296x216.jpg', '长安悦明园 电梯房 环境优美 配套成熟 业主诚心出售', '悦明园  ', '低楼层(共26层)板塔结合  -  长安', '133万', '单价12874元/平米')
('https://image1.ljcdn.com/610100-inspection/test-b320f300-4440-4052-9df3-7305534e7ce6.png.296x216.jpg', '纯南朝向，精装修，优质两居室，格局好', '富力城南区  ', '高楼层(共11层)板塔结合  -  长安', '150万', '单价17046元/平米')
('', '高新国际高新六小，带电梯，hao华装修，改善大三居', '紫薇田园都市K区  ', '高楼层(共20层)板塔结合  -  高新', '290万', '单价20280元/平米')
('https://image1.ljcdn.com/x-se/hdic-frame/b3fa4ca0-7567-46ed-aae5-b95e1a994f81.png.280x210.jpg', '高新区  西部大道 林隐天下 精装一居 朝南 阳光天地', '林隐天下  ', '中楼层(共32层)板塔结合  -  长安', '70万', '单价12728元/平米')
('', '南大学城 爱蓝堡 精装一室一厅 东南朝向 配套成熟', '爱蓝堡  ', '高楼层(共23层)暂无数据  -  长安', '85万', '单价14511元/平米')
('https://image1.ljcdn.com/610100-inspection/7bb91053-3109-4c7d-978b-0d8ddd761baf.jpg.296x216.jpg', '紫薇田园都市 高新国际 高新六小 南北通透 证在手电梯', '紫薇田园都市G区  ', '中楼层(共12层)板楼  -  高新', '248万', '单价18788元/平米')
('https://image1.ljcdn.com/610100-inspection/b4302944-4e4e-4f5e-a7d7-89479182b437.jpg.296x216.jpg', '海棠别馆精装小三居+高新六小，，，，，', '海棠别馆  ', '高楼层(共26层)板塔结合  -  高新', '175万', '单价19978元/平米')
('https://image1.ljcdn.com/610100-inspection/bf388cde-238f-4055-b10d-c5730ced7eb2.jpg.296x216.jpg', '品质小区+交通便利+双地铁+两居室+卫浴全明+拎包入住', '卡布奇诺国际社区  ', '低楼层(共33层)板塔结合  -  曲江', '109万', '单价16680元/平米')
('https://image1.ljcdn.com/610100-inspection/7615b833-7126-47a7-8333-e30cf04f67f4.jpg.296x216.jpg', '长安区长安广场北侧，配套成熟，地段繁华，交通便利', '长安新都市  ', '高楼层(共6层)板楼  -  长安', '132万', '单价13350元/平米')
('https://image1.ljcdn.com/610100-inspection/test-e1abbcf8-18a9-44f6-84d5-311c77dd4b5a.png.296x216.jpg', '富力城南区 精装修 三居室 南北通透 全新住房', '富力城南区  ', '中楼层(共24层)暂无数据  -  长安', '200万', '单价16156元/平米')
('https://image1.ljcdn.com/610100-inspection/103c1214-fe06-4ca0-9219-0898742f43b9.JPG.296x216.jpg', '天赐颐府+两居室+精装修+纯南户型', '天赐颐府  ', '低楼层(共26层)板塔结合  -  长安', '160万', '单价16744元/平米')
('https://image1.ljcdn.com/610100-inspection/091eca2d-3111-4032-a49f-d0bc28cb4dae.jpg.296x216.jpg', '海棠别馆+简装四居+锦业二路+南北通透+地铁六号线', '海棠别馆  ', '中楼层(共15层)板塔结合  -  高新', '209万', '单价17667元/平米')
('', '一楼带花园+带高新国际指标+南北户型+大型购物商城', '紫薇田园都市D区  ', '低楼层(共6层)板楼  -  高新', '310万', '单价26272元/平米')
('', '顶楼复式，带车位，带电梯，有指标，装修精美', '紫薇田园都市J区  ', '高楼层(共11层)板楼  -  高新', '370万', '单价19474元/平米')
('', '早安林莊顶层复式，毛坯，可按揭', '早安林莊  ', '高楼层(共5层)板塔结合  -  长安', '350万', '单价13547元/平米')
('', '吉丰小区  满二   凤栖原地铁口  交通便利  配套成熟', '吉丰小区  ', '高楼层(共6层)暂无数据  -  长安', '95万', '单价10256元/平米')
('https://image1.ljcdn.com/610100-inspection/6d4ec025-f8d0-4562-bf7e-65e5c16bc3c6.JPG.296x216.jpg', '大华二期洋房 毛坯空置 南北通透  有地下室', '大华曲江公园世家二期  ', '中楼层(共5层)板楼  -  曲江', '446万', '单价17193元/平米')
('https://image1.ljcdn.com/610100-inspection/a757536f-0fe0-4863-8ff1-b8f7b5ac9ada.jpg.296x216.jpg', '长安区阔绰三居，业主急售，户型规整，布局合理', '早安林莊  ', '中楼层(共27层)暂无数据  -  长安', '160万', '单价13009元/平米')
('https://image1.ljcdn.com/610100-inspection/a9e7237c-c481-4281-85d2-b12f9061da0f.jpg.296x216.jpg', '亿江南 带电梯 小板楼 南北通透 全新三居室带家电家具', '忆江南  ', '高楼层(共6层)暂无数据  -  长安', '172万', '单价14148元/平米')
('https://image1.ljcdn.com/610100-inspection/test-ebc80dfd-5d1c-4b0c-bae5-da729184e6f7.png.296x216.jpg', '满五满二  实心出售 南北通透 六小隔壁你懂得', '紫薇田园都市B区  ', '高楼层(共6层)板楼  -  高新', '155万', '单价16146元/平米')
('https://image1.ljcdn.com/610100-inspection/test-cc4cacfb-f06d-452b-9077-98a68810bdb3.png.296x216.jpg', '精装修拎包入住+带指标+产证在手满五满二+阳光天地', '紫薇田园都市J区  ', '低楼层(共6层)板楼  -  高新', '140万', '单价25483元/平米')
('https://image1.ljcdn.com/610100-inspection/d3dd0f4e-3d1b-487d-b9ce-ad5177109244.jpg.296x216.jpg', '吉源美郡  地铁口大两居室刚需户型 业主靠谱出售', '吉源美郡  ', '中楼层(共6层)板楼  -  长安', '117万', '单价12740元/平米')
('https://image1.ljcdn.com/610100-inspection/5ac6489c-966f-4668-9fb8-cb89253c88c4.jpg.296x216.jpg', '盛世长安  居家三室  业主诚心出售 随时看房', '盛世长安  ', '低楼层(共18层)板塔结合  -  长安', '152万', '单价16345元/平米')
('https://image1.ljcdn.com/610100-inspection/6d0e7571-3b07-4aff-822d-e1ce0034894b.jpg.296x216.jpg', '底跃+配套全+环境好+不可错失+西电fu小', '雅居乐铂琅峯  ', '低楼层(共31层)暂无数据  -  长安', '380万', '单价18921元/平米')
('', '高新国际，高新六小+阳光天地+带花园+地铁，云轨交错', '紫薇田园都市J区  ', '低楼层(共6层)板楼  -  高新', '238万', '单价25069元/平米')
('', '大学城旁 纯南户型 2居室 精装 带家具家电出售', '西安雅居樂花園  ', '中楼层(共30层)暂无数据  -  长安', '158万', '单价17163元/平米')
('', '高新国际  高新六小  阳光天地  交通便利  有电梯', '紫薇田园都市J区  ', '高楼层(共11层)板楼  -  高新', '295万', '单价22166元/平米')
('https://image1.ljcdn.com/610100-inspection/rsp_pic_upload76a4fbed-e84e-4510-a6ad-f72971e758b9.jpg.296x216.jpg', '大华三期 纯南两居 毛坯  赠送面积大 可改三居室', '大华曲江公园世家三期  ', '中楼层(共18层)板塔结合  -  曲江', '173万', '单价19140元/平米')
('https://image1.ljcdn.com/610100-inspection/29b375c9-bf2b-4d89-86ed-fb4fd611d119.jpg.296x216.jpg', '满五满二，精装修，楼层高采光足，小区国际化社区。', '卡布奇诺国际社区  ', '高楼层(共33层)板塔结合  -  曲江', '140万', '单价16868元/平米')
('https://image1.ljcdn.com/610100-inspection/c98e82d1-a503-4f3d-ae90-54674c5aa2e6.JPG.296x216.jpg', '南北通透复式户型  看房有钥匙  可按揭 业主诚售', '大华曲江公园世家三期  ', '低楼层(共31层)板塔结合  -  曲江', '145万', '单价13698元/平米')
('https://image1.ljcdn.com/610100-inspection/test-284f9003-7666-44ab-a99f-cec7adee0d82.png.296x216.jpg', '大华公园世家 精装两室 小高层 视野宽广 四号线', '大华曲江公园世家三期  ', '中楼层(共18层)板塔结合  -  曲江', '165万', '单价18257元/平米')
('https://image1.ljcdn.com/610100-inspection/6a3e0f8d-ea29-4bf5-9b2d-0443a66dbaa9.jpg.296x216.jpg', '满五满二，全明户型，不临街，诚心出售，家具家电全带', '智慧城五期  ', '低楼层(共26层)暂无数据  -  长安', '175万', '单价17500元/平米')
('https://image1.ljcdn.com/610100-inspection/9e6e7134-bc3c-4934-8352-346f1533218a.jpg.296x216.jpg', '紫薇田园都市中 心花园房，南北通透，自住装修房。', '紫薇田园都市D区  ', '中楼层(共6层)板楼  -  高新', '265万', '单价19344元/平米')
('https://image1.ljcdn.com/610100-inspection/1db0570b-05b0-4544-a649-9c0dc288ec5e.jpg.296x216.jpg', '紫薇南北通透大三居  配套成熟  六小三中  低层房', '紫薇田园都市D区  ', '低楼层(共6层)板楼  -  高新', '220万', '单价16173元/平米')
('', '东尚蜂鸟  正规一居室 带六小三中校区 可按揭 急售！', '东尚蜂鸟  ', '高楼层(共31层)塔楼  -  高新', '97万', '单价15997元/平米')
('https://image1.ljcdn.com/x-se/hdic-frame/972ea855-910d-4e9b-9178-fcd997880932.png.280x210.jpg', '三居+户型整齐 楼栋位置优越 综合条件优越', '紫薇田园都市J区  ', '高楼层(共6层)板楼  -  高新', '225万', '单价16424元/平米')
('', '楼层好，视野宽阔，采光充足，小区环境优雅', '富力城北区  ', '高楼层(共24层)板塔结合  -  长安', '143万', '单价16073元/平米')
('', '枫丹白露苑+交通便利+户型方正+生活便利+环境优美', '枫丹白露苑  ', '高楼层(共28层)暂无数据  -  长安', '100万', '单价10133元/平米')
('https://image1.ljcdn.com/610100-inspection/a3086fdb-0de0-42c8-9c04-ae521831e295.jpg.296x216.jpg', '满五满二，简装修，位置好，南北通透', '智慧城  ', '中楼层(共10层)暂无数据  -  长安', '155万', '单价13144元/平米')
('https://image1.ljcdn.com/610100-inspection/dd3cd8f5-3921-4b57-b31f-48853f61c844.jpg.296x216.jpg', '地铁2号线凤栖原地铁口 精装大两居 两卧带5平大阳台', '祥泰家园  ', '中楼层(共13层)暂无数据  -  长安', '131万', '单价12988元/平米')
('https://image1.ljcdn.com/610100-inspection/test-6e659322-dfbe-4064-b844-847d9a2f5ac6.png.296x216.jpg', '高新六小+南北通透+全明+精装+楼新+地铁，云轨交错', '腾业南院  ', '高楼层(共27层)板塔结合  -  高新', '206万', '单价18231元/平米')
('https://image1.ljcdn.com/610100-inspection/test-523e9ff6-462c-4818-b4e7-39b922799791.png.296x216.jpg', '融发心园 方正两居 南北通透 赠送70平大露台', '融发心园  ', '低楼层(共20层)板楼  -  长安', '140万', '单价15380元/平米')
('https://image1.ljcdn.com/610100-inspection/da27bd87-b501-4cd7-9dce-42f9ab7b6255.jpg.296x216.jpg', '万科城 新房 品质小区高  板式楼 位置好 不临街', '万科城  ', '低楼层(共34层)板塔结合  -  长安', '130万', '单价20635元/平米')
('https://image1.ljcdn.com/610100-inspection/33d0ce14-d676-4b2a-8d4d-9ed92d58ffa7.jpg.296x216.jpg', '富力城精装大三居南北通透采光好', '富力城南区  ', '低楼层(共28层)板楼  -  长安', '210万', '单价14939元/平米')
('https://image1.ljcdn.com/610100-inspection/4fd9dedf-3b22-4366-b7b1-a7e7617de192.jpg.296x216.jpg', '精装修，家具家电全送，业主诚心出售', '盛世长安  ', '中楼层(共18层)板塔结合  -  长安', '115万', '单价14936元/平米')
('', '南北通透三居，精装带指标，中间楼层，产证在手', '长征365  ', '中楼层(共18层)板楼  -  高新', '215万', '单价17339元/平米')
('', '长安相府 3室2厅 183万', '长安相府  ', '中楼层(共30层)板塔结合  -  长安', '183万', '单价14280元/平米')
('https://image1.ljcdn.com/x-se/hdic-frame/b3fa4ca0-7567-46ed-aae5-b95e1a994f81.png.280x210.jpg', '高新阳光天地，云轨旁，交通便利', '林隐天下  ', '低楼层(共32层)板塔结合  -  长安', '72万', '单价12892元/平米')
('', '樱花广场+融发心园+南北通透+户型方正', '融发心园  ', '中楼层(共6层)板楼  -  长安', '145万', '单价15030元/平米')
('https://image1.ljcdn.com/610100-inspection/deb94013-3a75-4b06-9abe-8110dc96f2cc.JPG.296x216.jpg', '超大花园洋房！大华公园世家二期 南北四居室 跃层', '大华曲江公园世家二期  ', '低楼层(共5层)板楼  -  曲江', '450万', '单价17999元/平米')
('https://image1.ljcdn.com/610100-inspection/c2ad4777-d307-4562-aac0-3eca77d1ffca.jpg.296x216.jpg', '精装修，证在手，诚心出售，，，，，', '长征365  ', '低楼层(共11层)板塔结合  -  高新', '185万', '单价20415元/平米')
('https://image1.ljcdn.com/610100-inspection/e276ce7a-4b81-4e01-b3ae-f7a226d3548c.JPG.296x216.jpg', '房子自住精装修，全明户型，南北通透', '大华曲江公园世家二期  ', '中楼层(共17层)塔楼  -  曲江', '300万', '单价18712元/平米')
('https://image1.ljcdn.com/610100-inspection/test-f022c389-8d80-4b9f-a6e5-18e356c4a2e1.png.296x216.jpg', '卡布奇诺 标准一居室 业主自住 诚心出售 精装入住', '卡布奇诺国际社区  ', '高楼层(共34层)板塔结合  -  曲江', '102万', '单价15427元/平米')
('https://image1.ljcdn.com/610100-inspection/d31da273-bd0b-4b6e-8326-62f1f93296e6.jpg.296x216.jpg', '万科城一期 三居 精装修 全明南北户型', '万科城  ', '高楼层(共32层)暂无数据  -  长安', '220万', '单价17447元/平米')
('https://image1.ljcdn.com/610100-inspection/7f3f7da4-4512-400f-a97e-c307aed85215.jpg.296x216.jpg', '大华三期 花园洋房 精装三居 底跃 不满二  有赠送', '大华曲江公园世家三期  ', '低楼层(共5层)板楼  -  曲江', '400万', '单价23668元/平米')
('https://image1.ljcdn.com/610100-inspection/test-14d96608-a147-4412-8344-3a008276b78b.png.296x216.jpg', '地铁口小区 首付47万 精装两居室 双指标 产证满二', '富力城北区  ', '中楼层(共24层)板塔结合  -  长安', '133万', '单价14795元/平米')
('', '大学城精装两居室家具家电齐全拎包直接入住', '吉源美郡国际城  ', '低楼层(共26层)板塔结合  -  长安', '80万', '单价13709元/平米')
('', '枫丹白露苑经典两居室，业主诚售，最适合刚需客户。', '枫丹白露苑  ', '低楼层(共28层)暂无数据  -  长安', '75万', '单价12168元/平米')
('', '地段繁华 交通便利 业主诚心卖', '西安雅居樂花園  ', '低楼层(共26层)暂无数据  -  长安', '72万', '单价16188元/平米')
('', '大华曲江公园世家+绿化lv高，自带公园，幼儿园', '大华曲江公园世家二期  ', '中楼层(共16层)板塔结合  -  曲江', '180万', '单价19308元/平米')
('https://image1.ljcdn.com/610100-inspection/bf9f7e3e-eebd-4058-bb4c-5dd8a015b664.jpg.296x216.jpg', '紫薇田园都市J区 大三室精装  137平带指标', '紫薇田园都市J区  ', '低楼层(共6层)板楼  -  高新', '320万', '单价23350元/平米')
('https://image1.ljcdn.com/610100-inspection/2025c034-dddb-48c0-b9bd-d5c84ca87364.jpg.296x216.jpg', '满五满二+公摊小+业主靠谱出售+小区环境优美', '融发心园  ', '中楼层(共6层)板楼  -  长安', '150万', '单价15111元/平米')
('https://image1.ljcdn.com/610100-inspection/4628d119-fcf9-4981-81d1-25791b0ea23a.jpg.296x216.jpg', '海棠别馆六号线地铁口，带高新六小，12年小区，带电梯', '海棠别馆  ', '低楼层(共26层)板塔结合  -  高新', '158万', '单价20889元/平米')
('https://image1.ljcdn.com/610100-inspection/test-64e7ee93-e63c-4b70-b7d0-0163ce63527c.png.296x216.jpg', '小区环境优美，配套成熟，交通便利，带指标', '紫薇田园都市A区  ', '高楼层(共6层)板楼  -  高新', '220万', '单价16261元/平米')
('https://image1.ljcdn.com/610100-inspection/9d97720e-6784-481f-a7f4-da7e7164ed3d.jpg.296x216.jpg', '满五满二，户型方正，视野宽广，带60平露台，配套齐全', '田园公寓  ', '高楼层(共23层)板塔结合  -  高新', '130万', '单价12683元/平米')
('https://image1.ljcdn.com/610100-inspection/15903fd8-4288-436b-ab0f-7a2f2390ac4f.jpg.296x216.jpg', '南北通透的两居室精装修，楼层合适', '富力城南区  ', '低楼层(共30层)暂无数据  -  长安', '145万', '单价16667元/平米')
('https://image1.ljcdn.com/610100-inspection/test-073f8082-cc4d-4956-b769-da937ea0d359.png.296x216.jpg', '精装修+低楼层+南北通透+诚心出售', '紫薇田园都市C区  ', '中楼层(共6层)板楼  -  高新', '170万', '单价18140元/平米')
('', '腾业南院 精装大三居 带六小 业主诚心卖 看房方便', '腾业南院  ', '中楼层(共27层)板楼  -  高新', '280万', '单价22048元/平米')
('', '房本在手   满三满二    交通便利带有国际指标', '紫薇田园都市F区  ', '低楼层(共4层)暂无数据  -  高新', '1200万', '单价34600元/平米')
('', '紫薇田园都市K区 3室2厅 300万', '紫薇田园都市K区  ', '低楼层(共3层)板楼  -  高新', '300万', '单价25206元/平米')
('', '此房满三满二，纯南朝向，楼层好，采光充足视野宽阔', '富力城南区  ', '低楼层(共24层)板塔结合  -  长安', '142万', '单价15107元/平米')
('https://image1.ljcdn.com/610100-inspection/2b60d6e6-774e-4766-b86b-6b40c3ae148d.jpg.296x216.jpg', '优秀位置+南北通透+阳光天地+可按揭+精装修+带电梯', '紫薇田园都市J区  ', '低楼层(共11层)板楼  -  高新', '238万', '单价18708元/平米')
('https://image1.ljcdn.com/610100-inspection/d4d235a1-81db-4b01-8f51-75306df04475.jpg.296x216.jpg', '西电雅居乐分校+品质小区   +业主靠谱出售 +南北户型', '雅居乐铂琅峯  ', '低楼层(共32层)暂无数据  -  长安', '175万', '单价20444元/平米')
('https://image1.ljcdn.com/610100-inspection/10795117-ffa2-4f81-9d0b-4780d502752c.jpg.296x216.jpg', '长安区东西通透全明两居小区自带幼儿园', '翠堤湾  ', '低楼层(共25层)板塔结合  -  长安', '110万', '单价14946元/平米')
('https://image1.ljcdn.com/610100-inspection/test-fbf559a8-39ba-434f-83c9-6726dc4c1a6a.png.296x216.jpg', '卡布奇诺国际社区 满二精装 业主诚售', '卡布奇诺国际社区  ', '低楼层(共34层)板塔结合  -  曲江', '128万', '单价15803元/平米')
('https://image1.ljcdn.com/610100-inspection/234fd238-c39c-4db2-8705-0aef881dec69.jpg.296x216.jpg', '天赐颐府 南北通透户型  大三居    诚心出售', '天赐颐府  ', '中楼层(共33层)塔楼  -  长安', '185万', '单价12697元/平米')
('https://image1.ljcdn.com/610100-inspection/90c85a3d-9694-40e8-a03c-eeab754fe643.jpg.296x216.jpg', '西安航天城A区 适合刚需 纯南户型', '西安航天城A区  ', '低楼层(共33层)板塔结合  -  长安', '132万', '单价16008元/平米')
('https://image1.ljcdn.com/610100-inspection/d9e6c6cd-7534-4dae-9178-b5a83f2d6f17.jpg.296x216.jpg', '航天城A区+中装修，业主诚心出售，带学qu', '西安航天城A区  ', '低楼层(共30层)板塔结合  -  长安', '163万', '单价14886元/平米')
('', '满五满二，有房本，南北通透，户型好，有租户，提前约', '吉安小区  ', '低楼层(共7层)板楼  -  长安', '126万', '单价9719元/平米')
('', '曲江澜山中装两室 西南户型 靠谱卖', '曲江澜山  ', '高楼层(共32层)板塔结合  -  曲江', '128万', '单价13618元/平米')
('', '曲江观山悦 采光好 满二房本在手 无遮挡 小区环境优美', '曲江观山悦  ', '低楼层(共27层)板塔结合  -  曲江', '210万', '单价16252元/平米')
('', '吉丰小区 满五满二 凤栖原地铁口 交通便利 配套成熟', '吉丰小区  ', '高楼层(共6层)暂无数据  -  长安', '130万', '单价9853元/平米')
('https://image1.ljcdn.com/610100-inspection/20953db1-b139-47c4-a6c4-2300be917ef9.jpg.296x216.jpg', '高新区紫薇田园都市精装三居室高新国际双指标指税费少', '紫薇田园都市K区  ', '中楼层(共20层)板塔结合  -  高新', '253万', '单价19023元/平米')
('https://image1.ljcdn.com/610100-inspection/6fa60a40-f056-4182-a420-822c4851ac0e.jpg.296x216.jpg', '房子是精装修，全明户型，南北通透', '大华曲江公园世家三期  ', '高楼层(共32层)塔楼  -  曲江', '205万', '单价18777元/平米')
('https://image1.ljcdn.com/610100-inspection/47e95ff7-8b82-4855-a13d-73f33fccfd78.jpg.296x216.jpg', '16年精装修+高新六小+高新三中+业主诚心出售', '紫薇田园都市G区  ', '高楼层(共6层)板楼  -  高新', '163万', '单价15940元/平米')
('https://image1.ljcdn.com/610100-inspection/test-a4bb7b2b-b1e0-4992-afe7-636b229e2b47.png.296x216.jpg', '富力城，精装两室，纯南朝向，小区环境优美', '富力城北区  ', '低楼层(共24层)板塔结合  -  长安', '143万', '单价16437元/平米')
('https://image1.ljcdn.com/610100-inspection/db8a7b3f-3982-4320-80a7-12b0f8cf0b32.jpg.296x216.jpg', '满五满二交通便利 zhou边配套齐全', '木材公司小区  ', '低楼层(共12层)暂无数据  -  长安', '150万', '单价11360元/平米')
('https://image1.ljcdn.com/610100-inspection/f1da07f4-db67-4a01-a3e0-102ee5dfc7a5.jpg.296x216.jpg', '紫薇田园都市D区 南北通透大三居户型方正', '紫薇田园都市D区  ', '高楼层(共6层)板楼  -  高新', '210万', '单价15246元/平米')
('', '长安+太阳新城+南北两居+满五满二+房本在手+靠谱签约', '太阳新城  ', '中楼层(共14层)板塔结合  -  长安', '125万', '单价14006元/平米')
('', '曲江澜山精装大两居，满三满二，南北通透，交通便利', '曲江澜山  ', '低楼层(共32层)板塔结合  -  曲江', '150万', '单价14444元/平米')
('https://image1.ljcdn.com/610100-inspection/c4ea4f9c-0d39-4cba-b921-5eaf49c7ee68.jpg.296x216.jpg', '曲江板块 品质小区 中高楼层 拎包入住', '大华曲江公园世家三期  ', '高楼层(共18层)板塔结合  -  曲江', '145万', '单价16044元/平米')
('https://image1.ljcdn.com/610100-inspection/ab66b6f2-7c73-479f-b970-5dd5b4aee9f7.jpg.296x216.jpg', '高新国际指标+精装修，拎包入住+产证在手，满五满二', '紫薇田园都市B区  ', '高楼层(共6层)板楼  -  高新', '170万', '单价20988元/平米')
('https://image1.ljcdn.com/610100-inspection/test-b9567b75-0797-43de-9462-27cff09add4c.png.296x216.jpg', '卫浴全明两居室 户型方正 业主靠谱出售', '曲江澜山  ', '中楼层(共32层)板塔结合  -  曲江', '115万', '单价13373元/平米')
('https://image1.ljcdn.com/610100-inspection/1255305f-dc81-42b1-8f13-e5dde4321cf5.jpg.296x216.jpg', '小江南环境，交通便捷，户型开阔', '忆江南  ', '高楼层(共27层)板塔结合  -  长安', '130万', '单价14773元/平米')
('', '富力城北区+15层，大两室双卫、邻地铁4线，南北通透。', '富力城北区  ', '中楼层(共24层)板塔结合  -  长安', '180万', '单价16098元/平米')
('', '地段好 长安区 航天西路  满五满二 南北通透三室', '农行小区（航天西路）  ', '高楼层(共6层)板楼  -  长安', '115万', '单价7325元/平米')
('https://image1.ljcdn.com/610100-inspection/522665de-a110-49c8-9370-107e444982d3.jpg.296x216.jpg', '智慧城 两居室 西向 自住装修 中间楼层 业主靠谱出售', '智慧城  ', '低楼层(共25层)塔楼  -  长安', '123万', '单价12770元/平米')
('https://image1.ljcdn.com/610100-inspection/14c93da1-15c4-404d-be90-21d732145d86.jpg.296x216.jpg', '滕业南院高新六小三中 学 区房 赠送大 景观好满五满二', '腾业南院  ', '低楼层(共27层)板塔结合  -  高新', '198万', '单价18249元/平米')
('https://image1.ljcdn.com/610100-inspection/5552cda2-08fd-464d-ba7a-ceec2ad9a652.jpg.296x216.jpg', '紫薇田园都市D区一楼带花园+南北通透全明户型+不临街', '紫薇田园都市D区  ', '低楼层(共6层)板楼  -  高新', '290万', '单价24787元/平米')
('', '盐业小区  交通便利  带学  精装修', '盐业小区(长安区)  ', '中楼层(共12层)板塔结合  -  长安', '108万', '单价12723元/平米')
('', '盛世长安  诚心出售  价格可谈', '盛世长安  ', '高楼层(共18层)板塔结合  -  长安', '120万', '单价13991元/平米')
('https://image1.ljcdn.com/610100-inspection/6711060f-5f47-4cb4-88f7-6491810df5a0.jpg.296x216.jpg', '忆江南两室刚需房，云轨旁，满三满二，精装修家具齐全', '忆江南  ', '低楼层(共27层)板塔结合  -  长安', '96万', '单价14044元/平米')
('https://image1.ljcdn.com/610100-inspection/f0739176-de1a-4c68-8faa-721874ab28dc.jpg.296x216.jpg', '东南朝向，明厨明卫，采光好，户型方正，利用面积大', '卡布奇诺国际社区  ', '低楼层(共33层)板塔结合  -  曲江', '125万', '单价15748元/平米')
('https://image1.ljcdn.com/610100-inspection/2bd13b60-da54-4d2f-8c66-5b61ee9c01f2.jpg.296x216.jpg', '南北通透  不临街  低楼层  带18平地下室', '智慧城  ', '低楼层(共7层)暂无数据  -  长安', '148万', '单价13959元/平米')
('https://image1.ljcdn.com/610100-inspection/test-78252980-0e1a-4b89-a740-64af72bdc384.png.296x216.jpg', '曲江二期+优质三居室+精装修+诚心出售+南北通透', '曲江澜山  ', '中楼层(共32层)板塔结合  -  曲江', '230万', '单价16629元/平米')
('', '丽景天下 三室精装  房本在手 交通便利 优质好房', '丽景天下  ', '中楼层(共11层)板塔结合  -  长安', '135万', '单价11163元/平米')
('', '卡布奇诺新小区 新出小两室 带进口家具 诚心出售', '卡布奇诺国际社区  ', '中楼层(共34层)板塔结合  -  曲江', '115万', '单价17380元/平米')
('https://image1.ljcdn.com/610100-inspection/d3d46e8a-5c4d-438e-9470-de7ddde55dc0.jpg.296x216.jpg', '长安步行街  繁华地段  南北通透大三居  业主诚心出售', '市容园林局小区  ', '高楼层(共6层)暂无数据  -  长安', '100万', '单价6468元/平米')
('https://image1.ljcdn.com/610100-inspection/4f946624-1eb2-4ab4-8376-2570881f92c9.jpg.296x216.jpg', '富力城南区89.35平   精装两室 南向', '富力城南区  ', '低楼层(共24层)板塔结合  -  长安', '140万', '单价15669元/平米')
('https://image1.ljcdn.com/610100-inspection/c2c0eefe-c163-4666-94c0-913b82549946.jpg.296x216.jpg', '西长安街满五满二房本在手靠谱出售', '长安中央广场  ', '高楼层(共18层)板塔结合  -  长安', '130万', '单价14622元/平米')
('', '此房满五满二，产证在手，产权清晰，靠谱出售。', '紫薇田园都市J区  ', '低楼层(共6层)板塔结合  -  高新', '140万', '单价25235元/平米')
('', '曲江澜山精装修两居室，满三满二，缴税少，交通便利', '曲江澜山  ', '高楼层(共32层)板塔结合  -  曲江', '128万', '单价13850元/平米')
('https://image1.ljcdn.com/610100-inspection/rsp_pic_upload193ba6ae-e0ab-4cc7-8a4f-3118c4b9d49d.jpg.296x216.jpg', '紫薇总价zui低带指标的三居室，随时看房。', '紫薇田园都市E区  ', '高楼层(共6层)板楼  -  高新', '210万', '单价16312元/平米')
('https://image1.ljcdn.com/610100-inspection/a87728ac-fb83-48be-855f-26c03c04150a.JPG.296x216.jpg', '富力城南区 东南朝向两居室 一楼带花园 带储藏间', '富力城南区  ', '低楼层(共24层)板塔结合  -  长安', '180万', '单价20146元/平米')
('', '紫薇田园都市D区三居室，装修新，带指标，看房方便。', '紫薇田园都市D区  ', '高楼层(共6层)板楼  -  高新', '210万', '单价17530元/平米')
('', '吉源美郡 满五满二    设施配套齐全', '吉源美郡  ', '高楼层(共6层)板楼  -  长安', '120万', '单价13693元/平米')
('https://image1.ljcdn.com/610100-inspection/95f3cc41-aca4-4234-802c-de64e0ef8878.jpg.296x216.jpg', '长安凤栖原DT口 交通便利 地理位置优越 业主诚售', '朝华美域  ', '中楼层(共12层)板楼  -  长安', '116万', '单价13596元/平米')
('https://image1.ljcdn.com/610100-inspection/f518283d-31b7-46c7-97a8-6ef87920ca99.jpg.296x216.jpg', '精装修。阳光天地+成熟配套  办公高新', '海棠别馆  ', '低楼层(共26层)板塔结合  -  高新', '180万', '单价16999元/平米')
('https://image1.ljcdn.com/610100-inspection/157b2e3c-6310-4576-96f0-25e0662fa7c7.jpg.296x216.jpg', '领秀长安 4室1厅 140万', '领秀长安  ', '中楼层(共20层)塔楼  -  长安', '140万', '单价22951元/平米')
('', '大华曲江公园世家联排别墅南北通透', '大华曲江公园世家一期  ', '3层板塔结合  -  曲江', '600万', '单价19036元/平米')
('', '西部大道一居精装  带九小二中 交通便利 云轨口', '林隐天下  ', '中楼层(共32层)板塔结合  -  长安', '47万', '单价14347元/平米')
('https://image1.ljcdn.com/610100-inspection/test-69ebb8e4-7d99-477a-b76f-82ac130564bd.png.296x216.jpg', '长安广场集中位置电梯两房 厨卫全明 满三满二可按揭', '太阳新城  ', '高楼层(共23层)塔楼  -  长安', '105万', '单价13034元/平米')
('https://image1.ljcdn.com/610100-inspection/test-a6965f8f-73da-46bd-9be2-d090e2dcf333.png.296x216.jpg', '新小区 环境好 稀 缺 小两室 位置好 不临街 诚心出售', '卡布奇诺国际社区  ', '低楼层(共33层)板塔结合  -  曲江', '102万', '单价16681元/平米')
('', '别墅，前后花园，小区品质高 位置好', '大华曲江公园世家三期  ', '3层板楼  -  曲江', '850万', '单价23817元/平米')
('https://image1.ljcdn.com/610100-inspection/test-30e683ac-d19c-4631-ba0d-ba6f09b04af5.png.296x216.jpg', '精装两居室，纯南户型，中间楼层，环境优雅', '富力城北区  ', '高楼层(共24层)板塔结合  -  长安', '165万', '单价18504元/平米')
('https://image1.ljcdn.com/610100-inspection/test-beda7976-12dd-42da-9cf6-ff776fc70b81.png.296x216.jpg', '航天城地铁口   丽景佳苑 两室  出售', '丽景佳苑  ', '高楼层(共28层)暂无数据  -  长安', '115万', '单价11289元/平米')
('https://image1.ljcdn.com/610100-inspection/cb212a07-fe9d-4918-8b6c-dab399dd0c35.jpg.296x216.jpg', '长安花园顶跃空中花园两个协议车位', '长安花园  ', '高楼层(共12层)暂无数据  -  长安', '180万', '单价14444元/平米')
