('https://image1.ljcdn.com/442000-inspection/7ae8e557-7dac-4899-aa8c-c1d607532b3b.jpg.296x216.jpg', '世纪新城幸福时光 中楼层 东南朝向两房 视野无遮挡', '世纪新城二期幸福时光  ', '中楼层(共32层)2010年建板楼  -  博爱一南', '138万', '单价15056元/平米')
('https://image1.ljcdn.com/442000-inspection/885c1d58-8c91-4861-bd00-4faff044a1d5.jpg.296x216.jpg', '中海翠林兰溪园 满五年 南北联排别墅 业主诚心出租', '中海翠林兰溪园  ', '1层2009年建塔楼  -  中海翠林', '368万', '单价17566元/平米')
('https://image1.ljcdn.com/442000-inspection/bfecf2b1-7f12-49b9-a39d-bc23f442bdd6.jpg.296x216.jpg', '汽车总站附近 东悦星寓 一房公寓 诚意出售', '东悦星寓  ', '中楼层(共14层)2010年建塔楼  -  龙瑞', '46万', '单价8985元/平米')
('https://image1.ljcdn.com/442000-inspection/fc2cab73-c979-4d60-a538-5d35c1ecde60.jpg.296x216.jpg', '中海翠林 联排别墅 南北对流 中空客厅 看房方便', '中海翠林兰溪园  ', '1层2009年建塔楼  -  中海翠林', '390万', '单价17181元/平米')
('https://image1.ljcdn.com/442000-inspection/5f783ff5-56f4-4823-9e6d-c015e8f365e6.jpg.296x216.jpg', '中海翠林 毛坯大三房 中高楼层 南向 带车位出售', '中海翠林兰溪园  ', '中楼层(共18层)2009年建板楼  -  中海翠林', '168万', '单价11638元/平米')
('https://image1.ljcdn.com/442000-inspection/29f8124a-e184-4486-bbb6-d947d4e25a92.jpg.296x216.jpg', '苏荷雅居 装修三房 户型方正 诚意出售', '苏荷雅居  ', '低楼层(共18层)2002年建塔楼  -  溪角中学', '113万', '单价12574元/平米')
('https://image1.ljcdn.com/442000-inspection/dfb6d12c-0d2e-4334-bc70-b54722f7aff9.jpg.296x216.jpg', '中海翠林 电梯4房 中间楼层  南北对流  安静不吵', '中海翠林兰溪园  ', '中楼层(共9层)2009年建板楼  -  中海翠林', '140万', '单价10742元/平米')
('https://image1.ljcdn.com/442000-inspection/ef26f50c-8e9e-451a-95e5-ec4419a4aaf2.jpg.296x216.jpg', '中信左岸 南北对流 毛坯宽敞三房两厅两卫 诚售', '中信左岸花园  ', '高楼层(共24层)板楼  -  博爱一南', '158万', '单价13983元/平米')
('https://image1.ljcdn.com/442000-inspection/f4981570-d717-4f01-bc48-665aa78f5bfb.jpg.296x216.jpg', '时代倾城 3室2厅 170万', '时代倾城  ', '中楼层(共23层)2013年建塔楼  -  博爱一南', '170万', '单价13493元/平米')
('https://image1.ljcdn.com/442000-inspection/2158eaa5-22c4-45da-9f11-0cd3e8b0eba0.jpg.296x216.jpg', '中海翠林兰溪园 4房 带车位 满2年 保养好', '中海翠林兰溪园  ', '高楼层(共9层)2009年建板楼  -  中海翠林', '168万', '单价13509元/平米')
('https://image1.ljcdn.com/442000-inspection/41a01da7-6de8-4675-8933-27035945886e.JPG.296x216.jpg', '汇豪花园 3室2厅 75万', '汇豪花园  ', '高楼层(共6层)2008年建塔楼  -  沙溪镇政府', '75万', '单价7500元/平米')
('https://image1.ljcdn.com/442000-inspection/6dbf138a-cb51-4ddb-88e0-c04b108f82e0.jpg.296x216.jpg', '中信左岸 格局方正3房  免增值税 业主诚意出售', '中信左岸花园  ', '中楼层(共14层)板楼  -  博爱一南', '128万', '单价12936元/平米')
('https://image1.ljcdn.com/442000-inspection/beb4ff96-70da-4dee-a5c9-674ea327f45f.jpg.296x216.jpg', '星宝商圈，金都商业广场，简装三房，诚心出售！', '金都商业广场  ', '高楼层(共10层)塔楼  -  星宝', '85万', '单价11363元/平米')
('https://image1.ljcdn.com/442000-inspection/4e5cffc7-fa9b-429f-ad55-5f0d289fc6b5.jpg.296x216.jpg', '满五唯 一 带阳台 二房 中高楼层', '陶欣华阁  ', '中楼层(共7层)2008年建板楼  -  溪角中学', '50万', '单价10171元/平米')
('https://image1.ljcdn.com/442000-inspection/d383f790-7120-4468-adc6-567be320ec29.jpg.296x216.jpg', '中信左岸毛坯3房高层 满五年 诚售', '中信左岸花园  ', '高楼层(共24层)板楼  -  博爱一南', '150万', '单价13220元/平米')
('https://image1.ljcdn.com/442000-inspection/a1be3e33-851f-4add-a8de-d08cf8847801.jpg.296x216.jpg', '中信左岸精装五房出售，南北对流，价钱合适', '中信左岸花园  ', '高楼层(共24层)板楼  -  博爱一南', '320万', '单价19777元/平米')
('https://image1.ljcdn.com/442000-inspection/3bc80c64-c3eb-4b94-ba29-24e01db79c72.jpg.296x216.jpg', '世纪新城 毛坯三房两卫 朝南  诚意出售', '世纪新城二期幸福时光  ', '中楼层(共28层)2010年建板楼  -  博爱一南', '178.5万', '单价14948元/平米')
('https://image1.ljcdn.com/442000-inspection/5df24e21-0700-448d-a926-c8a9e59b5fc5.jpg.296x216.jpg', '中海翠林兰溪园 联排别墅 装修温馨', '中海翠林兰溪园  ', '1层2009年建塔楼  -  中海翠林', '500万', '单价25326元/平米')
('https://image1.ljcdn.com/442000-inspection/0c2349ff-f9be-42c0-b5f3-f96115339f9b.jpg.296x216.jpg', '满五唯一  简单装修3房  南北通透  小区环境好', '中海翠林兰溪园  ', '低楼层(共9层)2009年建板楼  -  中海翠林', '93万', '单价10055元/平米')
('https://image1.ljcdn.com/442000-inspection/fea421b8-4a6e-4dcf-8a72-600dea9e95be.jpg.296x216.jpg', '时代倾城 毛坯出售 格局方正 居住舒适', '时代倾城  ', '高楼层(共32层)2014年建塔楼  -  博爱一南', '150万', '单价16381元/平米')
('https://image1.ljcdn.com/442000-inspection/d3702b38-db57-4bab-9c8b-9c0ddc670fbf.jpg.296x216.jpg', '世纪三期别墅 毛坯 买两层赠送一层', '世纪新城三期  ', '1层暂无数据  -  博爱一南', '600万', '单价37038元/平米')
('https://image1.ljcdn.com/442000-inspection/f30b725c-e6db-4143-ad0f-5f305f59cd60.jpg.296x216.jpg', '世纪新城 东南朝向  望花园  带装修出售', '世纪新城三期  ', '低楼层(共23层)板楼  -  博爱一南', '160万', '单价13907元/平米')
('https://image1.ljcdn.com/442000-inspection/7322d166-e594-42c8-9093-122e43f63b63.jpg.296x216.jpg', '世纪新城 精装四房两卫  诚意出售', '世纪新城三期  ', '低楼层(共30层)板楼  -  博爱一南', '225万', '单价15669元/平米')
('https://image1.ljcdn.com/442000-inspection/bdb305c6-008c-4eb8-82bf-55bda24377da.jpg.296x216.jpg', '金逸豪庭 三房两厅两卫 高层带精装修', '金逸豪庭  ', '中楼层(共18层)2006年建塔楼  -  博爱一南', '145万', '单价12323元/平米')
('https://image1.ljcdn.com/442000-inspection/0086501d-ebe2-42dd-b29c-90e14e1eee33.jpg.296x216.jpg', '中信左岸花园 3室2厅 146万', '中信左岸花园  ', '中楼层(共24层)板楼  -  博爱一南', '146万', '单价12808元/平米')
('https://image1.ljcdn.com/442000-inspection/aafbd171-deab-4801-bfe1-af1aa03a76d5.jpg.296x216.jpg', '乐群村自建房 投资首选 交通方便', '乐群村  ', '低楼层(共4层)暂无数据  -  星宝', '265万', '单价6207元/平米')
('https://image1.ljcdn.com/442000-inspection/8c32ab54-caa2-45ea-9c73-8ef50c4a782d.jpg.296x216.jpg', '世纪新城 精装拎包入住 满二税费少', '世纪新城一期A区  ', '低楼层(共24层)2007年建板楼  -  博爱一南', '88万', '单价12756元/平米')
('https://image1.ljcdn.com/442000-inspection/8dc0d8e5-9ee4-4f8f-9322-c63112eb73a1.jpg.296x216.jpg', '中海翠林兰溪园 2房 90万 简单装修', '中海翠林兰溪园  ', '中楼层(共9层)2009年建板楼  -  中海翠林', '90万', '单价11557元/平米')
('https://image1.ljcdn.com/442000-inspection/91b57070-fc04-4601-ba9a-bdb960526041.jpg.296x216.jpg', '时代倾城 4室2厅 168万', '时代倾城  ', '低楼层(共26层)2012年建塔楼  -  博爱一南', '168万', '单价12632元/平米')
('https://image1.ljcdn.com/442000-inspection/5aa6772c-3dd0-4a30-ac14-6e880da0f1bb.jpg.296x216.jpg', '沙溪宝嘉上筑 南向三房 户型方正', '宝嘉上筑  ', '高楼层(共28层)2008年建塔楼  -  龙瑞', '175万', '单价16356元/平米')
('https://image1.ljcdn.com/442000-inspection/e5246a0f-c017-449f-b08e-2c586ba4da7e.jpg.296x216.jpg', '康桥活力城 朝北3房2卫安静舒适阳台较大', '康桥活力城  ', '低楼层(共11层)2008年建板楼  -  星宝', '110万', '单价11984元/平米')
('https://image1.ljcdn.com/442000-inspection/79315a62-197f-46f7-bda0-3ea4f8d56ab1.jpg.296x216.jpg', '中海翠林兰溪园   电梯小三房 南北通透', '中海翠林兰溪园  ', '高楼层(共18层)2009年建板楼  -  中海翠林', '125万', '单价14626元/平米')
('https://image1.ljcdn.com/442000-inspection/7d9ad07d-c523-477c-825d-c5ae54cb950d.jpg.296x216.jpg', '中海翠林兰溪园 温馨两房 一梯两户楼梯房', '中海翠林兰溪园  ', '中楼层(共5层)2009年建板楼  -  中海翠林', '86万', '单价11057元/平米')
('https://image1.ljcdn.com/442000-inspection/eac42238-4346-4541-99e7-431ea2a258d1.jpg.296x216.jpg', '利嘉苑住宅性质 一房一厅明厨明卫明火煮饭有阳台', '利嘉苑  ', '中楼层(共17层)塔楼  -  龙瑞', '47万', '单价10256元/平米')
('https://image1.ljcdn.com/442000-inspection/c0ce3ad8-8335-48db-838d-8315ea2d90d3.jpg.296x216.jpg', '中海翠林 毛坯3房 电梯高楼层', '中海翠林兰溪园  ', '高楼层(共9层)板楼  -  中海翠林', '145万', '单价11656元/平米')
('https://image1.ljcdn.com/442000-inspection/1a40bfce-2db3-4306-8e3d-2ac9ce1d1526.jpg.296x216.jpg', '中海翠林电梯高层  精装修  诚意出售', '中海翠林兰溪园  ', '高楼层(共9层)2009年建板楼  -  中海翠林', '90万', '单价10844元/平米')
('https://image1.ljcdn.com/442000-inspection/12815da3-3516-4ea7-b3f2-f9f846119252.jpg.296x216.jpg', '世纪新城 精装3房 看江景 舒适安静 未入住过 东南向', '世纪新城一期B区  ', '中楼层(共11层)2007年建板楼  -  博爱一南', '152万', '单价15637元/平米')
('https://image1.ljcdn.com/442000-inspection/6e95400c-0cde-405f-a7e2-bf06e703d020.jpg.296x216.jpg', '中海翠林兰溪园 带装修 两房改三房 采光好', '中海翠林兰溪园  ', '低楼层(共9层)板楼  -  中海翠林', '100万', '单价10870元/平米')
('https://image1.ljcdn.com/442000-inspection/5a967fc1-815c-40b8-821d-e5d932bd7c92.jpg.296x216.jpg', '时代倾城 精装4+1房 高楼层采光通风好！', '时代倾城  ', '高楼层(共31层)2012年建塔楼  -  博爱一南', '175万', '单价13258元/平米')
('https://image1.ljcdn.com/442000-inspection/4e17ed42-2a6d-4a59-8bdc-39d78487ffbc.jpg.296x216.jpg', '金逸豪庭 精装八房 南北对流 赠私家平台', '金逸豪庭  ', '高楼层(共18层)2006年建塔楼  -  博爱一南', '295万', '单价12554元/平米')
('https://image1.ljcdn.com/442000-inspection/dfbcfa97-fc9c-43c2-9abd-b17a54a8dd52.jpg.296x216.jpg', '金逸豪庭 装修四房  朝南大阳台', '金逸豪庭  ', '低楼层(共18层)2006年建塔楼  -  博爱一南', '153万', '单价9808元/平米')
('https://image1.ljcdn.com/442000-inspection/9149c337-59dd-4fc7-a473-71616048c0e4.jpg.296x216.jpg', '时代倾城 大三房 户型方正 名牌家居诚意出售', '时代倾城  ', '高楼层(共33层)2014年建塔楼  -  博爱一南', '162万', '单价13500元/平米')
('https://image1.ljcdn.com/442000-inspection/af21a849-0dac-4576-b1e9-5e19816c9ff7.jpg.296x216.jpg', '时代倾城 精装四房两厅 格局方正', '时代倾城  ', '低楼层(共31层)2012年建塔楼  -  博爱一南', '197.4万', '单价15000元/平米')
('https://image1.ljcdn.com/442000-inspection/f4d4141f-97a4-4d60-9879-da593e717e02.jpg.296x216.jpg', '世纪新城 三期 高层 四房 看房方便', '世纪新城三期  ', '高楼层(共30层)板楼  -  博爱一南', '230万', '单价15973元/平米')
('https://image1.ljcdn.com/442000-inspection/d3afb608-1445-47dc-a519-3b5c8bb03e76.jpg.296x216.jpg', '出售世纪新城A区，南北对流户型，高楼层，满五年！', '世纪新城一期A区  ', '高楼层(共18层)2007年建板楼  -  博爱一南', '182万', '单价14665元/平米')
('https://image1.ljcdn.com/442000-inspection/5cf65a77-087a-474f-b11f-9f76bfc3ffcd.jpg.296x216.jpg', '世纪新城B区 三房两卫 江景房 满五唯一 看房方便', '世纪新城一期B区  ', '中楼层(共26层)2007年建板楼  -  博爱一南', '204.9万', '单价16000元/平米')
('https://image1.ljcdn.com/442000-inspection/091a54d6-55a1-43b6-bcb5-49b71f9fe7c0.jpg.296x216.jpg', '时代倾城 精装3+2 诚意出售', '时代倾城  ', '高楼层(共33层)2012年建塔楼  -  博爱一南', '190万', '单价14798元/平米')
('https://image1.ljcdn.com/442000-inspection/77f147b1-1fd1-418e-9335-acdf5b64ad67.jpg.296x216.jpg', '名仕蓝溪苑 3室2厅 105万', '名仕蓝溪苑  ', '中楼层(共15层)2013年建塔楼  -  厚山广场', '105万', '单价11291元/平米')
('https://image1.ljcdn.com/442000-inspection/40f4b1c2-3490-4227-b108-1a1c858baf97.jpg.296x216.jpg', '中海翠林 精装 电梯两房 中层南向 满两年 看房方便', '中海翠林兰溪园  ', '中楼层(共9层)2009年建板楼  -  中海翠林', '88万', '单价10480元/平米')
('https://image1.ljcdn.com/442000-inspection/e44d87a5-c763-4d8c-a483-500ddd038b67.jpg.296x216.jpg', '中信左岸 南北对流 满五唯一 诚意出售', '中信左岸花园  ', '低楼层(共24层)板楼  -  博爱一南', '148万', '单价13098元/平米')
('https://image1.ljcdn.com/442000-inspection/d6d27bf0-4eb9-46f9-8e23-a84bfd1b646c.jpg.296x216.jpg', '宝嘉上筑 南北对流 格局方正 诚心出售', '宝嘉上筑  ', '低楼层(共24层)2008年建塔楼  -  龙瑞', '182万', '单价14309元/平米')
('https://image1.ljcdn.com/442000-inspection/9578f009-2fbd-4dbf-88cd-ffc33308c223.jpg.296x216.jpg', '世纪新城 黄金楼层 三房可做四房', '世纪新城三期  ', '高楼层(共23层)板楼  -  博爱一南', '160万', '单价12800元/平米')
('https://image1.ljcdn.com/442000-inspection/9db77eb1-1b77-4d57-b3ca-ee67c38032a8.jpg.296x216.jpg', '沙溪星宝商圈  宝兴花园 温馨3房业主诚心出售', '宝兴花园  ', '中楼层(共6层)2005年建塔楼  -  星宝', '78万', '单价9136元/平米')
('https://image1.ljcdn.com/442000-inspection/89e4abdd-57b7-4edf-853c-1742f5a14453.jpg.296x216.jpg', '利嘉苑 住宅性质公寓 业主诚售', '利嘉苑  ', '中楼层(共17层)塔楼  -  龙瑞', '40万', '单价10811元/平米')
('https://image1.ljcdn.com/442000-inspection/c3ecdf53-2449-4f7d-bda9-2c93af9bab19.jpg.296x216.jpg', '时代倾城 精致2房 诚意出售 配套完善', '时代倾城  ', '低楼层(共24层)2012年建塔楼  -  博爱一南', '135万', '单价14756元/平米')
('https://image1.ljcdn.com/442000-inspection/a6026835-f6a4-48cb-9206-05a9c5a82f4f.jpg.296x216.jpg', '沙溪奥园金域 四房两卫 高层视野无遮挡 看房方便', '奥园金域  ', '高楼层(共32层)塔楼  -  汽车总站', '150万', '单价10792元/平米')
('https://image1.ljcdn.com/442000-inspection/e4d26e0c-582b-41ac-b7d1-9917fbb74228.jpg.296x216.jpg', '中海翠林  南北通透4房  送入户花园  10米超大阳台', '中海翠林兰溪园  ', '高楼层(共6层)2009年建板楼  -  中海翠林', '122万', '单价8715元/平米')
('https://image1.ljcdn.com/442000-inspection/f09831fd-1b9a-48dc-9c48-3d6c4e82f633.jpg.296x216.jpg', '中海翠林兰溪园 毛坯房 双拼别墅 带车库', '中海翠林兰溪园  ', '1层2009年建塔楼  -  中海翠林', '500万', '单价18588元/平米')
('https://image1.ljcdn.com/442000-inspection/c1d98585-21f8-4751-ae1e-c6114bf362ae.jpg.296x216.jpg', '世纪新城 精装3房 保养新 南北对流', '世纪新城三期  ', '低楼层(共30层)板楼  -  博爱一南', '210万', '单价14769元/平米')
('https://image1.ljcdn.com/442000-inspection/ab51b552-70cd-4f8b-9f31-7eab8df5f821.jpg.296x216.jpg', '中海翠林兰溪园 联排别墅 毛坯房', '中海翠林兰溪园  ', '1层2009年建塔楼  -  中海翠林', '411万', '单价18020元/平米')
('https://image1.ljcdn.com/442000-inspection/4247aa52-11de-4765-a1a2-b25ea7955e05.jpg.296x216.jpg', '世纪新城 毛坯两房 位置安静 诚意出售', '世纪新城一期B区  ', '高楼层(共11层)2007年建板楼  -  博爱一南', '115万', '单价13373元/平米')
('https://image1.ljcdn.com/442000-inspection/ea5d02a0-da0c-4f65-8322-0a3b1bc1d316.jpg.296x216.jpg', '独栋别墅 花园占地420平方 地下室145平方', '中海翠林兰溪园  ', '1层2009年建塔楼  -  中海翠林', '930万', '单价23536元/平米')
('https://image1.ljcdn.com/442000-inspection/82ac334d-2fc8-44e9-9b4b-d3e5f1cacc8c.jpg.296x216.jpg', '世纪新城 温馨三房 采光通风好 中高楼层', '世纪新城三期  ', '高楼层(共30层)板楼  -  博爱一南', '190万', '单价15007元/平米')
('https://image1.ljcdn.com/442000-inspection/8a1f2629-c4e0-4395-8df9-5b6aa03ae0a7.jpg.296x216.jpg', '中信左岸精装4房 南北对流 宽敞舒适', '中信左岸花园  ', '中楼层(共24层)板楼  -  博爱一南', '200万', '单价14815元/平米')
('https://image1.ljcdn.com/442000-inspection/091241be-c7d4-406d-8c5a-b1a4c6762dd1.jpg.296x216.jpg', '中信左岸 毛坯三房 可改四房 宽敞大方 南北对流', '中信左岸花园  ', '高楼层(共24层)板楼  -  博爱一南', '173万', '单价12911元/平米')
('https://image1.ljcdn.com/442000-inspection/a853c155-39ab-4c51-bb7e-4af3a4f8cca5.jpg.296x216.jpg', '中海翠林兰溪园 带装修三房 户型方正  电梯南向', '中海翠林兰溪园  ', '中楼层(共9层)2009年建板楼  -  中海翠林', '95万', '单价11430元/平米')
('https://image1.ljcdn.com/442000-inspection/4b74ef0d-f983-4cd8-ac93-8c09b3f05cd6.jpg.296x216.jpg', '满五年 格局方正 通风采光好 高楼层 视野好', '时代倾城  ', '中楼层(共24层)2012年建塔楼  -  博爱一南', '170万', '单价14925元/平米')
('https://image1.ljcdn.com/442000-inspection/0da52d6e-6eb8-486d-8150-248c83ad52d6.jpg.296x216.jpg', '星宝明珠花园 3室2厅 158万', '星宝明珠花园  ', '中楼层(共8层)2010年建塔楼  -  星宝', '158万', '单价10973元/平米')
('https://image1.ljcdn.com/442000-inspection/0270d1a9-1567-4509-9d48-5a8c10596f1b.jpg.296x216.jpg', '康桥活力城 南向 三房两厅 总价低', '康桥活力城  ', '中楼层(共11层)2008年建板楼  -  星宝', '105万', '单价11501元/平米')
('https://image1.ljcdn.com/442000-inspection/f5ca6fe2-6ecb-42b8-8102-6be36101fddb.jpg.296x216.jpg', '满不2年，业主诚心出售，送15平方花园 实用。', '中海翠林兰溪园  ', '低楼层(共5层)2009年建板楼  -  中海翠林', '70万', '单价9150元/平米')
('https://image1.ljcdn.com/442000-inspection/d8f9fb11-5ad1-49d9-a18d-860da6823022.jpg.296x216.jpg', '时代倾城 朝南 带装修 两房 高楼层', '时代倾城  ', '高楼层(共32层)2012年建塔楼  -  博爱一南', '140万', '单价15650元/平米')
('https://image1.ljcdn.com/442000-inspection/07700f41-ff19-4e55-81dc-924859ae9e30.jpg.296x216.jpg', '中高楼层 通风采光好  装修保养好', '世纪新城二期幸福时光  ', '高楼层(共28层)2010年建板楼  -  博爱一南', '140万', '单价13469元/平米')
('https://image1.ljcdn.com/442000-inspection/c5d960a5-b1a7-466d-9138-f3b1da8ff218.jpg.296x216.jpg', '中信左岸 复式 诚意出售 毛坯自装方便', '中信左岸花园  ', '低楼层(共24层)板楼  -  博爱一南', '320万', '单价15510元/平米')
('https://image1.ljcdn.com/442000-inspection/01cd5d71-e750-436c-8f17-2c4052546e7b.jpg.296x216.jpg', '世纪新城一期B区 毛坯三房2卫阳台朝向东南矮无遮挡', '世纪新城一期B区  ', '低楼层(共11层)2007年建板楼  -  博爱一南', '160万', '单价16327元/平米')
('https://image1.ljcdn.com/442000-inspection/7f3a5bf3-8391-44e6-8839-316fd2386239.jpg.296x216.jpg', '世纪新城 毛坯四房 南北对流 一线江景修改房评', '世纪新城一期B区  ', '中楼层(共26层)2007年建板楼  -  博爱一南', '330万', '单价16752元/平米')
('https://image1.ljcdn.com/442000-inspection/9d9518dc-3289-46af-8983-96f0a912a017.jpg.296x216.jpg', '时代倾城 精致装修 中高楼层 诚意出售', '时代倾城  ', '高楼层(共26层)2012年建塔楼  -  博爱一南', '190万', '单价14390元/平米')
('https://image1.ljcdn.com/442000-inspection/78f5f939-424a-4598-bc43-f4cdc6cf7a63.jpg.296x216.jpg', '世纪新城三期  毛坯四房  送入户花园', '世纪新城三期  ', '中楼层(共30层)板楼  -  博爱一南', '220万', '单价15173元/平米')
('https://image1.ljcdn.com/442000-inspection/387dbec1-b978-4ed2-a7e3-4d7d1163e1c3.jpg.296x216.jpg', '中海翠林兰溪园毛坯别墅 小区环境好', '中海翠林兰溪园  ', '1层2009年建塔楼  -  中海翠林', '460万', '单价17038元/平米')
('https://image1.ljcdn.com/442000-inspection/4b4e7059-ad8f-4ce2-8bd3-a371686fdce4.jpg.296x216.jpg', '世纪新城A区 精装四房 南北通透 满五税少 中间楼层', '世纪新城一期A区  ', '中楼层(共18层)板楼  -  博爱一南', '200万', '单价15739元/平米')
('https://image1.ljcdn.com/442000-inspection/58855d09-fc2c-4163-860f-65b3ccca2eae.jpg.296x216.jpg', '中海翠林兰溪园 3+1户型 装修温馨', '中海翠林兰溪园  ', '中楼层(共9层)2009年建板楼  -  中海翠林', '155万', '单价11893元/平米')
('https://image1.ljcdn.com/442000-inspection/ae16c4a0-5353-4a71-92a1-8e0c6db06e25.jpg.296x216.jpg', '中信左岸精装四房出售，三面采光，拎包即住！', '中信左岸花园  ', '中楼层(共24层)板楼  -  博爱一南', '208.5万', '单价15000元/平米')
('https://image1.ljcdn.com/442000-inspection/bfda533a-eac2-47c8-b69a-da2cd8b06b64.jpg.296x216.jpg', '中信左岸 舒适，朝南户型 大露台', '中信左岸花园  ', '低楼层(共24层)板楼  -  博爱一南', '185万', '单价13504元/平米')
('https://image1.ljcdn.com/442000-inspection/b12b59da-5dc3-4829-acdc-e0a870357032.jpg.296x216.jpg', '中信左岸 精装3房 低楼层南向 格局方正实用', '中信左岸花园  ', '低楼层(共24层)板楼  -  博爱一南', '132万', '单价14492元/平米')
('https://image1.ljcdn.com/442000-inspection/1ace320e-e7f5-4bca-bd90-8cd9de2bb879.jpg.296x216.jpg', '联排毛坯别墅  位置安静 格局好', '中海翠林兰溪园  ', '3层2009年建塔楼  -  中海翠林', '400万', '单价19140元/平米')
('https://image1.ljcdn.com/442000-inspection/23c13c4d-cc75-40d0-b460-f0e15cb05274.jpg.296x216.jpg', '世纪新城C区 三房两卫 满五唯一 看房方便 诚意出售', '世纪新城三期  ', '低楼层(共23层)板楼  -  博爱一南', '155万', '单价13363元/平米')
('https://image1.ljcdn.com/442000-inspection/4c59bd13-31b3-428a-889c-716979435530.jpg.296x216.jpg', '时代倾城 毛坯三房 电梯高层 诚意出售', '时代倾城  ', '中楼层(共31层)2014年建塔楼  -  博爱一南', '161万', '单价14733元/平米')
('https://image1.ljcdn.com/442000-inspection/23c0daa9-60fe-4c49-a95d-c7345a6c21bf.jpg.296x216.jpg', '雅居乐世纪新城 精装三房朝南 中高楼层 视野舒适开阔', '世纪新城三期  ', '中楼层(共30层)板楼  -  博爱一南', '170万', '单价16347元/平米')
('https://image1.ljcdn.com/442000-inspection/2131c50a-9ce9-46cd-902d-66749732c373.jpg.296x216.jpg', '雅居乐物业 世纪新城二期 幸福时光 满五唯一', '世纪新城二期幸福时光  ', '中楼层(共28层)2010年建板楼  -  博爱一南', '185万', '单价14609元/平米')
('https://image1.ljcdn.com/442000-inspection/6e40d951-03be-407a-b388-d9ecfac53efd.jpg.296x216.jpg', '时代倾城 南向 高层四房 无遮挡 视野开阔 诚售', '时代倾城  ', '高楼层(共32层)2014年建塔楼  -  博爱一南', '185万', '单价13029元/平米')
('https://image1.ljcdn.com/442000-inspection/5971114d-118a-4bb0-90d0-84e6d68ff3d1.jpg.296x216.jpg', '沙溪世纪新城 朝南 看小区花园 只需交契税 得房率高', '世纪新城一期A区  ', '中楼层(共15层)2007年建板楼  -  博爱一南', '160万', '单价14728元/平米')
('https://image1.ljcdn.com/442000-inspection/bca1c365-8767-4241-9f79-dfacfd20e538.jpg.296x216.jpg', '雅居乐世纪新城 三房朝南 户型方正 视野好 不靠路', '世纪新城三期  ', '低楼层(共30层)板楼  -  博爱一南', '152万', '单价14660元/平米')
('https://image1.ljcdn.com/442000-inspection/40b7266a-f71b-479e-89a7-a7f926801f6c.jpg.296x216.jpg', '雅居乐世纪新城 双拼别墅出售 豪装七房 带超大花园', '世纪新城三期  ', '1层暂无数据  -  博爱一南', '698万', '单价30557元/平米')
('https://image1.ljcdn.com/442000-inspection/284fe0c7-979b-4c22-aac0-9c0b375c999a.jpg.296x216.jpg', '世纪新城 雅居乐大盘  小区中间 安静舒适 装修保养好', '世纪新城三期  ', '低楼层(共30层)板楼  -  博爱一南', '214万', '单价15508元/平米')
('https://image1.ljcdn.com/442000-inspection/7ca7597d-8531-44c3-9d0b-7b8e90c375d7.jpg.296x216.jpg', '精装三房  保养良好  视野开阔  诚意出售', '中信左岸花园  ', '低楼层(共24层)板楼  -  博爱一南', '170万', '单价12687元/平米')
('https://image1.ljcdn.com/442000-inspection/2d061ef2-4c42-4cf8-9de2-b0caffa030b8.jpg.296x216.jpg', '满五不唯一 税费低 中信左岸108标准3房', '中信左岸花园  ', '低楼层(共24层)板楼  -  博爱一南', '137万', '单价12686元/平米')
('https://image1.ljcdn.com/442000-inspection/ad591bed-39c6-49e6-a06b-1a64705b6561.jpg.296x216.jpg', '时代倾城 实用三房 花园中间 居家安静', '时代倾城  ', '低楼层(共33层)2012年建塔楼  -  博爱一南', '155万', '单价13461元/平米')
('https://image1.ljcdn.com/442000-inspection/f2d971fa-fa31-43de-bf1c-22bb95da8522.jpg.296x216.jpg', '华发四季 天井房 送花园 南北对流大四房 急售', '华发四季  ', '低楼层(共32层)2019年建塔楼  -  溪角中学', '180万', '单价13082元/平米')
('https://image1.ljcdn.com/442000-inspection/df975028-f11d-45c7-8dbb-950d7f4432cd.jpg.296x216.jpg', '汉基四房  南向光线好  安静舒适  成熟商圈  诚意出售', '汉基花园  ', '中楼层(共10层)2010年建塔楼  -  星宝', '136万', '单价10697元/平米')
('https://image1.ljcdn.com/442000-inspection/2406bdd6-0aef-4ce7-be4d-e196179d9fc8.jpg.296x216.jpg', '居住首选康桥花地 环境清静 人车分流', '康桥花地  ', '高楼层(共11层)2008年建塔楼  -  龙瑞', '232万', '单价10498元/平米')
('https://image1.ljcdn.com/442000-inspection/d47286b3-6954-43f2-846d-db357feebb61.jpg.296x216.jpg', '苏荷雅居 高使用率 三房 朝南 无遮挡', '苏荷雅居  ', '中楼层(共18层)2002年建塔楼  -  溪角中学', '115万', '单价13373元/平米')
('https://image1.ljcdn.com/442000-inspection/dfb3687d-8fb9-4baa-80a5-170e5baad328.jpg.296x216.jpg', '广联时代公寓，一房一厅，诚心出售，价格美丽。', '广联时代公寓  ', '中楼层(共8层)2005年建塔楼  -  厚山广场', '23万', '单价10128元/平米')
('https://image1.ljcdn.com/442000-inspection/54b6d736-fc7d-496e-a0eb-8d081965caf4.jpg.296x216.jpg', '世纪新城二期幸福时光 3室2厅 145万', '世纪新城二期幸福时光  ', '高楼层(共28层)2010年建板楼  -  博爱一南', '145万', '单价14078元/平米')
('https://image1.ljcdn.com/442000-inspection/03a761ca-c33e-47a1-89c6-e90626401c70.jpg.296x216.jpg', '中信左岸 复式单位 格局方正 空气流通', '中信左岸花园  ', '低楼层(共15层)板楼  -  博爱一南', '300万', '单价16854元/平米')
('https://image1.ljcdn.com/442000-inspection/27a54d1d-6216-40f7-ae43-f0aaf0253d2c.jpg.296x216.jpg', '世纪新城 雅居乐大盘  中楼层 安静舒适 装修保养好', '世纪新城三期  ', '中楼层(共30层)板楼  -  博爱一南', '170万', '单价16375元/平米')
('https://image1.ljcdn.com/442000-inspection/5bca024d-febd-4bbb-8859-d91111e28d4c.jpg.296x216.jpg', '出售中信左岸一楼复式，带花园！', '中信左岸花园  ', '低楼层(共24层)板楼  -  博爱一南', '300万', '单价15745元/平米')
('https://image1.ljcdn.com/442000-inspection/f650b7f7-18fa-4777-ba4c-8b668f9917f8.jpg.296x216.jpg', '时代倾城 4室2厅 198万', '时代倾城  ', '高楼层(共32层)2014年建塔楼  -  博爱一南', '198万', '单价13958元/平米')
('https://image1.ljcdn.com/442000-inspection/5b1af1eb-cf5d-40da-a4d1-616f0abda067.jpg.296x216.jpg', '华发四季，南北通透，中间位置安静', '华发四季  ', '低楼层(共32层)2019年建塔楼  -  溪角中学', '178万', '单价12822元/平米')
('https://image1.ljcdn.com/442000-inspection/143f3eb6-d680-4f97-952e-cfc6b7eb9c19.jpg.296x216.jpg', '时代倾城 4室2厅 188万', '时代倾城  ', '中楼层(共32层)2014年建塔楼  -  博爱一南', '188万', '单价13240元/平米')
('https://image1.ljcdn.com/442000-inspection/737e9b7d-c083-4090-b35b-dd04abbb29ab.jpg.296x216.jpg', '中海装修别墅，大花园，采光好。适宜居住', '中海翠林兰溪园  ', '1层2009年建塔楼  -  中海翠林', '450万', '单价25548元/平米')
('https://image1.ljcdn.com/442000-inspection/b9acdb50-ad8e-4429-ba69-60709b1086ac.jpg.296x216.jpg', '中信左岸毛坯复式出售，带一车位', '中信左岸花园  ', '高楼层(共17层)板楼  -  博爱一南', '320万', '单价17978元/平米')
('https://image1.ljcdn.com/442000-inspection/53ee0f1d-4697-490d-adb5-b6daca2c80e7.jpg.296x216.jpg', '世纪新城三期 三房两厅两卫 小区舒适安逸', '世纪新城三期  ', '低楼层(共30层)板楼  -  博爱一南', '170万', '单价14600元/平米')
('https://image1.ljcdn.com/442000-inspection/9dba6455-80dc-4fe2-8fc1-d3f2156972d5.jpg.296x216.jpg', '中信左岸 南北对流精装 温馨舒适', '中信左岸花园  ', '中楼层(共24层)板楼  -  博爱一南', '152万', '单价13310元/平米')
('https://image1.ljcdn.com/442000-inspection/e1c4f61d-3566-4386-b4a0-73368f5099c2.jpg.296x216.jpg', '明月苑，高楼层 大平台，格局方正', '明月苑  ', '高楼层(共6层)2008年建塔楼  -  汽车总站', '190万', '单价9500元/平米')
('https://image1.ljcdn.com/442000-inspection/35728f05-2f56-4f5e-9332-3188878b799f.jpg.296x216.jpg', '高层物业 视野好 户型方正 带精装修', '时代倾城  ', '高楼层(共33层)2014年建塔楼  -  博爱一南', '210万', '单价15032元/平米')
('https://image1.ljcdn.com/442000-inspection/329292d6-fa32-4590-802b-8370c80728b9.jpg.296x216.jpg', '广联蓝爵花园 2室2厅 95万', '广联蓝爵花园  ', '低楼层(共16层)2014年建塔楼  -  溪角中学', '95万', '单价12348元/平米')
('https://image1.ljcdn.com/442000-inspection/985052e1-29df-4dae-91e3-d0be80593e0b.jpg.296x216.jpg', '时代倾城 毛坯3+2房 中楼层 户型实用', '时代倾城  ', '低楼层(共32层)2014年建塔楼  -  博爱一南', '158万', '单价14373元/平米')
('https://image1.ljcdn.com/442000-inspection/342bd416-1155-4f2a-9f08-e4071e750f19.jpg.296x216.jpg', '中海翠林 楼层中层 格局方正 南北对流', '中海翠林兰溪园  ', '中楼层(共6层)2009年建板楼  -  中海翠林', '152万', '单价12298元/平米')
('https://image1.ljcdn.com/442000-inspection/d96fcdb2-e156-4817-a0a6-32e5895beeb7.jpg.296x216.jpg', '满5年税费低 中层楼层 视野开阔 采光好', '锦绣沙溪  ', '中楼层(共6层)2000年建塔楼  -  星宝', '113万', '单价8371元/平米')
('https://image1.ljcdn.com/442000-inspection/cf348e99-cd6e-46e6-b140-76e8ec4ce63c.jpg.296x216.jpg', '时代倾城中楼层，视野开阔无遮挡。', '时代倾城  ', '中楼层(共31层)2014年建塔楼  -  博爱一南', '152.6万', '单价14000元/平米')
('https://image1.ljcdn.com/442000-inspection/759add96-3678-4ffd-b8c4-77706bf8da29.jpg.296x216.jpg', '时代倾城 实用3+2 还送大露台 稀售', '时代倾城  ', '高楼层(共24层)2012年建塔楼  -  博爱一南', '148万', '单价13940元/平米')
('https://image1.ljcdn.com/442000-inspection/13d627d1-e28b-4457-83c6-9cc1839c4fd8.jpg.296x216.jpg', '世纪新城精装3房出售，中间楼层 看别墅 只需契税', '世纪新城三期  ', '低楼层(共30层)板楼  -  博爱一南', '168万', '单价14359元/平米')
('https://image1.ljcdn.com/442000-inspection/ca795aca-deb6-4f40-a5f5-ea5770fe02d5.jpg.296x216.jpg', '温馨三房  精致装修  保养极佳   诚意出售', '世纪新城三期  ', '高楼层(共30层)板楼  -  博爱一南', '190万', '单价16751元/平米')
('https://image1.ljcdn.com/442000-inspection/bb410284-ea7f-45b5-b18b-c7ac6c0495f0.jpg.296x216.jpg', '中信左岸精装四房出售，保养好，家私新', '中信左岸花园  ', '中楼层(共17层)板楼  -  博爱一南', '200万', '单价16691元/平米')
('https://image1.ljcdn.com/442000-inspection/81623886-4ae0-4950-9a5d-d0036285f24c.jpg.296x216.jpg', '中海翠林兰溪园 两房两厅+入户花园 高楼层 看别墅', '中海翠林兰溪园  ', '高楼层(共9层)2009年建板楼  -  中海翠林', '86万', '单价10277元/平米')
('https://image1.ljcdn.com/442000-inspection/234d2995-b4fa-4236-a77f-e2ef5fc093f9.jpg.296x216.jpg', '时代倾城 毛坯三房 自由装饰 格局方正', '时代倾城  ', '高楼层(共26层)2012年建塔楼  -  博爱一南', '155万', '单价13363元/平米')
('https://image1.ljcdn.com/442000-inspection/fb2cb499-62c2-48de-93d2-ba4b186201cc.jpg.296x216.jpg', '世纪新城 精装大3房 南北对流 格局方正实用 满五年', '世纪新城三期  ', '低楼层(共30层)板楼  -  博爱一南', '200万', '单价13987元/平米')
('https://image1.ljcdn.com/442000-inspection/8dbcd03e-2c81-40d0-a25a-951b1540ccd5.jpg.296x216.jpg', '户型方正，带精装修，高层景观视野开阔', '世纪新城三期  ', '高楼层(共30层)板楼  -  博爱一南', '200万', '单价15737元/平米')
('https://image1.ljcdn.com/442000-inspection/7fd501f9-036a-41bc-a553-fc1846b09358.jpg.296x216.jpg', '中海翠林兰溪园 3室1厅 75万', '中海翠林兰溪园  ', '中楼层(共5层)2009年建板楼  -  中海翠林', '75万', '单价9697元/平米')
('https://image1.ljcdn.com/442000-inspection/4c3c6d27-1a8d-471a-8a08-159aed8b4f55.jpg.296x216.jpg', '中海翠林兰溪园 带精装修 送家电家私', '中海翠林兰溪园  ', '1层2009年建塔楼  -  中海翠林', '448万', '单价24087元/平米')
('https://image1.ljcdn.com/442000-inspection/d82b9710-a97e-4ed9-8327-0dfade44a218.jpg.296x216.jpg', '中海翠林 错层户型 带小花园 看房方便', '中海翠林兰溪园  ', '低楼层(共4层)2009年建板楼  -  中海翠林', '250万', '单价12377元/平米')
('https://image1.ljcdn.com/442000-inspection/d0068a71-10b3-4b92-8e27-fa0041912795.jpg.296x216.jpg', '金逸豪庭 3室2厅 95万', '金逸豪庭  ', '低楼层(共11层)2006年建塔楼  -  博爱一南', '95万', '单价12768元/平米')
('https://image1.ljcdn.com/442000-inspection/f8a7949b-2e8c-4193-8f59-c44a8dca772c.jpg.296x216.jpg', '电梯四房带装修 保养好 视野开阔', '中海翠林兰溪园  ', '高楼层(共9层)2009年建板楼  -  中海翠林', '150万', '单价11905元/平米')
('https://image1.ljcdn.com/442000-inspection/f6427b22-cdcf-4c7b-810e-a4b96da1c6a6.jpg.296x216.jpg', '中信左岸 舒适三房 朝南不靠路 舒适安静', '中信左岸花园  ', '高楼层(共24层)板楼  -  博爱一南', '160万', '单价17175元/平米')
('https://image1.ljcdn.com/442000-inspection/3f86bd24-8be8-46ff-9ffe-68c8f8154cc2.jpg.296x216.jpg', '隆盛花园 三房  还有一个大平台', '隆盛花园  ', '高楼层(共7层)2006年建塔楼  -  厚山广场', '93万', '单价7478元/平米')
('https://image1.ljcdn.com/442000-inspection/1c513aea-19a0-4b19-b5a4-17f46bcecc6e.jpg.296x216.jpg', '中海翠林兰溪园 带装修两房，户型方正', '中海翠林兰溪园  ', '中楼层(共5层)2009年建板楼  -  中海翠林', '74万', '单价9519元/平米')
('https://image1.ljcdn.com/442000-inspection/905a16db-bbde-4b59-aa6e-7a2ece5224b3.jpg.296x216.jpg', '世纪新城 豪华三房 保养极好 产权清晰', '世纪新城三期  ', '低楼层(共30层)板楼  -  博爱一南', '210万', '单价16125元/平米')
('https://image1.ljcdn.com/442000-inspection/03af258d-8e56-4ee1-8053-9c2bea2df284.jpg.296x216.jpg', '满五唯一 望别墅 南北通透格局好 交通便利', '中海翠林兰溪园  ', '高楼层(共9层)2009年建板楼  -  中海翠林', '180万', '单价14264元/平米')
('https://image1.ljcdn.com/442000-inspection/d5da4362-97ae-49dc-abe9-fac407c6bfe3.jpg.296x216.jpg', '世纪新城 2房带装修 安静舒适即买即住', '世纪新城二期幸福时光  ', '低楼层(共32层)2010年建板楼  -  博爱一南', '135万', '单价15000元/平米')
('https://image1.ljcdn.com/442000-inspection/7f9ab855-6eab-48f5-bddb-119fa7455d83.jpg.296x216.jpg', '时代倾城 新装修2+1房 高层南向 诚意出售', '时代倾城  ', '中楼层(共23层)2013年建塔楼  -  博爱一南', '140万', '单价15881元/平米')
('https://image1.ljcdn.com/442000-inspection/9a7746bf-d3cf-4902-8e9a-4913d8de1796.jpg.296x216.jpg', '金逸豪庭 3室2厅 140万', '金逸豪庭  ', '中楼层(共17层)2006年建塔楼  -  博爱一南', '140万', '单价13208元/平米')
('https://image1.ljcdn.com/442000-inspection/ed22907a-6ec1-4e33-a585-041ad88cd5d6.jpg.296x216.jpg', '世纪新城一期 装修三房 满五税少 视野广', '世纪新城一期A区  ', '低楼层(共18层)2007年建板楼  -  博爱一南', '135万', '单价14831元/平米')
('https://image1.ljcdn.com/442000-inspection/2de2399d-3792-4578-9edd-613088f63d19.jpg.296x216.jpg', '雅居乐世纪新城 精装三房 东南向 格局舒适 中高楼', '世纪新城一期B区  ', '中楼层(共11层)2007年建板楼  -  博爱一南', '145万', '单价16478元/平米')
('https://image1.ljcdn.com/442000-inspection/54878bd6-f286-41a9-8762-b0e8020b5e94.jpg.296x216.jpg', '南北对流 东单边位 赠送平台超200平米私人使用', '中信左岸花园  ', '低楼层(共24层)板楼  -  博爱一南', '220万', '单价16261元/平米')
('https://image1.ljcdn.com/442000-inspection/69672c27-cbd0-47f3-bc9b-1e78a91a55e2.jpg.296x216.jpg', '中海翠林 装修电梯2房 东南向 满五唯一 看房方便', '中海翠林兰溪园  ', '中楼层(共9层)2009年建板楼  -  中海翠林', '85万', '单价10898元/平米')
('https://image1.ljcdn.com/442000-inspection/ba9abb6d-d849-4de3-b23d-7af0009c0de8.jpg.296x216.jpg', '苏荷雅居 89平方米 三房两厅 装修三房两卫', '苏荷雅居  ', '中楼层(共18层)2002年建塔楼  -  溪角中学', '120万', '单价13347元/平米')
('https://image1.ljcdn.com/442000-inspection/b6a15b54-04b8-4b02-bb98-042823502e2b.jpg.296x216.jpg', '南向精装3房 视野开阔 无遮挡 通透 采光好 满5且唯一', '时代倾城  ', '高楼层(共24层)2012年建塔楼  -  博爱一南', '180万', '单价15654元/平米')
('https://image1.ljcdn.com/442000-inspection/05b3383a-83a4-4455-9f0f-f80dd5873159.jpg.296x216.jpg', '出售平湖秋月精装复试，带天台，拎包即住，前后无遮挡', '平湖秋月花园  ', '高楼层(共18层)2010年建塔楼  -  溪角中学', '120万', '单价14458元/平米')
('https://image1.ljcdn.com/442000-inspection/5dfc434c-2c46-4318-80b3-38dc2e176700.jpg.296x216.jpg', '星宝明珠公寓 一房一厅 70年产权住宅 位置旺 人流多', '星宝明珠花园  ', '高楼层(共18层)2010年建塔楼  -  星宝', '72万', '单价11431元/平米')
('https://image1.ljcdn.com/442000-inspection/2563b783-a33c-42b3-8215-5ef1e50f45d1.jpg.296x216.jpg', '中信左岸，毛坯三房，低价出售，欢迎看房，', '中信左岸花园  ', '中楼层(共14层)板楼  -  博爱一南', '135万', '单价12617元/平米')
('https://image1.ljcdn.com/442000-inspection/eee4b19a-27f3-48cb-a875-5d04eec49d85.jpg.296x216.jpg', '平湖秋月花园 电梯精装东向三房 业主诚意出售', '平湖秋月花园  ', '低楼层(共11层)2010年建塔楼  -  溪角中学', '120万', '单价11934元/平米')
('https://image1.ljcdn.com/442000-inspection/74f76bfa-f1b6-4bee-93d6-ed2abc7fcb17.jpg.296x216.jpg', '康桥活力城 精致2房 诚意出售  即买即住', '康桥活力城  ', '低楼层(共11层)2008年建板楼  -  星宝', '96万', '单价12100元/平米')
('https://image1.ljcdn.com/442000-inspection/b45b9a8a-9dc6-4aaf-9540-cdf7c3dcac33.jpg.296x216.jpg', '中海翠林 精装4房 南北对流 满五年税费少', '中海翠林兰溪园  ', '低楼层(共6层)2009年建塔楼  -  中海翠林', '138万', '单价10987元/平米')
('https://image1.ljcdn.com/442000-inspection/44b0eb87-f648-47a6-8225-95a682e0b48a.jpg.296x216.jpg', '宝嘉上筑 精装一房 满五唯一 诚售', '宝嘉上筑  ', '中楼层(共24层)2008年建塔楼  -  龙瑞', '58万', '单价14147元/平米')
('https://image1.ljcdn.com/442000-inspection/aa7c6025-26b5-42e1-8c25-742608208b42.jpg.296x216.jpg', '中海翠林兰溪园 带装修3房 小区中心位置 环境好', '中海翠林兰溪园  ', '高楼层(共6层)2009年建板楼  -  中海翠林', '130万', '单价11305元/平米')
('https://image1.ljcdn.com/442000-inspection/6a4e8014-87be-41ca-92b7-1e5b2e6abf46.jpg.296x216.jpg', '汇豪花园3房朝南，视野无遮挡，', '汇豪花园  ', '高楼层(共6层)2008年建塔楼  -  沙溪镇政府', '87万', '单价9798元/平米')
('https://image1.ljcdn.com/442000-inspection/212644cf-ac60-4b58-bb72-f2a83d8cf30e.jpg.296x216.jpg', '中海翠林 毛坯 电梯2房 格局方正 东南朝向 视野开阔', '中海翠林兰溪园  ', '中楼层(共9层)2009年建板楼  -  中海翠林', '86万', '单价10000元/平米')
('https://image1.ljcdn.com/442000-inspection/56b9d99b-01b5-4de6-bbf4-2b542fd5f54b.jpg.296x216.jpg', '小区环境优美 绿化多 入住率高', '中信左岸花园  ', '高楼层(共17层)板楼  -  博爱一南', '168万', '单价14000元/平米')
('https://image1.ljcdn.com/442000-inspection/8cd4c7fb-887f-4503-8455-6aeff25095a4.jpg.296x216.jpg', '时代倾城 精装两房 高层南向 急售', '时代倾城  ', '高楼层(共32层)2012年建塔楼  -  博爱一南', '145万', '单价16291元/平米')
('https://image1.ljcdn.com/442000-inspection/b8f41225-8a4a-4c54-b529-4c15f9675a2f.jpg.296x216.jpg', '沙溪 世纪新城 三期 采光好 户型方正', '世纪新城三期  ', '高楼层(共30层)板楼  -  博爱一南', '200万', '单价15821元/平米')
('https://image1.ljcdn.com/442000-inspection/cb966900-b229-40d7-867f-2b4adb3a0c86.jpg.296x216.jpg', '世纪新城  低楼层南向 精装大3房 格局方正实用 保养好', '世纪新城三期  ', '低楼层(共30层)板楼  -  博爱一南', '173万', '单价13057元/平米')
('https://image1.ljcdn.com/442000-inspection/d1931266-d300-4bf7-9c27-588f95b671b3.jpg.296x216.jpg', '中海翠林 带装修2房 户型好 东南向', '中海翠林兰溪园  ', '中楼层(共9层)2009年建板楼  -  中海翠林', '100万', '单价11036元/平米')
('https://image1.ljcdn.com/442000-inspection/a604a981-e808-411f-bfb5-fbaf63aaaae4.jpg.296x216.jpg', '世纪新城一期B区 3室2厅 155万', '世纪新城一期B区  ', '高楼层(共11层)2007年建板楼  -  博爱一南', '155万', '单价15507元/平米')
('https://image1.ljcdn.com/442000-inspection/20d21b57-1ed1-4d61-b052-cb1b7c27801b.jpg.296x216.jpg', '中山沙溪 时代倾城 高楼层 采光充足', '时代倾城  ', '高楼层(共26层)2012年建塔楼  -  博爱一南', '170万', '单价12912元/平米')
('https://image1.ljcdn.com/442000-inspection/5aa493bc-c489-47d7-94cc-ad6db51f1627.jpg1.jpg.296x216.jpg', '阳光半岛 1室1厅 58.3万', '阳光半岛  ', '低楼层(共15层)2008年建塔楼  -  星宝', '58.3万', '单价10505元/平米')
('https://image1.ljcdn.com/442000-inspection/1be4219b-a90a-4a26-b1b9-314137d554bb.jpg.296x216.jpg', '世纪新城 四房毛坯 带入户花园', '世纪新城三期  ', '中楼层(共30层)板楼  -  博爱一南', '215万', '单价14828元/平米')
('https://image1.ljcdn.com/442000-inspection/e9e66e45-0aa8-4d5f-a974-cdb80b584f35.jpg.296x216.jpg', '世纪新城 公寓住宅性质 70年大产权 满五唯一', '世纪新城一期A区  ', '低楼层(共24层)2007年建板楼  -  博爱一南', '100万', '单价16667元/平米')
('https://image1.ljcdn.com/442000-inspection/60f7425b-70b4-4174-a238-967fcfbbbfbc.jpg.296x216.jpg', '时代倾城 精装四房 南向 看花园 急售', '时代倾城  ', '低楼层(共26层)2012年建塔楼  -  博爱一南', '180万', '单价12993元/平米')
('https://image1.ljcdn.com/442000-inspection/8a44f9cd-7e00-4374-9542-4640a79e3986.jpg.296x216.jpg', '时代倾城 精装修2+1房 朝南高层', '时代倾城  ', '中楼层(共32层)2014年建塔楼  -  博爱一南', '154万', '单价20000元/平米')
('https://image1.ljcdn.com/442000-inspection/6a96da92-17bb-43da-84f3-ce28abe756f4.jpg.296x216.jpg', '时代倾城 精装大四房 高层南向 诚意急售', '时代倾城  ', '高楼层(共26层)2012年建塔楼  -  博爱一南', '186万', '单价13437元/平米')
('https://image1.ljcdn.com/442000-inspection/2ae356e0-c409-4e06-aa85-94e5fe0dbee8.jpg.296x216.jpg', '世纪新城 南向三房 精装修 看房方便', '世纪新城三期  ', '低楼层(共30层)板楼  -  博爱一南', '163.8万', '单价14000元/平米')
('https://image1.ljcdn.com/442000-inspection/91b5ec24-ba08-4ea6-8888-e478d205d817.jpg.296x216.jpg', '出售华发四季大别墅，六个房间，带私家花园！', '华发生态庄园  ', '低楼层(共3层)塔楼  -  溪角中学', '930万', '单价21251元/平米')
('https://image1.ljcdn.com/442000-inspection/33bf2c34-6021-4ed0-b860-db951be61f2e.jpg.296x216.jpg', '世纪新城三期 电梯精装三房 业主诚心出售', '世纪新城三期  ', '中楼层(共23层)板楼  -  博爱一南', '210万', '单价18422元/平米')
('https://image1.ljcdn.com/442000-inspection/c2d606a1-adb4-4fd7-940a-0d1518d3d090.jpg.296x216.jpg', '华发四季 精装大四房 稀售 高层朝向 无敌视眼', '华发四季  ', '高楼层(共32层)2019年建塔楼  -  溪角中学', '195万', '单价13969元/平米')
('https://image1.ljcdn.com/442000-inspection/46b66117-a879-4cfa-8276-8e987c47749f.jpg.296x216.jpg', '华发四季 毛坯靓房 方正实用 采光通风好', '华发四季  ', '高楼层(共32层)2019年建塔楼  -  溪角中学', '166万', '单价12969元/平米')
('https://image1.ljcdn.com/442000-inspection/6ebeb04d-8c03-44da-bbcd-bbed97560bcf.jpg.296x216.jpg', '时代倾城 精装修三房 朝北看花园 证满两年', '时代倾城  ', '低楼层(共26层)2012年建塔楼  -  博爱一南', '170万', '单价14783元/平米')
('https://image1.ljcdn.com/442000-inspection/548a5e87-b13a-4f95-a2da-80de692bd8d2.jpg.296x216.jpg', '户型方正 采光好 精装修拎包入住 产权清晰', '世纪新城三期  ', '中楼层(共24层)板楼  -  博爱一南', '123万', '单价13226元/平米')
('https://image1.ljcdn.com/442000-inspection/b8a52dcf-0f62-4deb-9c0d-093ec00656ba.jpg.296x216.jpg', '中海翠林兰溪园 双拼别墅 带简装修 位置安静', '中海翠林兰溪园  ', '1层2009年建塔楼  -  中海翠林', '520万', '单价19189元/平米')
('https://image1.ljcdn.com/442000-inspection/355e7e2f-f580-40b7-9f80-bc8259d25236.jpg.296x216.jpg', '中海翠林兰溪园 电梯三房 带装修 南北通透', '中海翠林兰溪园  ', '中楼层(共9层)板楼  -  中海翠林', '145万', '单价11627元/平米')
('https://image1.ljcdn.com/442000-inspection/9a1bb65f-59a6-4baa-a4ad-44338653bd31.jpg.296x216.jpg', '世纪新城 南北对流 毛坯大三房 满两年 视野开阔', '世纪新城三期  ', '低楼层(共30层)板楼  -  博爱一南', '190万', '单价13381元/平米')
('https://image1.ljcdn.com/442000-inspection/f60a5734-4fb3-4fe3-bf31-576e5d81aec1.jpg.296x216.jpg', '中海翠林。精装四房，高楼层，视野好，诚心出售。', '中海翠林兰溪园  ', '高楼层(共18层)2009年建板楼  -  中海翠林', '155万', '单价11924元/平米')
('https://image1.ljcdn.com/442000-inspection/e1115a27-bc51-46fd-b185-aad629500742.jpg.296x216.jpg', '华发四季 精装四房 南北向 大社区', '华发四季  ', '中楼层(共32层)2019年建塔楼  -  溪角中学', '178万', '单价13907元/平米')
('https://image1.ljcdn.com/442000-inspection/72f3710e-f9e3-4724-aec5-e823e2a642dc.jpg.296x216.jpg', '世纪新城二期，毛坯三房，高楼层。', '世纪新城二期幸福时光  ', '高楼层(共28层)2010年建板楼  -  博爱一南', '226万', '单价20000元/平米')
('https://image1.ljcdn.com/442000-inspection/56be5b7a-3592-45e1-a5be-a27a3895784d.jpg.296x216.jpg', '世纪新城 三期 毛坯四房  大阳台 望花园', '世纪新城三期  ', '低楼层(共30层)板楼  -  博爱一南', '178万', '单价12362元/平米')
('https://image1.ljcdn.com/442000-inspection/82376338-f38f-4e94-bde9-5271349af6f1.jpg.296x216.jpg', '世纪新城C区 四房两厅 毛坯房 满两年', '世纪新城三期  ', '低楼层(共30层)板楼  -  博爱一南', '180万', '单价12500元/平米')
('https://image1.ljcdn.com/442000-inspection/7b89c829-ea86-4e23-8465-9876fbaec0bc.jpg.296x216.jpg', '中信左岸花园小区，中装三房，诚心出售。', '中信左岸花园  ', '高楼层(共24层)板楼  -  博爱一南', '160万', '单价14815元/平米')
('https://image1.ljcdn.com/442000-inspection/8ddd295e-c8ce-4838-9ea6-de1b52cd4f65.jpg.296x216.jpg', '星宝明珠花园 1室1厅 42万', '星宝明珠花园  ', '低楼层(共18层)2010年建塔楼  -  星宝', '42万', '单价11053元/平米')
('https://image1.ljcdn.com/442000-inspection/c0479730-a8e1-4ed7-b52d-952ba8d0c026.jpg.296x216.jpg', '世纪新城 精装复式四房 层高六米 送露台', '世纪新城三期  ', '高楼层(共23层)板楼  -  博爱一南', '200万', '单价16261元/平米')
('https://image1.ljcdn.com/442000-inspection/db11a95b-7f36-43f1-aff8-0a75c31195d7.jpg.296x216.jpg', '华发四季 三房二厅 格局方正 随时可看', '华发四季  ', '高楼层(共26层)2019年建塔楼  -  溪角中学', '155万', '单价13026元/平米')
('https://image1.ljcdn.com/442000-inspection/4d6558ec-2c1c-4930-abe4-fad0404c196c.jpg.296x216.jpg', '格局方正 采光通透 中楼层 视野好', '奥园金域  ', '低楼层(共32层)塔楼  -  汽车总站', '108万', '单价11740元/平米')
('https://image1.ljcdn.com/442000-inspection/091e52d2-79cb-4204-a17a-d2c4e2b5af2e.jpg.296x216.jpg', '精装套房  未出租过  保养很好  诚意出售', '宝嘉上筑  ', '高楼层(共28层)2008年建塔楼  -  龙瑞', '63万', '单价13393元/平米')
('https://image1.ljcdn.com/442000-inspection/8bd942ca-f9ea-4ab9-8fe9-6c7c8ba6bafc.jpg.296x216.jpg', '采光通风极佳 楼层好 视野开阔 首选中信左岸', '中信左岸花园  ', '高楼层(共24层)板楼  -  博爱一南', '150万', '单价16130元/平米')
('https://image1.ljcdn.com/442000-inspection/4c48a4b6-3077-4cb2-baf4-a4284f030548.jpg.296x216.jpg', '康桥活力城 南向 满五年 电梯 两房 有天台可供使用', '康桥活力城  ', '高楼层(共11层)2008年建板楼  -  星宝', '88万', '单价12055元/平米')
('https://image1.ljcdn.com/442000-inspection/e0daad50-3792-46e6-8948-d204c420c73b.jpg.296x216.jpg', '广联蓝爵毛坯三房，可做四房，户型方正。', '广联蓝爵花园  ', '低楼层(共26层)2014年建塔楼  -  溪角中学', '128万', '单价11429元/平米')
('https://image1.ljcdn.com/442000-inspection/3a9c482a-747d-43c4-8007-106084ead9c0.jpg.296x216.jpg', '世纪新城 朝南2房 带平台 精致装修 采光通风好', '世纪新城二期幸福时光  ', '低楼层(共32层)2010年建板楼  -  博爱一南', '150万', '单价16130元/平米')
('https://image1.ljcdn.com/442000-inspection/59771142-172b-443f-bb58-3a751c64a71c.jpg.296x216.jpg', '广联时代公寓 电梯公寓北向 红本在手', '广联时代公寓  ', '中楼层(共8层)2005年建塔楼  -  厚山广场', '25万', '单价10417元/平米')
('https://image1.ljcdn.com/442000-inspection/f1fbc377-e1e3-474f-9a5b-bfd3d1cf1560.jpg.296x216.jpg', '中信左岸花园 3室2厅 158万', '中信左岸花园  ', '低楼层(共14层)板楼  -  博爱一南', '158万', '单价15968元/平米')
('https://image1.ljcdn.com/442000-inspection/7acbbf58-617b-4157-a585-39ae803358d4.jpg.296x216.jpg', '宝嘉上筑 中层满五南向两房 业主诚售', '宝嘉上筑  ', '中楼层(共18层)2008年建塔楼  -  龙瑞', '115万', '单价14632元/平米')
('https://image1.ljcdn.com/442000-inspection/fe78f107-3352-4e20-ac46-3fdc4d206240.jpg.296x216.jpg', '时代倾城 带90平大平台 精装三房 急售', '时代倾城  ', '低楼层(共25层)2014年建塔楼  -  博爱一南', '168万', '单价13915元/平米')
('https://image1.ljcdn.com/442000-inspection/369412c4-a456-4e1c-a8e2-1bc0e361d64b.jpg.296x216.jpg', '中海翠林兰溪园 5室3厅 410万', '中海翠林兰溪园  ', '1层2009年建塔楼  -  中海翠林', '410万', '单价19524元/平米')
('https://image1.ljcdn.com/442000-inspection/a7288811-8902-4963-b957-0d572a8a8c05.jpg.296x216.jpg', '世纪新城幸福时光 毛坯三房两厅 朝南单位 品牌物业', '世纪新城二期幸福时光  ', '低楼层(共28层)2010年建板楼  -  博爱一南', '165万', '单价14225元/平米')
('https://image1.ljcdn.com/442000-inspection/6b339fba-25da-4f10-acea-03a0dd26c06a.jpg.296x216.jpg', '世纪新城三期 2室2厅 168万', '世纪新城三期  ', '低楼层(共30层)板楼  -  博爱一南', '168万', '单价16311元/平米')
('https://image1.ljcdn.com/442000-inspection/9ebaa661-10ea-4cd6-8f2d-f11dfa84412c.jpg.296x216.jpg', '汉基花园 简装3房 中间楼层 诚意出售', '汉基花园  ', '高楼层(共7层)2010年建塔楼  -  星宝', '120万', '单价9310元/平米')
('https://image1.ljcdn.com/442000-inspection/770022f8-83e3-47c6-a5e1-00a1b29419ae.jpg.296x216.jpg', '中信左岸 精装4房 格局方正 南北对流', '中信左岸花园  ', '高楼层(共24层)板楼  -  博爱一南', '202.5万', '单价15000元/平米')
('', '平湖秋月花园 2室2厅 100万', '平湖秋月花园  ', '中楼层(共18层)2010年建塔楼  -  溪角中学', '100万', '单价11395元/平米')
('', '时代倾城 装修四房 诚意出售 满两年', '时代倾城  ', '低楼层(共23层)2013年建塔楼  -  博爱一南', '179万', '单价14640元/平米')
('https://image1.ljcdn.com/442000-inspection/8523f301-f406-4929-91ae-fc3b829718c7.jpg.296x216.jpg', '汽车总站 明月花园 南北对流 价格实惠', '明月花园  ', '高楼层(共6层)2005年建塔楼  -  汽车总站', '103.8万', '单价8607元/平米')
('https://image1.ljcdn.com/442000-inspection/9a1af729-1105-44b3-8761-45e5b9ae9cb3.jpg.296x216.jpg', '中海翠林  两房出售 有装修 改三房', '中海翠林兰溪园  ', '中楼层(共9层)2009年建板楼  -  中海翠林', '100万', '单价11120元/平米')
('https://image1.ljcdn.com/442000-inspection/db1d0399-3f01-4f58-a013-b610d39d424f.jpg.296x216.jpg', '世纪新城 温馨一房 采光通风好 高楼层', '世纪新城一期A区  ', '高楼层(共24层)2007年建板楼  -  博爱一南', '90万', '单价15000元/平米')
('https://image1.ljcdn.com/442000-inspection/1d355330-dd34-436d-9682-9d02d123d69a.jpg.296x216.jpg', '中信左岸花园 车位 20万', '中信左岸花园  ', '暂无数据  -  博爱一南', '20万', '单价16000元/平米')
('', '世纪新城一期A区 1室1厅 106万', '世纪新城一期A区  ', '中楼层(共24层)2007年建板楼  -  博爱一南', '106万', '单价14061元/平米')
('https://image1.ljcdn.com/442000-inspection/6185e25f-a8bb-45e5-97e5-537128c9401e.jpg.296x216.jpg', '汉基花园 三室两厅 130平 精装修', '汉基花园  ', '高楼层(共7层)2010年建塔楼  -  星宝', '125万', '单价9583元/平米')
('https://image1.ljcdn.com/442000-inspection/200ad984-e33e-47ba-a962-d1f4a4225b70.jpg.296x216.jpg', '宝嘉上筑 简约三房 诚意出售  。', '宝嘉上筑  ', '高楼层(共28层)2008年建塔楼  -  龙瑞', '160万', '单价15239元/平米')
('https://image1.ljcdn.com/442000-inspection/c4d40e85-b196-4b56-a5c6-351f3f0ef8a5.jpg.296x216.jpg', '星宝明珠朝北2房望小区 高层不吵', '星宝明珠花园  ', '高楼层(共17层)2010年建塔楼  -  星宝', '98万', '单价11137元/平米')
('', '时代倾城 带装修三房 诚售 吉之岛商圈', '时代倾城  ', '中楼层(共26层)2012年建塔楼  -  博爱一南', '161万', '单价14000元/平米')
('https://image1.ljcdn.com/442000-inspection/799f1831-21c0-46fd-8c3d-15323c3cd730.jpg.296x216.jpg', '中信左岸 家私电器齐 大三房可改四房', '中信左岸花园  ', '高楼层(共24层)板楼  -  博爱一南', '240万', '单价14724元/平米')
('https://image1.ljcdn.com/442000-inspection/c30340c5-c65a-41b4-99c8-ed187d1753d7.jpg.296x216.jpg', '温馨4房 户型方正 光趟明亮 交通方便 带大平台', '苏荷雅居  ', '高楼层(共18层)2002年建塔楼  -  溪角中学', '130万', '单价14461元/平米')
('https://image1.ljcdn.com/442000-inspection/88db9152-20e2-4459-98bd-e689c2814ee8.jpg.296x216.jpg', '中信左岸 四房 南北通透 送车位', '中信左岸花园  ', '低楼层(共24层)板楼  -  博爱一南', '200万', '单价15038元/平米')
('https://image1.ljcdn.com/442000-inspection/a5d71347-d1d9-4b60-baaa-d77b3b716a72.jpg.296x216.jpg', '平湖秋月 毛坯两房 送一个大平台 可改三房', '平湖秋月花园  ', '高楼层(共11层)2010年建塔楼  -  溪角中学', '100万', '单价12500元/平米')
('https://image1.ljcdn.com/442000-inspection/f1a8247a-f368-49ab-9b24-9ea7ab949273.jpg.296x216.jpg', '大一房一厅精装修 沙溪星宝明珠花园', '星宝明珠花园  ', '中楼层(共18层)2010年建塔楼  -  星宝', '75万', '单价11364元/平米')
('https://image1.ljcdn.com/442000-inspection/86976970-ccbb-4602-ba36-85e88a8e83b6.jpg.296x216.jpg', '星宝明珠 一房公寓 住宅性质 易出租 楼层适中', '星宝明珠花园  ', '中楼层(共18层)2010年建塔楼  -  星宝', '54万', '单价12000元/平米')
('https://image1.ljcdn.com/442000-inspection/ea1ec81c-0ab5-49da-a284-c89eeddcb57e.jpg.296x216.jpg', '康桥花地 中间楼层 三房两厅两卫 诚心出售', '康桥花地  ', '中楼层(共11层)塔楼  -  龙瑞', '170万', '单价13386元/平米')
('https://image1.ljcdn.com/442000-inspection/598ae306-043d-46c9-82c7-3b421b00093f.jpg.296x216.jpg', '世纪新城三期 4室2厅 298万', '世纪新城三期  ', '低楼层(共30层)板楼  -  博爱一南', '298万', '单价16649元/平米')
('', '中海翠林兰溪园 毛坯两房 户型方正', '中海翠林兰溪园  ', '中楼层(共9层)2009年建板楼  -  中海翠林', '77万', '单价9967元/平米')
('https://image1.ljcdn.com/442000-inspection/ff773d93-d8b2-417e-9a2b-15d5c1b68428.jpg.296x216.jpg', '宝嘉上筑靠6、3、2幢靓车位诚心出售', '宝嘉上筑  ', '暂无数据  -  龙瑞', '13万', '单价4259元/平米')
('https://image1.ljcdn.com/442000-inspection/427443b6-449e-40d1-a6c8-26b6c7bdb2ee.jpg.296x216.jpg', '精致装修  保养很好  南北对流   成熟商圈', '汇豪新天地  ', '高楼层(共11层)2008年建塔楼  -  龙瑞', '147万', '单价12488元/平米')
('https://image1.ljcdn.com/442000-inspection/cb7449d3-610f-4f0c-b7ba-dd849897753c.jpg.296x216.jpg', '奕豪园 装修四房 户型方正 诚意出售', '奕豪园  ', '低楼层(共18层)2009年建塔楼  -  厚山广场', '160万', '单价11941元/平米')
('https://image1.ljcdn.com/442000-inspection/2768ee8e-7d42-4364-9726-d5d443383e3b.jpg.296x216.jpg', '锦绣沙溪会都苑 一房一厅 带装修 保养好', '锦绣沙溪会都苑  ', '中楼层(共9层)2007年建塔楼  -  星宝', '43万', '单价9973元/平米')
('https://image1.ljcdn.com/442000-inspection/17f1d2e6-dee7-4194-83fb-4f6f6482f7ec.jpg.296x216.jpg', '中信左岸 精装三房 格局方正 南北对流', '中信左岸花园  ', '中楼层(共24层)板楼  -  博爱一南', '160万', '单价14036元/平米')
('https://image1.ljcdn.com/442000-inspection/bf1f855a-56e1-4bdd-96da-4cc24068f390.jpg.296x216.jpg', '平湖秋月花园 3室2厅 120万', '平湖秋月花园  ', '低楼层(共11层)2010年建塔楼  -  溪角中学', '120万', '单价12245元/平米')
('https://image1.ljcdn.com/442000-inspection/d2285e56-0a8c-4163-a024-7d7f2fa38606.jpg.296x216.jpg', '中信左岸 高楼层 南北对流 宽敞舒适', '中信左岸花园  ', '中楼层(共24层)板楼  -  博爱一南', '200万', '单价14927元/平米')
('https://image1.ljcdn.com/442000-inspection/245c0f53-e84b-4b69-b3fd-8d53c3442ebb.jpg.296x216.jpg', '星都苑复式带平台四房 业主诚意出售', '星都苑  ', '高楼层(共6层)2007年建塔楼  -  星宝', '125万', '单价7717元/平米')
('https://image1.ljcdn.com/442000-inspection/a9703d10-c2d1-4933-8a92-54a4419820aa.jpg.296x216.jpg', '溪角云汉自建房 带简单装修 看房方便 配套成熟', '溪角云汉  ', '低楼层(共3层)暂无数据  -  龙瑞', '430万', '单价20340元/平米')
('https://image1.ljcdn.com/442000-inspection/41fdac04-37bc-44bd-8d66-be3250821dbb.jpg.296x216.jpg', '宝兴花园   车库  在小区里面  诚意出售', '宝兴花园  ', '塔楼  -  星宝', '22万', '单价2716元/平米')
('https://image1.ljcdn.com/442000-inspection/9c1794d8-7789-4e8f-95b0-5c243c584885.jpg.296x216.jpg', '高雅花园 3房 毛坯向南  诚意出售', '高雅花园  ', '低楼层(共17层)塔楼  -  星宝', '101万', '单价10194元/平米')
('https://image1.ljcdn.com/442000-inspection/fe5b26dc-65f3-4ef7-b597-cb1cc7b385bb.jpg.296x216.jpg', '中海翠林超大双拼别墅 毛坯 赠送多', '中海翠林兰溪园  ', '1层2009年建塔楼  -  中海翠林', '450万', '单价17510元/平米')
('https://image1.ljcdn.com/442000-inspection/e73dc983-513b-474e-b939-730b6012bee4.jpg.296x216.jpg', '世纪新城三期，地下车位，诚意出售', '世纪新城三期  ', '塔楼  -  博爱一南', '14万', '单价4375元/平米')
('https://image1.ljcdn.com/442000-inspection/ff606932-9a5a-4986-ab06-e65931ace855.jpg.296x216.jpg', '沙溪镇政府 广联时代公寓 1房1厅出售', '广联时代公寓  ', '中楼层(共8层)2005年建塔楼  -  厚山广场', '40万', '单价9348元/平米')
('https://image1.ljcdn.com/442000-inspection/cd1a7c44-e7e9-4430-8e0c-60f8ad3d7ae9.JPG.296x216.jpg', '星宝明珠二期小区简单装 朝南阳台 安静舒适', '星宝明珠花园  ', '低楼层(共17层)2010年建塔楼  -  星宝', '118万', '单价10000元/平米')
('https://image1.ljcdn.com/442000-inspection/2819eb87-6807-42aa-a707-eb60decf182c.jpg.296x216.jpg', '安静不靠路 还有2个车位送。4房送地下库还有花园', '中海翠林兰溪园  ', '低楼层(共1层)2009年建塔楼  -  中海翠林', '340万', '单价18479元/平米')
('https://image1.ljcdn.com/442000-inspection/ceb518d3-b594-4442-82af-aa17468af038.jpg.296x216.jpg', '世纪新城二期，幸福时光，车位出售', '世纪新城二期幸福时光  ', '塔楼  -  博爱一南', '14万', '单价4667元/平米')
('https://image1.ljcdn.com/442000-inspection/7510b798-cf0c-4062-95d6-1273f03ff115.jpg.296x216.jpg', '华发四季 毛坯三房 高楼层 视野好', '华发四季  ', '高楼层(共32层)2019年建塔楼  -  溪角中学', '121万', '单价12605元/平米')
('https://image1.ljcdn.com/442000-inspection/4f08c762-df81-48ac-8027-414808f0082a.jpg.296x216.jpg', '中海翠林兰溪园 双拼毛坯别墅 位置安静', '中海翠林兰溪园  ', '1层2009年建塔楼  -  中海翠林', '550万', '单价20755元/平米')
('https://image1.ljcdn.com/442000-inspection/447bef9c-3f48-4831-84ad-c1037d804f5e.jpg.296x216.jpg', '世纪新城三期  毛坯带花园三房   朝南  诚意出售', '世纪新城三期  ', '低楼层(共30层)板楼  -  博爱一南', '156万', '单价12284元/平米')
('https://image1.ljcdn.com/442000-inspection/7dbd8553-1b58-4ecd-bba2-63eb283f5d80.jpg.296x216.jpg', '沙溪吉之岛 两房 精装高楼层 新装修', '平湖秋月花园  ', '高楼层(共11层)2010年建塔楼  -  溪角中学', '95万', '单价11586元/平米')
('https://image1.ljcdn.com/442000-inspection/bb442545-4cec-43aa-bb84-e83d158812d8.jpg.296x216.jpg', '世纪新城，毛坯两房，中间楼层，视野好。', '世纪新城三期  ', '中楼层(共24层)板楼  -  博爱一南', '125万', '单价13298元/平米')
('https://image1.ljcdn.com/442000-inspection/a6ebb261-f5e2-4138-8c2e-6d5d76fd86e5.jpg.296x216.jpg', '博爱一路 中信左岸 毛坯4房 格局方正', '中信左岸花园  ', '低楼层(共24层)板楼  -  博爱一南', '248万', '单价14419元/平米')
('https://image1.ljcdn.com/442000-inspection/2741c864-ac3d-45f5-ae85-7233a7ec09c0.jpg.296x216.jpg', '时代倾城 精装4房 朝南视野很好', '时代倾城  ', '中楼层(共26层)2012年建塔楼  -  博爱一南', '198万', '单价15000元/平米')
('', '世纪新城B区 两房两厅 精装修 有电梯 业主自住', '世纪新城一期B区  ', '高楼层(共11层)2007年建板楼  -  博爱一南', '142万', '单价16706元/平米')
('https://image1.ljcdn.com/442000-inspection/a942eb4e-3efb-465e-b63e-1e73652869f4.jpg.296x216.jpg', '中海翠林 高层景观房 东南朝向 仅需缴纳契税', '中海翠林兰溪园  ', '高楼层(共9层)2009年建板楼  -  中海翠林', '82万', '单价10000元/平米')
('https://image1.ljcdn.com/442000-inspection/791b22cb-9827-4d4c-86af-a8b2808ccdca.jpg.296x216.jpg', '精致装修  户型方正  保养很好   证满五年', '世纪新城一期B区  ', '低楼层(共26层)2007年建板楼  -  博爱一南', '420万', '单价17977元/平米')
('https://image1.ljcdn.com/442000-inspection/1a7752c9-191b-4e48-9e43-c266b27b4319.jpg.296x216.jpg', '平湖秋月 望园林湖景  精致三房两卫 无遮挡', '平湖秋月花园  ', '低楼层(共18层)2010年建塔楼  -  溪角中学', '122万', '单价11437元/平米')
('', '水岸花都 2室1厅 95万', '水岸花都  ', '中楼层(共11层)2010年建塔楼  -  星宝', '95万', '单价12066元/平米')
('https://image1.ljcdn.com/442000-inspection/2e0fa000-a98e-46c6-87f7-e0a5eff8c466.jpg.296x216.jpg', '世纪新城A区 装修一房 看房方便 满二免增值税', '世纪新城一期A区  ', '低楼层(共18层)2007年建板楼  -  博爱一南', '85万', '单价15455元/平米')
('https://image1.ljcdn.com/442000-inspection/d48e6dbf-a20a-4d0c-b724-6b3ce4b56924.JPG.296x216.jpg', '沙溪 星宝明珠 精致装修 诚意出售 实用 出行便利', '星宝明珠花园  ', '低楼层(共17层)2010年建塔楼  -  星宝', '309万', '单价12984元/平米')
('https://image1.ljcdn.com/442000-inspection/fef869b0-efb3-4788-8863-6a6565bce235.jpg.296x216.jpg', '誉花园 东向装修2房 诚心出售', '誉花园  ', '中楼层(共13层)2007年建塔楼  -  溪角中学', '95万', '单价11310元/平米')
('https://image1.ljcdn.com/442000-inspection/de0d5215-ff89-494c-87d4-8aa81298fe49.jpg.296x216.jpg', '温馨两房 带租出售 朝南单位 舒适优雅', '广联时代公寓  ', '低楼层(共8层)2005年建塔楼  -  厚山广场', '65万', '单价9888元/平米')
('https://image1.ljcdn.com/442000-inspection/3cba8d79-7ff7-46b9-97be-6e2fc2342b58.jpg.296x216.jpg', '汉基花园 电梯洋房 毛坯三房  中高楼层', '汉基花园  ', '中楼层(共10层)2010年建塔楼  -  星宝', '135万', '单价10631元/平米')
('https://image1.ljcdn.com/442000-inspection/f301385a-b3a2-4cd9-b2e6-42a62e488c9a.jpg.296x216.jpg', '吉之岛，宝嘉上筑。四房三厅，笋盘出售', '宝嘉上筑  ', '低楼层(共24层)2008年建塔楼  -  龙瑞', '190万', '单价14616元/平米')
('https://image1.ljcdn.com/442000-inspection/de02fdd5-1d6e-4310-94a3-6febd693751d.jpg.296x216.jpg', '汽车总站旁 高层两房 奥园金域', '奥园金域  ', '高楼层(共20层)塔楼  -  汽车总站', '112万', '单价12468元/平米')
('https://image1.ljcdn.com/442000-inspection/9f117765-3a56-4add-be4c-84a316708574.jpg.296x216.jpg', '锦绣沙溪 2层复式 业主诚心出售', '锦绣沙溪  ', '高楼层(共6层)2000年建塔楼  -  星宝', '120万', '单价8889元/平米')
('https://image1.ljcdn.com/442000-inspection/f8bd4f30-4afa-4844-925d-10b55559021a.jpg.296x216.jpg', '雅居乐世纪新城 精装两房 满五唯一 保养好 户型方正', '世纪新城三期  ', '高楼层(共24层)板楼  -  博爱一南', '136万', '单价14469元/平米')
('https://image1.ljcdn.com/442000-inspection/efe9a19c-a3c8-46cc-8a06-133ad3655239.jpg.296x216.jpg', '世纪新城 毛坯3房 格局方正 采光通透 视野开阔', '世纪新城三期  ', '低楼层(共30层)板楼  -  博爱一南', '190万', '单价14844元/平米')
('', '中海翠林兰溪园 联排单边别墅 超大花园', '中海翠林兰溪园  ', '1层2009年建塔楼  -  中海翠林', '380万', '单价20431元/平米')
('', '康桥活力城 北向3+2房 看小区园林 位置安静', '康桥活力城  ', '低楼层(共11层)2008年建板楼  -  星宝', '110万', '单价10668元/平米')
('https://image1.ljcdn.com/442000-inspection/51a677fb-04b9-41f2-b16b-823935d18c64.jpg.296x216.jpg', '平湖秋月 赠一个大平台 毛坯两房可以改三房', '平湖秋月花园  ', '高楼层(共11层)2010年建塔楼  -  溪角中学', '100万', '单价12500元/平米')
('https://image1.ljcdn.com/442000-inspection/f44f7ffc-f6fb-4030-95ac-c180ddfcbdaa.jpg.296x216.jpg', '宽敞四房  满五唯一  南北通透  送大平台', '阳光半岛  ', '高楼层(共9层)2008年建塔楼  -  星宝', '198万', '单价12081元/平米')
('https://image1.ljcdn.com/442000-inspection/d1789a30-0cf3-4407-a673-e1e4101546a7.jpg.296x216.jpg', '中信左岸 精装两房，拎包即住朝南户型', '中信左岸花园  ', '中楼层(共24层)板楼  -  博爱一南', '130万', '单价15115元/平米')
('', '宝嘉上筑 精装一房一厅 诚售 临菜丁市场', '宝嘉上筑  ', '低楼层(共28层)2008年建塔楼  -  龙瑞', '60万', '单价14410元/平米')
('https://image1.ljcdn.com/442000-inspection/ec001076-b705-458e-a93d-1ef321ac527c.jpg.296x216.jpg', '世纪新城C区 精装三房 位置安静 送家私电器', '世纪新城三期  ', '低楼层(共30层)板楼  -  博爱一南', '158万', '单价15340元/平米')
('https://image1.ljcdn.com/442000-inspection/2c6f1243-f34f-412e-b0ba-bd6da76ed672.jpg.296x216.jpg', '世纪新城三期 4室2厅 800万', '世纪新城三期  ', '1层暂无数据  -  博爱一南', '800万', '单价30652元/平米')
('https://image1.ljcdn.com/442000-inspection/617135e2-82f2-4452-8cdf-8a477a332106.jpg.296x216.jpg', '中信左岸 复式 买一层送一层 再送大花园', '中信左岸花园  ', '低楼层(共24层)板楼  -  博爱一南', '200万', '单价17392元/平米')
('', '广联时代公寓 一房公寓 易出租 使用率高', '广联时代公寓  ', '中楼层(共8层)2005年建塔楼  -  厚山广场', '27万', '单价9997元/平米')
('', '时代倾城 2室2厅 120万', '时代倾城  ', '高楼层(共32层)2014年建塔楼  -  博爱一南', '120万', '单价13954元/平米')
('https://image1.ljcdn.com/442000-inspection/7c56da9d-0715-4e89-81ec-63b34d3e922c.jpg.296x216.jpg', '中信左岸，精装复式四房，送超大后花园。', '中信左岸花园  ', '低楼层(共24层)板楼  -  博爱一南', '350万', '单价38044元/平米')
('https://image1.ljcdn.com/442000-inspection/8c2ef370-1824-4d63-91c4-9a706d36d0b9.jpg.296x216.jpg', '宝嘉上筑 3室2厅 130万', '宝嘉上筑  ', '高楼层(共24层)2008年建塔楼  -  龙瑞', '130万', '单价14773元/平米')
('', '世纪新城A区 精装三房 长阳台 满两年 送家私电器', '世纪新城一期A区  ', '低楼层(共18层)2007年建板楼  -  博爱一南', '210万', '单价17476元/平米')
('https://image1.ljcdn.com/442000-inspection/71ebd5f9-a487-4b5a-95c7-9d6d4870252b.jpg.296x216.jpg', '时代倾城 朝南毛坯两房 中高楼层', '时代倾城  ', '中楼层(共32层)2012年建塔楼  -  博爱一南', '122万', '单价13556元/平米')
('https://image1.ljcdn.com/442000-inspection/5deecbca-bf11-47e3-8638-bbe4c2160ac3.jpg.296x216.jpg', '中海翠林 联排别墅 户型好 位置安静', '中海翠林兰溪园  ', '1层2009年建塔楼  -  中海翠林', '350万', '单价17767元/平米')
('', '本房子精装修，家私家电全送，拎包入 住', '星宝明珠花园  ', '中楼层(共23层)2010年建塔楼  -  星宝', '95万', '单价16380元/平米')
('https://image1.ljcdn.com/442000-inspection/b04c4545-d6a6-4066-9ada-167a9df4f3ff.jpg.296x216.jpg', '星宝明珠花园 两房 高楼层视野开阔', '星宝明珠花园  ', '高楼层(共17层)2010年建塔楼  -  星宝', '120万', '单价11215元/平米')
('https://image1.ljcdn.com/442000-inspection/fd1bfdd0-666a-40e5-8b8a-ad18b2a7da18.jpg.296x216.jpg', '伟成新村 3室2厅 68万', '伟成新村  ', '高楼层(共7层)板楼  -  溪角中学', '68万', '单价6539元/平米')
('https://image1.ljcdn.com/442000-inspection/4b36e027-50a6-4cb6-92c3-800c10bead09.jpg.296x216.jpg', '时代倾城 4室2厅 户型方正 诚意出售', '时代倾城  ', '低楼层(共32层)2014年建塔楼  -  博爱一南', '190万', '单价13381元/平米')
('https://image1.ljcdn.com/442000-inspection/735fea3b-c35f-437f-bc5f-628fca451a03.jpg.296x216.jpg', '水岸花都 平层3房2卫  精装修。', '水岸花都  ', '高楼层(共18层)塔楼  -  星宝', '155万', '单价11833元/平米')
('https://image1.ljcdn.com/442000-inspection/5c26439d-07a3-4d2c-90fd-45cf42087b87.jpg.296x216.jpg', '时代倾城 实用三加二房 高层望花园 有车位', '时代倾城  ', '高楼层(共24层)2013年建塔楼  -  博爱一南', '175万', '单价13889元/平米')
('', '中山汽车总站 汉基花园 朝南电梯3房 生活便利环境优美', '汉基花园  ', '中楼层(共7层)2010年建塔楼  -  星宝', '100万', '单价9260元/平米')
('https://image1.ljcdn.com/442000-inspection/8aa14eaf-29bc-48b7-a0c4-45c7eb991697.jpg.296x216.jpg', '世纪新城A区 江景景观 清水一房 满二免增值税', '世纪新城一期A区  ', '低楼层(共24层)2007年建板楼  -  博爱一南', '112万', '单价14934元/平米')
('https://image1.ljcdn.com/442000-inspection/87e74cc8-6d10-4084-829c-a62e06fe4a6f.jpg.296x216.jpg', '中信左岸，稀缺户型，精装三房，诚心出售。', '中信左岸花园  ', '高楼层(共24层)板楼  -  博爱一南', '170万', '单价15182元/平米')
('', '星宝明珠花园 6室2厅 285万', '星宝明珠花园  ', '低楼层(共17层)2010年建塔楼  -  星宝', '285万', '单价11975元/平米')
('https://image1.ljcdn.com/442000-inspection/84bfb776-3f17-4afa-8154-f039e2a3e3e2.jpg.296x216.jpg', '宝嘉上筑 带精致装修 正南户型 采光通风很棒', '宝嘉上筑  ', '低楼层(共28层)2008年建塔楼  -  龙瑞', '162万', '单价14728元/平米')
('https://image1.ljcdn.com/442000-inspection/53ed2dc9-8d87-4f9d-931e-18613b9a143b.jpg.296x216.jpg', '中海翠林兰溪园  联排别墅  带装修 南北通透', '中海翠林兰溪园  ', '1层2009年建塔楼  -  中海翠林', '370万', '单价17875元/平米')
('', '康桥活力城 3室2厅 126万', '康桥活力城  ', '高楼层(共11层)2008年建板楼  -  星宝', '126万', '单价11887元/平米')
('https://image1.ljcdn.com/442000-inspection/a9e42359-f63f-42e8-898f-f70f5ff3546c.jpg.296x216.jpg', '奕豪园 复式三房 精装修 业主自住 复式格局', '奕豪园  ', '高楼层(共11层)2009年建塔楼  -  厚山广场', '140万', '单价15513元/平米')
('https://image1.ljcdn.com/442000-inspection/936b98f3-fce2-4a1d-848b-b94767d0308d.jpg.296x216.jpg', '小区新 单价低 低总价房间多 适合大家庭住', '锦绣沙溪  ', '高楼层(共6层)2000年建塔楼  -  星宝', '168万', '单价7915元/平米')
('', '时代倾城 3室2厅 190万', '时代倾城  ', '高楼层(共24层)2013年建塔楼  -  博爱一南', '190万', '单价15574元/平米')
('https://image1.ljcdn.com/442000-inspection/f8ce597e-a75b-41f6-857b-5fbf25ec2892.jpg.296x216.jpg', '中信左岸111㎡少有户型，精装三房出售!', '中信左岸花园  ', '低楼层(共24层)板楼  -  博爱一南', '160万', '单价14160元/平米')
('', '隆兴花园 3室2厅 100万', '隆兴花园  ', '低楼层(共6层)2008年建塔楼  -  沙溪镇政府', '100万', '单价9524元/平米')
('https://image1.ljcdn.com/442000-inspection/c4cdfcab-e200-4431-804f-d695113e8cfd.jpg.296x216.jpg', '平湖秋月 精致三房 看园林 望湖 诚意出售 税费少', '平湖秋月花园  ', '中楼层(共11层)2010年建塔楼  -  溪角中学', '130万', '单价12923元/平米')
('', '中信左岸花园 4室2厅 243万', '中信左岸花园  ', '中楼层(共24层)板楼  -  博爱一南', '243万', '单价15000元/平米')
('https://image1.ljcdn.com/442000-inspection/699cad29-eea7-435a-b055-0d0c309e83a1.jpg.296x216.jpg', '中信左岸 南北对流 2017年装修自住保养好 证满五年', '中信左岸花园  ', '高楼层(共24层)板楼  -  博爱一南', '220万', '单价16484元/平米')
('', '中信左岸 稀少户型 朝南户型 看小区花园和泳池', '中信左岸花园  ', '中楼层(共24层)板楼  -  博爱一南', '160万', '单价17205元/平米')
