('https://image1.ljcdn.com/442000-inspection/66a70cbf-311b-4fff-90d5-f61a88ee66dc.jpg.296x216.jpg', '简单装修 满五唯 一   电梯公寓', '星晨广场二期  ', '中楼层(共15层)2008年建塔楼  -  彩虹', '96万', '单价12200元/平米')
('https://image1.ljcdn.com/442000-inspection/4ce30714-4ddf-4f37-875f-a43cae242c66.jpg.296x216.jpg', '中山奥园 实用大四房 中高楼层 实用高', '奥园三期一区  ', '中楼层(共31层)2014年建板楼  -  广丰', '170万', '单价12409元/平米')
('https://image1.ljcdn.com/442000-inspection/47dfa148-2a9b-496c-95d4-8d874b6d858a.jpg.296x216.jpg', '奥园 毛坯三房两卫 南北通透户型', '奥园三期一区  ', '高楼层(共31层)板楼  -  广丰', '127.2万', '单价11000元/平米')
('https://image1.ljcdn.com/442000-inspection/c7685d57-a6d6-4fb4-a3bb-de9658d03150.jpg.296x216.jpg', '中山奥园 装修三房 东南向 不靠路 安静采光好 看别墅', '奥园二期五区  ', '中楼层(共27层)2012年建板楼  -  广丰', '160万', '单价13503元/平米')
('https://image1.ljcdn.com/442000-inspection/3740dbd6-474f-4662-9699-6897325937ef.jpg.296x216.jpg', '中山奥园 装修三房 南北对流 楼下就是公立小学', '奥园三期二区  ', '中楼层(共32层)2012年建板楼  -  广丰', '152.6万', '单价13500元/平米')
('https://image1.ljcdn.com/442000-inspection/596916c4-2a6d-466a-8fe9-d8033c7d277a.jpg.296x216.jpg', '雅居乐品牌 剑桥郡四房 业主诚意出售', '雅居乐剑桥郡  ', '中楼层(共32层)2015年建塔楼  -  铁城小学', '180万', '单价13741元/平米')
('https://image1.ljcdn.com/442000-inspection/732685d0-45be-4466-af36-5de3d16d372b.jpg.296x216.jpg', '西区奥园 三房毛坯南北对流 中高楼层', '奥园三期一区  ', '高楼层(共31层)板楼  -  广丰', '139万', '单价11983元/平米')
('https://image1.ljcdn.com/442000-inspection/fb9def82-4571-43db-8743-dee77248a3cc.jpg.296x216.jpg', '蓝波湾精装大三房，南北对流，楼层适宜。', '蓝波湾  ', '低楼层(共6层)2005年建塔楼  -  博爱一北', '121万', '单价9838元/平米')
('https://image1.ljcdn.com/442000-inspection/c36dcd4c-886e-47d3-9eae-8153114844c3.jpg.296x216.jpg', '亚洲广场 4室2厅 110万', '亚洲广场  ', '高楼层(共21层)塔楼  -  国际酒店', '110万', '单价7535元/平米')
('https://image1.ljcdn.com/442000-inspection/c45d67f5-b56a-4287-b92f-ad3fb2a36c7e.jpg.296x216.jpg', '柏景苑 三房两卫 精装修 无贷款 满五唯一 送家私电器', '柏景苑  ', '高楼层(共11层)2006年建板楼  -  天悦城', '132万', '单价13186元/平米')
('https://image1.ljcdn.com/442000-inspection/b8355599-648b-4d87-be81-add45c5a8f54.jpg.296x216.jpg', '楼王位置，业主换房带装修出售，家私家电保养良好，', '大信新家园二期  ', '中楼层(共11层)2011年建塔楼  -  彩虹', '155万', '单价13336元/平米')
('https://image1.ljcdn.com/442000-inspection/f0fd891c-b3ef-4c8a-bc32-6a6f48c9cc9c.jpg.296x216.jpg', '西区 翠景花园3期 华庭苑 2房加书房2卫带小花园', '翠景花园三期华庭苑  ', '低楼层(共7层)1997年建塔楼  -  天悦城', '101万', '单价10000元/平米')
('https://image1.ljcdn.com/442000-inspection/b35c42f2-5602-45f8-aae4-efd3e0840673.jpg.296x216.jpg', '剑桥郡新装四房，赠送面积实用，业主诚意出售', '剑桥郡花园五区睿爵  ', '中楼层(共40层)2015年建塔楼  -  铁城小学', '285万', '单价19074元/平米')
('https://image1.ljcdn.com/442000-inspection/23525d03-a8ae-4488-a826-73760e9f6c62.jpg.296x216.jpg', '西区奥园 南北对流 视野开阔 户型方正 采光好随时看房', '奥园三期一区  ', '高楼层(共29层)2014年建板楼  -  广丰', '135万', '单价11740元/平米')
('https://image1.ljcdn.com/442000-inspection/6471a4df-9aa5-4689-ae61-514d7380d153.jpg.296x216.jpg', '翠景花园三期华庭苑 3室2厅 119万', '翠景花园三期华庭苑  ', '低楼层(共7层)1997年建塔楼  -  天悦城', '119万', '单价10439元/平米')
('https://image1.ljcdn.com/442000-inspection/b0da6f0f-b695-4643-ba67-5eeaa3c19b39.jpg.296x216.jpg', '奥园三期二区 3室2厅 160万', '奥园三期二区  ', '低楼层(共32层)2012年建板楼  -  广丰', '160万', '单价13410元/平米')
('https://image1.ljcdn.com/442000-inspection/e53731fd-9446-48e4-91f8-64c4cab738ca.jpg.296x216.jpg', '远洋香缇 3室2厅 139万', '远洋香缇  ', '低楼层(共31层)塔楼  -  沙朗', '139万', '单价13268元/平米')
('https://image1.ljcdn.com/442000-inspection/f685eba8-f314-4b99-a34f-674c3346bf74.jpg.296x216.jpg', '西区 西苑广场 温馨2房诚心 出售', '西苑广场  ', '中楼层(共23层)塔楼  -  国际酒店', '75万', '单价9930元/平米')
('https://image1.ljcdn.com/442000-inspection/f1e0ee9c-ac33-4156-babd-137313cad83f.jpg.296x216.jpg', '改善性大三房，南北向，精致装修', '奥园三期二区  ', '中楼层(共32层)2012年建板楼  -  广丰', '176万', '单价13135元/平米')
('https://image1.ljcdn.com/442000-inspection/8c41c937-d121-40b8-b254-579a3de7dda4.jpg.296x216.jpg', '龙光水悦馨园  三房两厅一厨一卫  毛坯房', '龙光水悦馨园  ', '低楼层(共32层)2015年建塔楼  -  新中医院', '120万', '单价14095元/平米')
('https://image1.ljcdn.com/442000-inspection/549002fb-f045-467a-8778-06153307720d.jpg.296x216.jpg', '翠景花园一期 3室2厅 80万', '翠景花园一期  ', '高楼层(共7层)1997年建塔楼  -  天悦城', '80万', '单价11429元/平米')
('https://image1.ljcdn.com/442000-inspection/cbcc1706-b242-4bd2-a834-9723abbd0104.jpg.296x216.jpg', '瑞安花园 3室2厅 124万', '瑞安花园  ', '中楼层(共7层)2005年建塔楼  -  小商品', '124万', '单价10000元/平米')
('https://image1.ljcdn.com/442000-inspection/399f1ac5-4741-4ae1-bf9c-1c0f977ffee6.jpg.296x216.jpg', '西区 蓝波水岸  望江景毛坯两房可改三房  诚意出售', '蓝波水岸华庭  ', '高楼层(共32层)2008年建塔楼  -  博爱一北', '150万', '单价15152元/平米')
('https://image1.ljcdn.com/442000-inspection/76db2832-a2ec-4c7d-a49c-5741a5aa785e.jpg.296x216.jpg', '中山奥园 装修三房 东南向 税费低 满五年无抵押带装修', '奥园二期五区  ', '中楼层(共28层)2012年建板楼  -  广丰', '153万', '单价12976元/平米')
('https://image1.ljcdn.com/442000-inspection/d7188d72-081f-41a3-8b8d-b41d9784d7d7.jpg.296x216.jpg', '西区 星辰广场 朝北两房 采光通风好', '星晨广场  ', '中楼层(共7层)2001年建塔楼  -  彩虹', '68万', '单价11086元/平米')
('https://image1.ljcdn.com/442000-inspection/191aff7c-333e-4af0-b091-173d94647b7f.jpg.296x216.jpg', '雅居乐剑桥郡  高层3房  户型方正  视野好', '雅居乐剑桥郡  ', '中楼层(共32层)2008年建塔楼  -  铁城小学', '150万', '单价15144元/平米')
('https://image1.ljcdn.com/442000-inspection/ae68da89-0bed-4b2f-b341-6d96680eacbf.jpg.296x216.jpg', '中山奥园  精装三房 满五唯一 税费低 不靠路', '奥园二期五区  ', '低楼层(共27层)2012年建板楼  -  广丰', '141.6万', '单价12000元/平米')
('https://image1.ljcdn.com/442000-inspection/8df488ce-3248-4f65-804d-8856372c9e54.jpg.296x216.jpg', '中山西区奥园 毛坯三房 朝南向 中高楼层 采光好', '奥园三期一区  ', '中楼层(共29层)2014年建板楼  -  广丰', '135万', '单价12617元/平米')
('https://image1.ljcdn.com/442000-inspection/14ae0ba8-eee0-42a0-9af9-375dca7cb8c0.jpg.296x216.jpg', '顺心居 三房两卫 证满两年 税费低 带装修', '顺心居  ', '中楼层(共9层)塔楼  -  沙朗', '140万', '单价13780元/平米')
('https://image1.ljcdn.com/442000-inspection/b582f1b4-1f14-49fa-ba33-79ef84144fc0.jpg.296x216.jpg', '大信新家园二期 3室2厅 174万', '大信新家园二期  ', '高楼层(共9层)2011年建塔楼  -  彩虹', '174万', '单价14500元/平米')
('https://image1.ljcdn.com/442000-inspection/5c43ea33-a9e1-41e1-9028-a3ac240ed3d2.jpg.296x216.jpg', '西区繁华地段 豪景花园 满五年', '豪景花园  ', '高楼层(共8层)1998年建塔楼  -  小商品', '58万', '单价6915元/平米')
('https://image1.ljcdn.com/442000-inspection/5615f9aa-b0c3-4cee-820a-545a6e0f7e0f.jpg.296x216.jpg', '奥园二期五区 1室1厅 49万', '奥园二期五区  ', '高楼层(共29层)2012年建板楼  -  广丰', '49万', '单价12250元/平米')
('', '翠景花园三期华庭苑 2室2厅 75万', '翠景花园三期华庭苑  ', '高楼层(共7层)1997年建塔楼  -  天悦城', '75万', '单价8962元/平米')
('https://image1.ljcdn.com/442000-inspection/22074f9c-4cf6-4786-a6b5-0114c9c00ff4.jpg.296x216.jpg', '中山西区奥园 毛坯三房 高楼层 视野开阔 随时看房', '奥园三期一区  ', '高楼层(共32层)2014年建板楼  -  广丰', '180万', '单价15000元/平米')
('https://image1.ljcdn.com/442000-inspection/b84177d9-9564-4d61-8ec8-dde8ad028571.jpg.296x216.jpg', '西区顺心居 复式单位 毛坯四房', '顺心居  ', '高楼层(共9层)塔楼  -  沙朗', '220万', '单价11866元/平米')
('https://image1.ljcdn.com/442000-inspection/b75d9b7b-78c8-4ec5-9008-47ba1fd6620f.jpg.296x216.jpg', '西区奥园 毛坯三房 带花园 南向 随时看房', '奥园三期一区  ', '低楼层(共30层)2014年建板楼  -  广丰', '130.8万', '单价12000元/平米')
('https://image1.ljcdn.com/442000-inspection/c7b22fe7-dcdf-45d3-96e9-6732ed281a53.jpg.296x216.jpg', '西区剑桥郡旁，蓝波湾小区，精装复式四房，诚心出售！', '蓝波湾  ', '中楼层(共8层)2005年建塔楼  -  博爱一北', '148万', '单价13321元/平米')
('https://image1.ljcdn.com/442000-inspection/a7c1bd95-a6f5-42e0-b95d-5ad2ef894244.jpg.296x216.jpg', '中山奥园 毛坯大三房 小区中间位置 带入户花园 采光好', '奥园三期一区  ', '高楼层(共32层)2014年建板楼  -  广丰', '160万', '单价11765元/平米')
('https://image1.ljcdn.com/442000-inspection/6b679108-974d-4eb8-bcfa-8acf9c7910e5.jpg.296x216.jpg', '滨江一号 江景小区 户型方正 一梯一户', '滨江一号  ', '低楼层(共16层)2016年建塔楼  -  彩虹', '366万', '单价17079元/平米')
('https://image1.ljcdn.com/442000-inspection/d5fbafc0-88d6-47d7-8194-28a1aa0b77fa.jpg.296x216.jpg', '西区奥园 毛坯大三房 南北对流 看别墅 随时看房', '奥园三期二区  ', '高楼层(共32层)2012年建板楼  -  广丰', '160万', '单价11852元/平米')
('https://image1.ljcdn.com/442000-inspection/387e9a95-3afd-4b13-8896-1a797508e5fc.jpg.296x216.jpg', '滨江一号 四房两厅三卫 南北通透 一线江景 品牌物业', '滨江一号  ', '低楼层(共16层)2016年建塔楼  -  彩虹', '227万', '单价12957元/平米')
('https://image1.ljcdn.com/442000-inspection/d8643235-2d6f-4063-8a42-7d5cd67df195.jpg.296x216.jpg', '剑桥郡 毛坯东向三房 视野开阔', '雅居乐剑桥郡  ', '高楼层(共32层)2015年建塔楼  -  铁城小学', '160万', '单价16000元/平米')
('https://image1.ljcdn.com/442000-inspection/003a7c7f-42f6-482f-ad67-a913a894095e.jpg.296x216.jpg', '出售创兴广场精装三房，南北对流，采光好，户型方正！', '创兴广场  ', '低楼层(共6层)2005年建塔楼  -  小商品', '112万', '单价10607元/平米')
('https://image1.ljcdn.com/442000-inspection/22428242-d74c-4d72-b00e-e0bca2d983bb.jpg.296x216.jpg', '景裕新村 朝南2房 位置好  采光通风好 业主诚心出售', '景裕新村  ', '高楼层(共7层)1998年建塔楼  -  天悦城', '48万', '单价6722元/平米')
('https://image1.ljcdn.com/442000-inspection/ae4fbb11-ef0f-42de-a31a-efbb8a7fa3e0.jpg.296x216.jpg', '奥园精装三房，南北对流，无缝接驳CBD，楼下就是小学', '奥园三期二区  ', '低楼层(共32层)2012年建板楼  -  广丰', '140万', '单价12355元/平米')
('https://image1.ljcdn.com/442000-inspection/2cd118f6-493f-47af-9e68-8cfb8e6d49ca.jpg.296x216.jpg', '花海湾 精装两房 格局方正 业主诚意出售', '花海湾  ', '中楼层(共22层)2016年建塔楼  -  彩虹', '138万', '单价15496元/平米')
('https://image1.ljcdn.com/442000-inspection/71ae29e5-89f6-443c-80be-c0f1794f871d.jpg.296x216.jpg', '远洋一方 高层三房 南北对流 视野好 无抵押 看房方便', '远洋一方  ', '中楼层(共31层)2016年建塔楼  -  彩虹', '160万', '单价14285元/平米')
('https://image1.ljcdn.com/442000-inspection/6d3f9d3f-62d5-4769-bc25-c738f8bc6e85.jpg.296x216.jpg', '精装两房  中高楼层  视野极佳   成熟商圈', '骏华庭  ', '高楼层(共17层)2006年建板楼  -  小商品', '115万', '单价11877元/平米')
('https://image1.ljcdn.com/442000-inspection/cc52d8c3-33ee-4a5c-8882-6dca14855f0d.jpg.296x216.jpg', '西区奥园 装修三房 朝南向 满五年', '奥园二期五区  ', '高楼层(共27层)2012年建板楼  -  广丰', '168万', '单价13588元/平米')
('https://image1.ljcdn.com/442000-inspection/99df227a-b9d3-4903-98a9-03721e8bfc13.jpg.296x216.jpg', '翠景湾 带装修三房自带平台 中间位 不靠路 诚意出售', '翠景花园四期翠景湾  ', '低楼层(共10层)2005年建塔楼  -  天悦城', '135万', '单价10358元/平米')
('https://image1.ljcdn.com/442000-inspection/70b51373-a831-4a29-b5c6-0c82ab6adae7.jpg.296x216.jpg', '明景坊，大面积南北通向采光好一房，诚心出售。', '明景坊  ', '中楼层(共6层)板楼  -  小商品', '68万', '单价9923元/平米')
('https://image1.ljcdn.com/442000-inspection/02fa8771-dfa8-4185-abd5-ba308bb6ee3a.jpg.296x216.jpg', '剑桥郡一区公寓两房 带精装修 保养很好', '雅居乐剑桥郡  ', '中楼层(共33层)2015年建塔楼  -  铁城小学', '158万', '单价16289元/平米')
('https://image1.ljcdn.com/442000-inspection/1d2d0c34-d39f-46a5-8e7e-fface6efe9b4.jpg.296x216.jpg', '骏华庭 拎包入住 业主诚心出售。', '骏华庭  ', '低楼层(共17层)2006年建板楼  -  小商品', '100万', '单价10929元/平米')
('https://image1.ljcdn.com/442000-inspection/ce3b28e5-d79a-429e-bd9b-8578e6ce47cc.jpg.296x216.jpg', '滨江一号 毛坯三房 大户型 南北对流 环境舒适', '滨江一号  ', '中楼层(共16层)2016年建塔楼  -  彩虹', '232万', '单价12972元/平米')
('https://image1.ljcdn.com/442000-inspection/331c55c2-cb30-4577-a5e0-8da0c59dfdf2.jpg.296x216.jpg', '天悦城附近 翠宝路 精致三房 证过5年 税费少', '翠景花园二期翠宝路  ', '高楼层(共7层)1999年建塔楼  -  天悦城', '98万', '单价8910元/平米')
('https://image1.ljcdn.com/442000-inspection/38875d73-148c-4c10-96af-0b6090bdcbc2.jpg.296x216.jpg', '美林假日 毛坯两房 中高楼层 视野开阔 位置安静', '美林假日  ', '中楼层(共26层)2013年建塔楼  -  沙朗', '96万', '单价11567元/平米')
('https://image1.ljcdn.com/442000-inspection/5941f0fa-a125-42bf-a520-434f51d657a6.jpg.296x216.jpg', '西苑广场 满五2房出售 业主保养很好', '西苑广场  ', '高楼层(共23层)塔楼  -  国际酒店', '75万', '单价8334元/平米')
('https://image1.ljcdn.com/442000-inspection/08aac3e4-cc90-4327-b82b-f7f85fdc31e1.jpg.296x216.jpg', '蓝波湾刚需小三房  中间楼层  诚意出售  性价比高！', '蓝波湾  ', '中楼层(共11层)2005年建塔楼  -  博爱一北', '122万', '单价12682元/平米')
('https://image1.ljcdn.com/442000-inspection/f5ee39e9-c2cd-4db7-8e27-82069b78a8da.jpg.296x216.jpg', '富华阁 朝南单位 通风采光好 地段好', '西苑广场  ', '低楼层(共25层)塔楼  -  国际酒店', '73万', '单价7157元/平米')
('https://image1.ljcdn.com/442000-inspection/5fcf6fd8-2833-408a-8f90-69b1ecf988f1.jpg.296x216.jpg', '雅居乐剑桥郡 3室2厅 180万', '雅居乐剑桥郡  ', '高楼层(共32层)2015年建塔楼  -  铁城小学', '180万', '单价16072元/平米')
('https://image1.ljcdn.com/442000-inspection/8240a01a-8cdc-425d-a414-300130afa39f.jpg.296x216.jpg', '西区奥园 装修一房 视野采光好 中高楼层 看房方便', '奥园二期五区  ', '高楼层(共29层)2012年建板楼  -  广丰', '70万', '单价12069元/平米')
('https://image1.ljcdn.com/442000-inspection/3bc7fa70-9ddd-4821-bfb5-0ee58643b567.jpg.296x216.jpg', '愉翠雅园 方正两房 中层 采光通风好', '愉翠雅园  ', '中楼层(共6层)2005年建塔楼  -  小商品', '92万', '单价12267元/平米')
('https://image1.ljcdn.com/442000-inspection/b978215d-eed1-4c8b-ac4f-1288ca074fd2.jpg.296x216.jpg', '奥园三期一区 3室2厅 128万', '奥园三期一区  ', '低楼层(共30层)2014年建板楼  -  广丰', '128万', '单价11131元/平米')
('https://image1.ljcdn.com/442000-inspection/7155c6d2-a936-4f27-b0a1-dcba0ce2fc05.jpg.296x216.jpg', '品牌就选雅居乐 雅居乐就选剑桥郡', '剑桥郡花园五区睿爵  ', '低楼层(共40层)2015年建塔楼  -  铁城小学', '180万', '单价14635元/平米')
('https://image1.ljcdn.com/442000-inspection/6b3e7339-e153-4158-839b-991e93e26244.jpg.296x216.jpg', '柏景台 3室2厅 100万', '柏景台  ', '高楼层(共28层)板塔结合  -  小商品', '100万', '单价7043元/平米')
('https://image1.ljcdn.com/442000-inspection/ef786265-e16e-4dfa-be6c-036162410493.jpg.296x216.jpg', '远洋一方 精品2居 格局方正 南北通透', '远洋一方  ', '低楼层(共31层)2016年建塔楼  -  彩虹', '108万', '单价13512元/平米')
('https://image1.ljcdn.com/442000-inspection/7a4b2e36-66dc-43a9-831e-c329b265ebb9.jpg.296x216.jpg', '骏华庭 简装两房 诚意出售 60万', '骏华庭  ', '中楼层(共17层)板楼  -  小商品', '60万', '单价10093元/平米')
('https://image1.ljcdn.com/442000-inspection/c056caf2-4b42-4f49-8227-9f20d7c8026e.jpg.296x216.jpg', '远洋一方 3室2厅 175万', '远洋一方  ', '高楼层(共31层)2016年建塔楼  -  彩虹', '175万', '单价14228元/平米')
('https://image1.ljcdn.com/442000-inspection/e6eb452f-95b5-4633-8e7e-4d8e9f7c55a3.jpg.296x216.jpg', '雅居乐剑桥郡 5室2厅 270万', '雅居乐剑桥郡  ', '低楼层(共32层)2015年建塔楼  -  铁城小学', '270万', '单价15698元/平米')
('https://image1.ljcdn.com/442000-inspection/65f4d752-8908-46c7-bea8-d6e51ac08228.jpg.296x216.jpg', '中山奥园 精装公寓 独立厨房 随时可看', '奥园二期五区  ', '中楼层(共29层)2012年建板楼  -  广丰', '84万', '单价12924元/平米')
('https://image1.ljcdn.com/442000-inspection/8b6da877-37c7-4921-a5c9-dd7d96de3aba.jpg.296x216.jpg', '剑桥郡 2+1户型 精致装修 带租出售', '雅居乐剑桥郡  ', '低楼层(共32层)2015年建塔楼  -  铁城小学', '140万', '单价15218元/平米')
('https://image1.ljcdn.com/442000-inspection/a9d981ec-6260-48fd-ab52-67e5f0b31983.jpg.296x216.jpg', '奥园 毛坯三房 户型方正 高层 看别墅 证过两年', '奥园三期二区  ', '中楼层(共32层)2012年建板楼  -  广丰', '150万', '单价12606元/平米')
('https://image1.ljcdn.com/442000-inspection/d454b45b-1bde-401f-b79e-49dd99388097.jpg.296x216.jpg', '奥园二期五区 精装三房，满五税费少', '奥园二期五区  ', '中楼层(共28层)2012年建板楼  -  广丰', '155万', '单价13136元/平米')
('https://image1.ljcdn.com/442000-inspection/b3880fa9-c346-480c-a71d-7b7f02f94350.jpg.296x216.jpg', '名仕经典世家 2室2厅 80万', '名仕经典世家  ', '中楼层(共13层)2007年建板楼  -  国际酒店', '80万', '单价12308元/平米')
('', '西苑广场 2室1厅 83万', '西苑广场  ', '高楼层(共23层)塔楼  -  国际酒店', '83万', '单价8925元/平米')
('https://image1.ljcdn.com/442000-inspection/3ad8dc83-f8e8-49f3-aa1d-fc1bb2da03d3.jpg.296x216.jpg', '西区奥园 精装公寓 住宅性质 视野开阔 随时看房', '奥园二期五区  ', '中楼层(共29层)2012年建板楼  -  广丰', '49.5万', '单价12375元/平米')
('https://image1.ljcdn.com/442000-inspection/3636ecf3-26d7-492d-a0a0-6eb7fd339e9d.jpg.296x216.jpg', '西区剑桥郡 精装三房 家私电器齐 配套齐全', '雅居乐剑桥郡  ', '中楼层(共32层)2015年建塔楼  -  铁城小学', '190万', '单价16380元/平米')
('https://image1.ljcdn.com/442000-inspection/f9a56be8-8f34-42b8-aef3-353ae96f5ac7.jpg.296x216.jpg', '西区 德顺苑 带装修 公寓  诚意出售', '德顺苑  ', '中楼层(共9层)2000年建塔楼  -  国际酒店', '32万', '单价9167元/平米')
('https://image1.ljcdn.com/442000-inspection/5b034adb-9b23-4985-bead-5e5fd669311d.jpg.296x216.jpg', '滨江一号 四房两厅四卫 精致装修 欧式高档家私 配套好', '滨江一号  ', '低楼层(共16层)2016年建塔楼  -  彩虹', '375万', '单价17650元/平米')
('https://image1.ljcdn.com/442000-inspection/8e8e46b1-a577-4bc2-8caf-b7f9f1623071.jpg.296x216.jpg', '装修二房，满五不唯一，看房方便。', '创兴广场  ', '中楼层(共5层)2005年建塔楼  -  小商品', '100万', '单价11364元/平米')
('https://image1.ljcdn.com/442000-inspection/a3a741dc-6b79-44b2-9e5d-c52e8fd81652.jpg.296x216.jpg', '博达汇峰 3室2厅 118万', '博达汇峰  ', '低楼层(共27层)塔楼  -  国际酒店', '118万', '单价13564元/平米')
('https://image1.ljcdn.com/442000-inspection/e1b3de84-73c5-40a1-8af6-ee7a4636389d.jpg.296x216.jpg', '西区富华道 名仕天地 电梯公寓 有装修', '名仕天地  ', '中楼层(共16层)2006年建塔楼  -  国际酒店', '50万', '单价9260元/平米')
('https://image1.ljcdn.com/442000-inspection/1be9dc29-5c36-4407-b765-9f6b51e4630c.jpg.296x216.jpg', '金沙花园独栋别墅、环境优美，位置安静', '金沙花园  ', '3层塔楼  -  沙朗', '770万', '单价16009元/平米')
('https://image1.ljcdn.com/442000-inspection/02fbdc52-ebce-474b-855f-ece2f0e861ef.jpg.296x216.jpg', '中山奥园 毛坯大4房 看别墅 采光通风', '奥园二期三区  ', '中楼层(共30层)2013年建塔楼  -  广丰', '268.8万', '单价12000元/平米')
('https://image1.ljcdn.com/442000-inspection/11dcfd93-f0e7-45de-a2bf-423c20013237.jpg.296x216.jpg', '西苑广场精装一房业主诚心出售！', '西苑广场  ', '低楼层(共23层)板楼  -  国际酒店', '35万', '单价10671元/平米')
('https://image1.ljcdn.com/442000-inspection/d3d3886f-88e5-4400-9790-600ee3ec2e1d.jpg.296x216.jpg', '西区星辰广场3房 格局方正 装修保养好', '星晨广场  ', '中楼层(共7层)2001年建塔楼  -  彩虹', '93万', '单价11205元/平米')
('https://image1.ljcdn.com/442000-inspection/d37bf9b7-963a-46d6-85a5-f03cdbb092cf.jpg.296x216.jpg', '奥园 联排别墅 前后花园 带地下室', '奥园一期二区保格利区  ', '3层2011年建暂无数据  -  广丰', '330万', '单价18858元/平米')
('', '房子格局好 朝南户型 新装修 小区环境优美', '奥园二期五区  ', '低楼层(共27层)2012年建板楼  -  广丰', '165万', '单价13307元/平米')
('https://image1.ljcdn.com/442000-inspection/dc4cee2d-578f-4ebd-aa83-b01aefb697af.jpg.296x216.jpg', '美林假日 精装两房 未入住过 诚心出售', '美林假日  ', '高楼层(共18层)2013年建塔楼  -  沙朗', '103万', '单价12118元/平米')
('https://image1.ljcdn.com/442000-inspection/56a73f7d-5aea-4763-94ea-5356b40fe1a7.jpg.296x216.jpg', '名仕经典世家，套间，诚意出售，', '名仕经典世家  ', '中楼层(共13层)2007年建板楼  -  国际酒店', '48万', '单价16000元/平米')
('https://image1.ljcdn.com/442000-inspection/081e761d-afbf-4e67-ba4f-db46cd3d639e.jpg.296x216.jpg', '奥园二期三区 3室2厅 135万', '奥园二期三区  ', '中楼层(共28层)2013年建塔楼  -  广丰', '135万', '单价11345元/平米')
('', '龙光水悦熙园 3室2厅 140万', '龙光水悦熙园  ', '高楼层(共16层)2014年建塔楼  -  新中医院', '140万', '单价15631元/平米')
('https://image1.ljcdn.com/442000-inspection/06cea83d-5626-4be5-8022-5768f16fc3aa.jpg.296x216.jpg', '翠景湾   2房2厅  127.4万', '翠景花园四期翠景湾  ', '中楼层(共10层)2007年建塔楼  -  天悦城', '120万', '单价13078元/平米')
('https://image1.ljcdn.com/442000-inspection/49ac9319-1e4f-4219-ba9f-7aae9e643843.jpg.296x216.jpg', '星晨广场 房子朝小区 望园林 可入读西区中心小学', '星晨广场  ', '中楼层(共7层)2001年建塔楼  -  彩虹', '63万', '单价10328元/平米')
('https://image1.ljcdn.com/442000-inspection/e1eb2f81-58b9-4a8e-a499-10aa83df783c.jpg.296x216.jpg', '中山奥园 四房两厅 南北对流 户型方正', '奥园二期五区  ', '高楼层(共32层)2012年建板楼  -  广丰', '200万', '单价12049元/平米')
('https://image1.ljcdn.com/442000-inspection/e9dff4c2-75c9-41e6-af2e-76906a4b30be.jpg.296x216.jpg', '西区奥园 南北对流 精装四房 满5年', '奥园二期五区  ', '低楼层(共32层)2012年建板楼  -  广丰', '210万', '单价12651元/平米')
('', '龙光水悦熙园 3室2厅 140万', '龙光水悦熙园  ', '高楼层(共15层)2014年建塔楼  -  新中医院', '140万', '单价15556元/平米')
('https://image1.ljcdn.com/442000-inspection/9b4b8e44-dd40-429b-a76a-e941da7b0e1b.jpg.296x216.jpg', '西区 星晨广场 精装小三房 户型方正', '星晨广场  ', '中楼层(共12层)2001年建塔楼  -  彩虹', '108万', '单价10189元/平米')
('', '翠景花园四期翠景湾 5室2厅 260万', '翠景花园四期翠景湾  ', '高楼层(共10层)2005年建塔楼  -  天悦城', '260万', '单价12622元/平米')
('https://image1.ljcdn.com/442000-inspection/6538ae3e-aee9-41d8-936e-342b26a4af01.jpg.296x216.jpg', '中山西区奥园 毛坯三房 朝南户型 视野开阔 随时看房', '奥园三期一区  ', '中楼层(共32层)2014年建板楼  -  广丰', '130万', '单价11927元/平米')
('https://image1.ljcdn.com/442000-inspection/fdfadffc-791c-4cd0-9552-0cd8c52eb984.jpg.296x216.jpg', '奥园毛坯三房 房产证满两年 诚意出售', '奥园二期三区  ', '高楼层(共30层)2013年建塔楼  -  广丰', '175万', '单价12153元/平米')
('', '龙光水悦熙园 3室2厅 180万', '龙光水悦熙园  ', '中楼层(共16层)2014年建塔楼  -  新中医院', '180万', '单价15000元/平米')
('https://image1.ljcdn.com/442000-inspection/675c8d45-cba8-4f55-ad43-a6fa10abb862.jpg.296x216.jpg', '中山奥园 毛坯大3房 看别墅 可改4房 小区中间', '奥园二期三区  ', '低楼层(共28层)2013年建塔楼  -  广丰', '168万', '单价12174元/平米')
('', '锦绣花园 独栋别墅带大花园  可注册公司', '锦绣花园  ', '3层塔楼  -  沙朗', '350万', '单价18325元/平米')
('https://image1.ljcdn.com/442000-inspection/e993b9bf-255d-4386-98c4-0cd637ea7388.jpg.296x216.jpg', '蓝波湾 精装三房 业主自住 满五唯一 实用率高', '蓝波湾  ', '中楼层(共11层)2004年建塔楼  -  博爱一北', '125万', '单价15625元/平米')
('https://image1.ljcdn.com/442000-inspection/083b1ee1-466f-4170-8b9f-36d62f91dc61.jpg.296x216.jpg', '西区奥园 两房毛坯 南北对流 户型方正', '奥园三期一区  ', '高楼层(共31层)板楼  -  广丰', '110万', '单价13034元/平米')
('', '奥园三期二区 3室2厅 135万', '奥园三期二区  ', '低楼层(共32层)2012年建板楼  -  广丰', '135万', '单价11961元/平米')
('https://image1.ljcdn.com/442000-inspection/37d33d15-0ba1-4308-ab1a-aa934e935319.jpg.296x216.jpg', '毛坯三房 朝南单位 带花园 户型方正', '奥园三期一区  ', '低楼层(共32层)2014年建板楼  -  广丰', '130万', '单价11017元/平米')
('', '西苑广场 富华阁 电脑城楼上 格局方正 优惠出售', '西苑广场  ', '低楼层(共25层)塔楼  -  国际酒店', '55.3万', '单价7000元/平米')
('', '西区 德顺苑 精致2房 带租出售 早上方便看房', '德顺苑  ', '低楼层(共8层)2000年建塔楼  -  国际酒店', '80万', '单价10127元/平米')
('https://image1.ljcdn.com/442000-inspection/5140785d-ca86-484c-8c2d-f295766aa4e5.jpg.296x216.jpg', '远洋一方，毛坯三房一卫，价格美丽，方便看房', '远洋一方  ', '高楼层(共31层)2016年建塔楼  -  彩虹', '122.9万', '单价13500元/平米')
('https://image1.ljcdn.com/442000-inspection/0817051f-d78c-4094-97d1-c123822ae29a.jpg.296x216.jpg', '中山西区奥园 装修一房一厅 采光视野好 中高楼层', '奥园二期五区  ', '高楼层(共29层)2012年建板楼  -  广丰', '70万', '单价12069元/平米')
('https://image1.ljcdn.com/442000-inspection/85853866-924b-4a16-b3b5-b6ccbb99d7f0.jpg.296x216.jpg', '三房二厅.低楼层.南北通透，采光好', '棕榈彩虹  ', '低楼层(共27层)2017年建塔楼  -  彩虹', '195万', '单价16116元/平米')
('', '西苑广场富华阁 电脑城楼上 格局方正', '西苑广场  ', '低楼层(共25层)塔楼  -  国际酒店', '70.7万', '单价7000元/平米')
('https://image1.ljcdn.com/442000-inspection/27929f9a-3bc0-4002-9af1-c59067c458e8.jpg.296x216.jpg', '彩虹大道 金沙花园 独栋别墅 装修温馨 朝南 安静舒适', '金沙花园  ', '1层2005年建塔楼  -  沙朗', '450万', '单价19347元/平米')
('https://image1.ljcdn.com/442000-inspection/c13daf6a-afd4-481c-9e6a-5c1bb4547df9.jpg.296x216.jpg', '尚湖轩二期 1室1厅 80万', '尚湖轩二期  ', '高楼层(共20层)2014年建塔楼  -  彩虹', '80万', '单价18236元/平米')
('https://image1.ljcdn.com/442000-inspection/381913ae-40a2-4cdc-a4e6-9e12cd658e5c.jpg.296x216.jpg', '剑桥郡花园五区睿爵 4室2厅 290万', '剑桥郡花园五区睿爵  ', '中楼层(共40层)2015年建塔楼  -  铁城小学', '290万', '单价19464元/平米')
('https://image1.ljcdn.com/442000-inspection/a3df2668-bba7-4d45-a617-9d74bd46b6f4.jpg.296x216.jpg', '创兴广场 1房1厅 格局方正实用 业主诚意出售', '创兴广场  ', '中楼层(共5层)2005年建塔楼  -  小商品', '38万', '单价10568元/平米')
('https://image1.ljcdn.com/442000-inspection/ab94c839-87e3-4ef3-a323-7fe5ac5cc4b8.jpg.296x216.jpg', '蓝波湾 复式精装 朝南向 看一线江景 低于市场价格', '蓝波湾  ', '中楼层(共7层)2005年建塔楼  -  博爱一北', '250万', '单价12371元/平米')
('', '柏景苑  精致电梯2房 带租出售', '柏景苑  ', '中楼层(共11层)2006年建板楼  -  天悦城', '96万', '单价12405元/平米')
('https://image1.ljcdn.com/442000-inspection/4e382b5e-2000-42c7-8acf-0f394505a743.jpg.296x216.jpg', '西区奥园 毛坯三房 格局方正 看房方便', '奥园三期二区  ', '低楼层(共32层)2012年建板楼  -  广丰', '158.2万', '单价14000元/平米')
('https://image1.ljcdn.com/442000-inspection/a20f6775-9cd1-4855-8005-7b520955dbb5.jpg.296x216.jpg', '尚湖轩公寓楼，户型实用.周边配套成熟', '尚湖轩二期  ', '中楼层(共20层)2014年建塔楼  -  彩虹', '57万', '单价15000元/平米')
('https://image1.ljcdn.com/442000-inspection/adad8e86-cb95-4fef-8f16-f65d80356900.JPG.296x216.jpg', '西区 顺兴大厦 精致大3房 楼梯3楼 诚意出售 即买即住', '顺兴大厦  ', '中楼层(共7层)2002年建塔楼  -  小商品', '95万', '单价8261元/平米')
('', '西区名仕天地 简装公寓出售 满五年 朝南 周边配套很好', '名仕天地  ', '中楼层(共16层)2006年建塔楼  -  国际酒店', '53.2万', '单价10000元/平米')
('https://image1.ljcdn.com/442000-inspection/2e53a61b-cda8-4724-a3aa-d324ba52a1f8.jpg.296x216.jpg', '奥园方正实用4房，采光充足，视野开阔。', '奥园二期五区  ', '低楼层(共32层)2012年建板楼  -  广丰', '200万', '单价11989元/平米')
('', '滨江一号  户型方正  采光好', '滨江一号  ', '中楼层(共16层)2016年建塔楼  -  彩虹', '240万', '单价17556元/平米')
('https://image1.ljcdn.com/442000-inspection/0f3041e7-3e44-4b4e-91a8-4d55e22c903f.jpg.296x216.jpg', '奥园二期三区 4室2厅 259.61万', '奥园二期三区  ', '高楼层(共30层)2013年建塔楼  -  广丰', '259.7万', '单价15001元/平米')
('https://image1.ljcdn.com/442000-inspection/1f28a12f-dd18-4dc1-87bc-f8663ad6c634.jpg.296x216.jpg', '房子带装修的 装修保养得不错 好出租 交通方便', '骏华庭  ', '高楼层(共17层)2006年建板楼  -  小商品', '40万', '单价10428元/平米')
('https://image1.ljcdn.com/442000-inspection/27b256d9-00eb-468b-8539-f6e9aa540734.jpg.296x216.jpg', '翠景大户型三房，满两年税费少。', '翠景花园四期翠景湾  ', '中楼层(共11层)2007年建塔楼  -  天悦城', '180万', '单价13158元/平米')
('', '奥园二期三区 3室2厅 193.97万', '奥园二期三区  ', '低楼层(共27层)2013年建塔楼  -  广丰', '194万', '单价14000元/平米')
('https://image1.ljcdn.com/442000-inspection/77496da9-1050-4b5f-9d09-50c4e7552047.jpg.296x216.jpg', '证满两年，南向精装三房，业主急售', '奥园二期五区  ', '中楼层(共32层)2012年建板楼  -  广丰', '152万', '单价12064元/平米')
('', '西苑广场精装一房业主诚心出售！', '西苑广场  ', '高楼层(共23层)板楼  -  国际酒店', '34万', '单价10398元/平米')
('https://image1.ljcdn.com/442000-inspection/bec60c3e-6f6d-4287-b038-831b7aa100cc.jpg.296x216.jpg', '大信新家园二期 2室2厅 115万', '大信新家园二期  ', '中楼层(共9层)2011年建塔楼  -  彩虹', '115万', '单价13373元/平米')
('https://image1.ljcdn.com/442000-inspection/f0757424-8221-4ff4-9279-1a8b0c95d6d2.jpg.296x216.jpg', '西区小.学对面  稀有小区底楼复式 可改两房 只需契税', '名仕经典世家  ', '高楼层(共13层)2007年建板楼  -  国际酒店', '72万', '单价11754元/平米')
('https://image1.ljcdn.com/442000-inspection/4954b654-e125-498f-ba84-ef4ee0340755.jpg.296x216.jpg', '远洋一方南北对流带入户花园  保养非常好家私家电全送', '远洋一方  ', '高楼层(共31层)2016年建塔楼  -  彩虹', '198万', '单价18000元/平米')
('https://image1.ljcdn.com/442000-inspection/cf932143-0f21-43b3-a0a4-b12ad3ff4df6.jpg.296x216.jpg', '星晨广场 3室2厅 91万', '星晨广场  ', '高楼层(共7层)2001年建塔楼  -  彩虹', '91万', '单价8054元/平米')
('https://image1.ljcdn.com/442000-inspection/e2a27b60-0856-41a7-8a52-3e438518549a.jpg.296x216.jpg', '蓝波湾豪庭精装1房诚心出售！！', '蓝波水岸华庭  ', '高楼层(共7层)2008年建塔楼  -  博爱一北', '55万', '单价13750元/平米')
('', '带精装修 家私电器齐全 中层楼层 视野开阔 飘逸出售啦', '骏华庭  ', '中楼层(共17层)板楼  -  小商品', '50万', '单价12196元/平米')
('https://image1.ljcdn.com/442000-inspection/5cbcd512-b2ec-4dc1-9633-6ef899cef1f5.jpg.296x216.jpg', '西区奥园 南向两房 户型方正 随时看房', '奥园三期一区  ', '中楼层(共31层)2014年建板楼  -  广丰', '112万', '单价13177元/平米')
('https://image1.ljcdn.com/442000-inspection/2e8d3a2f-7bee-4334-aa93-b8de3ddace9f.jpg.296x216.jpg', '滨江一号 3室2厅 264万', '滨江一号  ', '高楼层(共16层)2016年建塔楼  -  彩虹', '264万', '单价15000元/平米')
('https://image1.ljcdn.com/442000-inspection/bc2c3214-6344-47ff-a5e4-7db7985404ef.JPG.296x216.jpg', '《剑桥郡装修4房朝南》《阳台下面是学校操场》', '剑桥郡花园五区睿爵  ', '中楼层(共40层)2015年建塔楼  -  铁城小学', '258万', '单价17794元/平米')
('https://image1.ljcdn.com/442000-inspection/17d0454a-e80f-455b-8ce1-505908eed788.jpg.296x216.jpg', '西区 繁华地段 天悦城  3房诚心出售 随时可看', '天悦城悦园  ', '低楼层(共30层)2013年建塔楼  -  天悦城', '193.2万', '单价16803元/平米')
('https://image1.ljcdn.com/442000-inspection/512a8795-246e-4311-82c7-2438a1f3cb75.jpg.296x216.jpg', '剑桥郡 毛坯三房 不靠路 看房方便 户型实用', '剑桥郡花园五区睿爵  ', '中楼层(共40层)2015年建塔楼  -  铁城小学', '240万', '单价16439元/平米')
('https://image1.ljcdn.com/442000-inspection/78eaa249-4e53-43b6-a4bb-516c25627047.jpg.296x216.jpg', '雅居乐剑桥郡公寓精装拎包入住。', '雅居乐剑桥郡  ', '中楼层(共33层)2015年建塔楼  -  铁城小学', '102万', '单价13784元/平米')
('', '雅居乐剑桥郡 1室1厅 101万', '雅居乐剑桥郡  ', '低楼层(共33层)2015年建塔楼  -  铁城小学', '101万', '单价13467元/平米')
('https://image1.ljcdn.com/442000-inspection/424028d5-dac9-4cd5-856b-57fb20f75846.jpg.296x216.jpg', '西区奥园 联排别墅 带车库 看房方便', '奥园一期四区布拉诺区  ', '3层2011年建暂无数据  -  广丰', '330万', '单价18033元/平米')
('https://image1.ljcdn.com/442000-inspection/6736a95c-ace9-4128-9ad7-1b487d0b121d.jpg.296x216.jpg', '龙光水悦二期 毛坯三房出售  刚需客合理住房', '龙光水悦馨园  ', '高楼层(共20层)2015年建塔楼  -  新中医院', '160万', '单价18391元/平米')
('https://image1.ljcdn.com/442000-inspection/b1f63592-e19f-4b45-a4a7-0195d7f224a6.jpg.296x216.jpg', '中山奥园 毛坯三房 高楼层 采光好 视野好 随时看房', '奥园三期一区  ', '高楼层(共31层)2014年建板楼  -  广丰', '133万', '单价10509元/平米')
('https://image1.ljcdn.com/442000-inspection/4b2f6b4e-941f-42c9-b8d8-3cc7c2e330df.jpg.296x216.jpg', '剑桥郡 欧式风格 精装3房 诚意出售', '雅居乐剑桥郡  ', '低楼层(共32层)2015年建塔楼  -  铁城小学', '196万', '单价16471元/平米')
('https://image1.ljcdn.com/442000-inspection/b6837d19-3419-4cb8-b02e-d47fda9071ed.jpg.296x216.jpg', '远洋一方 毛坯三房 中楼层，中间楼层 视野好', '远洋一方  ', '中楼层(共31层)2016年建塔楼  -  彩虹', '135万', '单价15000元/平米')
('https://image1.ljcdn.com/442000-inspection/64887f26-52a9-49fe-8a38-30d5c60304a2.jpg.296x216.jpg', '剑桥郡 精装公寓 可入户 诚意出售', '雅居乐剑桥郡  ', '低楼层(共33层)2015年建塔楼  -  铁城小学', '82万', '单价15472元/平米')
('', '远洋香缇 3室2厅 120万', '远洋香缇  ', '中楼层(共30层)塔楼  -  沙朗', '120万', '单价13420元/平米')
('https://image1.ljcdn.com/442000-inspection/e22b7474-5b5c-475f-9235-1665ee1cab9a.jpg.296x216.jpg', '棕榈彩虹二期 毛坯三房 电梯朝南单位', '棕榈彩虹  ', '低楼层(共30层)2015年建塔楼  -  彩虹', '153万', '单价14346元/平米')
('https://image1.ljcdn.com/442000-inspection/aa1c7ae9-586e-4800-ab62-25b21a4056cd.jpg.296x216.jpg', '明景坊 简装2房业主诚心出售。', '明景坊  ', '中楼层(共6层)板楼  -  小商品', '80万', '单价13334元/平米')
('https://image1.ljcdn.com/442000-inspection/62c19e76-eb87-4c7b-9be6-561e06876c6f.jpg.296x216.jpg', '西苑广场 1室0厅 43.28万', '西苑广场  ', '低楼层(共23层)板楼  -  国际酒店', '43.3万', '单价13802元/平米')
('https://image1.ljcdn.com/442000-inspection/4948fc50-303c-485c-b8a2-54ac80d60227.jpg.296x216.jpg', '棕榈彩虹 3室2厅 160万', '棕榈彩虹  ', '低楼层(共16层)2010年建塔楼  -  彩虹', '160万', '单价15021元/平米')
('https://image1.ljcdn.com/442000-inspection/20430571-d51d-43c2-9801-5aeb3486f237.jpg.296x216.jpg', '翠朗华苑 3室2厅 108万', '翠朗华苑  ', '低楼层(共6层)塔楼  -  沙朗', '108万', '单价9000元/平米')
('https://image1.ljcdn.com/442000-inspection/6c83eedd-4ec6-4c7c-b756-6b83d1124c5c.jpg.296x216.jpg', '中山奥园 户型方正 简单装修 通风好', '奥园二期五区  ', '中楼层(共29层)2012年建板楼  -  广丰', '68万', '单价11526元/平米')
('', '骏华庭，精装一室一厅，诚意出售。', '骏华庭  ', '低楼层(共17层)板楼  -  小商品', '45万', '单价10480元/平米')
('https://image1.ljcdn.com/442000-inspection/6b64aa02-1b83-44d5-885a-154169ce6332.jpg.296x216.jpg', '中山西区奥园 毛坯三房别墅 前后花园 看房方便', '奥园一期五区索菲亚区  ', '3层暂无数据  -  广丰', '350万', '单价18904元/平米')
('https://image1.ljcdn.com/442000-inspection/bf35d14d-6443-4027-8907-95e7cf1aa50a.jpg.296x216.jpg', '龙光水悦馨园3房2厅1厨1卫南北通透好房出售', '龙光水悦馨园  ', '中楼层(共32层)2015年建塔楼  -  新中医院', '150万', '单价17631元/平米')
('https://image1.ljcdn.com/442000-inspection/f419dc16-893f-4df5-a5d9-7c73945e1322.jpg.296x216.jpg', '德顺苑 精装 电梯一房 保养新', '德顺苑  ', '中楼层(共9层)2000年建塔楼  -  国际酒店', '38万', '单价10693元/平米')
('https://image1.ljcdn.com/442000-inspection/02ef05ab-c4b4-45d8-af46-902a7426b4e3.jpg.296x216.jpg', '天悦城 刚需三房 采光通透 格局方正', '天悦城悦园  ', '高楼层(共17层)2013年建塔楼  -  天悦城', '150万', '单价16078元/平米')
('https://image1.ljcdn.com/442000-inspection/39efafca-7891-48cc-b054-7f712614556f.jpg.296x216.jpg', '星晨广场 大平台 2居室 户型方正 采光好 安静舒适', '星晨广场  ', '低楼层(共12层)2001年建塔楼  -  彩虹', '110万', '单价14512元/平米')
('https://image1.ljcdn.com/442000-inspection/8794f2c6-9438-44fd-8f2d-209bf733a579.jpg.296x216.jpg', '西区尚湖轩公寓一房一厅 格局方正实用', '尚湖轩二期  ', '中楼层(共20层)2014年建塔楼  -  彩虹', '50万', '单价13018元/平米')
('https://image1.ljcdn.com/442000-inspection/678de398-8c40-4538-b530-d3451e21230a.jpg.296x216.jpg', '西区 名仕天地 一房一厅 家私电器齐 繁华地段 诚售', '名仕天地  ', '中楼层(共16层)2006年建塔楼  -  国际酒店', '55万', '单价9574元/平米')
('https://image1.ljcdn.com/442000-inspection/256fc054-07e6-43db-b9d9-1d54e4ef20b3.jpg.296x216.jpg', '毛坯三房  朝南户型  诚意出售', '奥园二期三区  ', '低楼层(共28层)2013年建塔楼  -  广丰', '140万', '单价11476元/平米')
('https://image1.ljcdn.com/442000-inspection/4fba1a96-7a95-429c-8db3-10c31abb9c0e.jpg.296x216.jpg', '精装修、保养好、免税、岐江河边', '星晨广场二期  ', '中楼层(共15层)2008年建塔楼  -  彩虹', '110万', '单价13750元/平米')
('https://image1.ljcdn.com/442000-inspection/ee6b2250-e1a3-4adc-bd82-4e39da806c86.jpg.296x216.jpg', '西区世家花园 65平实用两房 急售', '名仕经典世家  ', '低楼层(共13层)2007年建板楼  -  国际酒店', '83.9万', '单价12822元/平米')
('https://image1.ljcdn.com/442000-inspection/c047c103-0019-44a0-8866-6f01258d69af.jpg.296x216.jpg', '单价低 不靠路安静 看房子有钥匙 业主诚心出售', '天悦城悦园  ', '中楼层(共16层)2013年建塔楼  -  天悦城', '118万', '单价14217元/平米')
('https://image1.ljcdn.com/442000-inspection/52e8fb64-faf8-40e1-83c1-f9a90c5accea.jpg.296x216.jpg', '奥园二期三区 3室2厅 200万', '奥园二期三区  ', '高楼层(共28层)2013年建塔楼  -  广丰', '200万', '单价16807元/平米')
('https://image1.ljcdn.com/442000-inspection/58ad4a76-6c7a-45c6-8b81-d57e6cf45f4f.jpg.296x216.jpg', '尚湖轩二期 1室0厅 49.9万', '尚湖轩二期  ', '中楼层(共20层)2014年建塔楼  -  彩虹', '49.9万', '单价13132元/平米')
('', '大信新家园二期 3室2厅 158万', '大信新家园二期  ', '中楼层(共11层)2011年建塔楼  -  彩虹', '158万', '单价13598元/平米')
('https://image1.ljcdn.com/442000-inspection/bb94f7e2-2279-4d5a-90b3-bfbf59cd71f9.jpg.296x216.jpg', '尚湖轩二期 1室1厅 78万', '尚湖轩二期  ', '中楼层(共20层)2014年建塔楼  -  彩虹', '78万', '单价17031元/平米')
('https://image1.ljcdn.com/442000-inspection/99d44a66-0292-4e56-b913-fb1621428b8f.jpg.296x216.jpg', '西区奥园 南向三房 带装修 证满二 税低', '奥园二期五区  ', '中楼层(共28层)2012年建板楼  -  广丰', '146万', '单价12373元/平米')
('https://image1.ljcdn.com/442000-inspection/9ec29534-69ca-4f69-9d97-941b83a09f2e.jpg.296x216.jpg', '剑桥郡 精装三房改四房户型 中高楼层 大赠送面积', '剑桥郡花园五区睿爵  ', '中楼层(共40层)2015年建塔楼  -  铁城小学', '285万', '单价19470元/平米')
('https://image1.ljcdn.com/442000-inspection/b1716b08-9594-4d06-b673-5bfa3d12cc2d.jpg.296x216.jpg', '西苑新村 3室1厅 80万', '西苑新村  ', '高楼层(共6层)暂无数据  -  国际酒店', '80万', '单价7460元/平米')
('https://image1.ljcdn.com/442000-inspection/ccf0c989-445c-415a-bfce-3a5d06a14a9e.jpg.296x216.jpg', '远洋一方，毛坯三房，人车分流，方便看房', '远洋一方  ', '高楼层(共31层)2016年建塔楼  -  彩虹', '122.9万', '单价13500元/平米')
('https://image1.ljcdn.com/442000-inspection/b80fd8ef-db65-49d8-b432-6d5bdd52d6ef.jpg.296x216.jpg', '亚洲广场，高层三房，诚意出售。', '亚洲广场  ', '高楼层(共21层)塔楼  -  国际酒店', '88万', '单价9546元/平米')
('https://image1.ljcdn.com/442000-inspection/8834e7cf-59ee-42bb-88b8-c42e748bb5cd.jpg.296x216.jpg', '实用两房  简单装修  格局方正  诚意出售', '名仕天地  ', '中楼层(共13层)2006年建塔楼  -  国际酒店', '65万', '单价12038元/平米')
('', '中山奥园 毛坯三房 户型刚正 楼层适中', '奥园三期一区  ', '中楼层(共31层)2014年建板楼  -  广丰', '146.4万', '单价12000元/平米')
('', '富华阁 办公租房 气氛好 出行方便 环境好', '西苑广场  ', '低楼层(共25层)塔楼  -  国际酒店', '99万', '单价8919元/平米')
('https://image1.ljcdn.com/442000-inspection/d71f61a8-5a3f-4f9f-83f1-eadc4032d9d4.jpg.296x216.jpg', '滨江一号  毛坯大四房  格局方正', '滨江一号  ', '高楼层(共16层)2016年建塔楼  -  彩虹', '238万', '单价13600元/平米')
('https://image1.ljcdn.com/442000-inspection/cbc3f1f7-ad41-4c97-be51-514dba58fb84.jpg.296x216.jpg', '剑桥郡实用精装一房一厅一卫拎包入住', '雅居乐剑桥郡  ', '高楼层(共33层)2015年建塔楼  -  铁城小学', '117.5万', '单价13500元/平米')
('https://image1.ljcdn.com/442000-inspection/0f474940-88b6-42c8-97a6-70bc99f5142b.jpg.296x216.jpg', '美林假日 2室2厅 97万', '美林假日  ', '高楼层(共9层)2013年建塔楼  -  沙朗', '97万', '单价12764元/平米')
('https://image1.ljcdn.com/442000-inspection/8cec266f-35bc-4667-ad80-12f806cf2159.jpg.296x216.jpg', '金怡苑 精品一居 配套齐全 居家首选', '金怡苑B区  ', '高楼层(共5层)2004年建板楼  -  沙朗', '39万', '单价9604元/平米')
('https://image1.ljcdn.com/442000-inspection/03e66a42-3447-498f-9bbf-cb7626aca4dc.jpg.296x216.jpg', '蓝波湾 精装修5房 家具家电齐', '蓝波湾  ', '低楼层(共6层)2005年建塔楼  -  博爱一北', '268万', '单价16750元/平米')
('https://image1.ljcdn.com/442000-inspection/e98fb7d5-34e9-459a-aa74-42dfccfd7cef.jpg.296x216.jpg', '精装一房  中高楼层 价格优惠 诚意出售', '骏华庭  ', '中楼层(共17层)板楼  -  小商品', '43万', '单价10750元/平米')
('', '中山奥园  精装三房两厅  南北对流', '奥园三期一区  ', '低楼层(共31层)板楼  -  广丰', '140万', '单价12111元/平米')
('https://image1.ljcdn.com/442000-inspection/28f0b048-113e-4451-baca-f40c928e37cb.JPG.296x216.jpg', '天海城 2室2厅 68万', '天海城  ', '低楼层(共7层)塔楼  -  小商品', '68万', '单价7312元/平米')
('https://image1.ljcdn.com/442000-inspection/eeafd0fb-8060-4894-bec6-0d1993261cdf.jpg.296x216.jpg', '精装四房 房产证过两年 诚意出售', '奥园三期二区  ', '低楼层(共32层)2012年建板楼  -  广丰', '170万', '单价12034元/平米')
('https://image1.ljcdn.com/442000-inspection/8db95074-cbb2-4bae-a94c-802e8a9e8cd0.jpg.296x216.jpg', '中山奥园 毛坯大三房 户型方正 看房方便 楼下就是小学', '奥园三期二区  ', '低楼层(共32层)2012年建板楼  -  广丰', '142.8万', '单价12000元/平米')
('https://image1.ljcdn.com/442000-inspection/530d3c9f-854f-4c11-8224-07e91eca87f7.jpg.296x216.jpg', '德顺苑 单身公寓 保养新净 过2年 税费少', '德顺苑  ', '低楼层(共9层)2000年建塔楼  -  国际酒店', '28万', '单价9656元/平米')
('https://image1.ljcdn.com/442000-inspection/24dc55c5-614a-46a1-a283-95fffb2a377b.jpg.296x216.jpg', '中山奥园 带装修四房 采光佳 户型方正', '奥园三期二区  ', '高楼层(共32层)2012年建板楼  -  广丰', '200万', '单价13889元/平米')
('https://image1.ljcdn.com/442000-inspection/14a88873-bff8-4234-bfbe-c290e1e74f5a.jpg.296x216.jpg', '精致一房一厅 周边配套齐全 繁华地段 采光视野好', '凯旋时代公寓  ', '低楼层(共25层)2010年建板楼  -  国际酒店', '60万', '单价14750元/平米')
('', '一房一厅  公寓诚意出售  欢迎咨询', '奥园二期五区  ', '中楼层(共29层)2012年建板楼  -  广丰', '50万', '单价12500元/平米')
('', '尚湖轩 4室2厅 265万', '尚湖轩  ', '低楼层(共18层)塔楼  -  彩虹', '265万', '单价16667元/平米')
('https://image1.ljcdn.com/442000-inspection/a06c6097-e790-4aef-924f-39179a9f682e.jpg.296x216.jpg', '远洋一方，户型方正，毛坯三房两卫，方便看房', '远洋一方  ', '高楼层(共31层)2016年建塔楼  -  彩虹', '194.4万', '单价13500元/平米')
('https://image1.ljcdn.com/442000-inspection/bbb40f68-0263-4028-8fc4-853fc79313d4.jpg.296x216.jpg', '中山奥园 毛坯三房 户型佳 小区环境好 南北对流', '奥园三期一区  ', '低楼层(共30层)2014年建板楼  -  广丰', '150万', '单价13044元/平米')
('https://image1.ljcdn.com/442000-inspection/d54bab3b-86bb-4f8d-87f0-516fc7959ced.jpg.296x216.jpg', '名仕天地 豪华装修满二 地段繁华 进步行街和烟州市场', '名仕天地  ', '中楼层(共16层)2006年建塔楼  -  国际酒店', '53万', '单价10000元/平米')
('https://image1.ljcdn.com/442000-inspection/0f2e670e-f349-4bc3-80f9-7529ffa1f9f1.jpg.296x216.jpg', '中山奥园     刚正户型    中高楼层', '奥园三期一区  ', '高楼层(共29层)2014年建板楼  -  广丰', '160.2万', '单价14969元/平米')
('https://image1.ljcdn.com/442000-inspection/db5c6ef9-d6af-45f0-85f1-bc3d108b8e0e.jpg.296x216.jpg', '凯旋时代精装修酒店式公寓 带租诚售', '凯旋时代公寓  ', '低楼层(共25层)2010年建板楼  -  国际酒店', '58万', '单价13230元/平米')
('', '奥园 毛坯大3房 小区单边位 带入户花园', '奥园二期三区  ', '中楼层(共27层)2013年建塔楼  -  广丰', '208.5万', '单价15000元/平米')
('', '博达汇峰 3室2厅 128万', '博达汇峰  ', '高楼层(共31层)塔楼  -  国际酒店', '128万', '单价16148元/平米')
('https://image1.ljcdn.com/442000-inspection/a03d01fc-272e-425a-9f05-e733fd3154ca.jpg.296x216.jpg', '棕榈彩虹 精装修三房 南北朝向 看小区', '棕榈彩虹  ', '高楼层(共16层)2010年建塔楼  -  彩虹', '173万', '单价16475元/平米')
('https://image1.ljcdn.com/442000-inspection/38827103-1e1b-4662-b24f-b73310a852cf.jpg.296x216.jpg', '蓝波湾小区 精装修 电梯3房家电齐全', '蓝波湾  ', '低楼层(共11层)2005年建塔楼  -  博爱一北', '145万', '单价12167元/平米')
('https://image1.ljcdn.com/442000-inspection/c24c3d96-088c-4e28-aacc-6841d362c22f.jpg.296x216.jpg', '西区翠景湾，精致2房出售，满五唯一。', '翠景花园四期翠景湾  ', '低楼层(共11层)2005年建塔楼  -  天悦城', '96万', '单价11570元/平米')
('https://image1.ljcdn.com/442000-inspection/2f5e02ac-f198-453c-933c-67f28cbf253c.jpg.296x216.jpg', '中山奥园 毛坯4房 南北对流 面积实用', '奥园三期一区  ', '中楼层(共31层)2014年建板楼  -  广丰', '176.8万', '单价13000元/平米')
('https://image1.ljcdn.com/442000-inspection/6dbe5f3f-48c7-4dd5-a73a-2968378e14ce.jpg.296x216.jpg', '西区电脑城，西苑广场，精装公寓，诚心出租！', '西苑广场  ', '中楼层(共23层)板楼  -  国际酒店', '42万', '单价11667元/平米')
('', '奥园二期五区 1室1厅 58万', '奥园二期五区  ', '中楼层(共29层)2012年建板楼  -  广丰', '58万', '单价14500元/平米')
('https://image1.ljcdn.com/442000-inspection/4174ad59-23d7-4a0c-b77d-b7a1a93c138d.JPG.296x216.jpg', '小区采光通透，周 边配套成熟，房子户型方正', '德顺苑  ', '高楼层(共9层)2000年建塔楼  -  国际酒店', '118万', '单价10826元/平米')
('https://image1.ljcdn.com/442000-inspection/85c3bd75-2299-43be-8c28-622c75e0bc45.jpg.296x216.jpg', '中山奥园 装修三房 环境优美 满五年 中山一套', '奥园二期五区  ', '低楼层(共28层)2012年建板楼  -  广丰', '180万', '单价13954元/平米')
('https://image1.ljcdn.com/442000-inspection/82f1743c-b72b-4861-b3fe-d5a59c6b02a7.jpg.296x216.jpg', '中山奥园 新净毛坯四房 小区环境优美', '奥园一期五区索菲亚区  ', '1层暂无数据  -  广丰', '496万', '单价20000元/平米')
('https://image1.ljcdn.com/442000-inspection/4aeb4554-28b3-46b5-98c1-157a53180310.jpg.296x216.jpg', '天悦城商圈 愉翠雅园 精装2房 业主诚心出售', '愉翠雅园  ', '中楼层(共6层)2005年建塔楼  -  小商品', '90万', '单价12184元/平米')
('https://image1.ljcdn.com/442000-inspection/765ed93c-da9f-4967-898d-6bd1644a11c5.jpg.296x216.jpg', '西区奥园  四房别墅 前后花园  证过两年  看房方便', '奥园一期四区布拉诺区  ', '1层暂无数据  -  广丰', '443万', '单价19516元/平米')
('https://image1.ljcdn.com/442000-inspection/a0387739-c2f0-45a1-baa4-1609b1648c1f.jpg.296x216.jpg', '朝东户型  精装公寓  诚意出售', '奥园二期五区  ', '高楼层(共29层)2012年建板楼  -  广丰', '48万', '单价12000元/平米')
('', '凯旋时代公寓 精装 高楼层 通风采光好', '凯旋时代公寓  ', '高楼层(共25层)2010年建板楼  -  国际酒店', '90万', '单价16982元/平米')
('', '城市空间 3室1厅 88万', '城市空间  ', '中楼层(共31层)塔楼  -  彩虹', '88万', '单价11000元/平米')
('https://image1.ljcdn.com/442000-inspection/93cc66b1-7ab3-46eb-bc7e-103843d76c8f.jpg.296x216.jpg', '奥园 联排别墅 毛坯4房套间 带车库', '奥园一期五区索菲亚区  ', '1层暂无数据  -  广丰', '370万', '单价15812元/平米')
('https://image1.ljcdn.com/442000-inspection/63453ed3-eda5-4a30-a30c-90ced0d2fd46.jpg.296x216.jpg', '尚湖轩 大三房 诚心 出售 带装修', '尚湖轩  ', '低楼层(共18层)塔楼  -  彩虹', '190万', '单价14158元/平米')
('https://image1.ljcdn.com/442000-inspection/961ea515-0eb8-4ca3-b2ea-a40ea8d67a4d.jpg.296x216.jpg', '远洋香缇，毛坯三房一卫，采光充足，人车分流', '远洋香缇  ', '低楼层(共31层)塔楼  -  沙朗', '120.2万', '单价13500元/平米')
('https://image1.ljcdn.com/442000-inspection/20499389-2e6f-4118-8cb4-70d64c21499c.jpg.296x216.jpg', '滨江一号 精美装修大四房 中高楼层 采光良好', '滨江一号  ', '中楼层(共16层)2016年建塔楼  -  彩虹', '320万', '单价15095元/平米')
('', '雅居乐品牌 剑桥郡公寓 户型很好', '雅居乐剑桥郡  ', '低楼层(共33层)2015年建塔楼  -  铁城小学', '148.5万', '单价13500元/平米')
('', '尚湖轩 商用公寓 一房一厅 交通大动脉彩虹大道上', '尚湖轩  ', '中楼层(共19层)2015年建塔楼  -  彩虹', '57万', '单价15000元/平米')
('https://image1.ljcdn.com/442000-inspection/9b97a843-c6bd-4fa1-9036-f04ddc70407c.jpg.296x216.jpg', '中山奥园，新净毛坯3房小别墅，带地下车库', '奥园一期五区索菲亚区  ', '3层暂无数据  -  广丰', '270万', '单价15376元/平米')
('https://image1.ljcdn.com/442000-inspection/57e5ad65-da40-4295-b92c-dc3e6b3472bd.jpg.296x216.jpg', '带精装修、装修保养好、全屋家私家电全送', '美林假日  ', '低楼层(共26层)2013年建塔楼  -  沙朗', '208万', '单价16640元/平米')
('https://image1.ljcdn.com/442000-inspection/6840a0a4-633c-43a5-87e5-461373071d79.jpg.296x216.jpg', '御水湾 精品一居 南北通透 采光好', '御水湾  ', '高楼层(共21层)塔楼  -  新中医院', '78万', '单价13449元/平米')
('https://image1.ljcdn.com/442000-inspection/d7940d18-5099-40a0-92f8-5c33b9099313.jpg.296x216.jpg', '中山奥园 中高楼层 毛坯三房 格局方正', '奥园二期五区  ', '高楼层(共27层)2012年建板楼  -  广丰', '155万', '单价13106元/平米')
('', '金沙新城 3室2厅 87万', '金沙新城  ', '低楼层(共6层)暂无数据  -  沙朗', '87万', '单价7250元/平米')
('', '中山奥园  精装公寓  中层看别墅', '奥园二期五区  ', '低楼层(共29层)2012年建板楼  -  广丰', '50万', '单价12500元/平米')
('https://image1.ljcdn.com/442000-inspection/398d34fd-e823-4b2c-9d69-0fe94e7d1cd6.JPG.296x216.jpg', '天海城7楼3房改成4房南北向小区中间比较安静', '天海城  ', '高楼层(共7层)塔楼  -  小商品', '70万', '单价6714元/平米')
('https://image1.ljcdn.com/442000-inspection/a31334c1-cfa9-411e-9c4b-e53e6a213fae.jpg.296x216.jpg', '时代白朗峰 毛坯复式五房 格局方正 观岐江公园 岐江景', '白朗峰  ', '高楼层(共30层)塔楼  -  国际酒店', '700万', '单价13410元/平米')
('https://image1.ljcdn.com/442000-inspection/b719722d-82f1-440a-b25e-05a4005244ac.jpg.296x216.jpg', '楼层好，精装，视野广阔，投资首选。', '雅居乐剑桥郡  ', '高楼层(共33层)2015年建塔楼  -  铁城小学', '103万', '单价13503元/平米')
('https://image1.ljcdn.com/442000-inspection/c77823ac-129c-4e72-845a-6fc063975812.jpg.296x216.jpg', '尚湖轩 4室2厅 240万', '尚湖轩  ', '高楼层(共18层)塔楼  -  彩虹', '240万', '单价15000元/平米')
('', '奥园三期一区 3室2厅 158万', '奥园三期一区  ', '中楼层(共31层)板楼  -  广丰', '158万', '单价13621元/平米')
('https://image1.ljcdn.com/442000-inspection/3797d9b2-358e-4c1d-9616-28c404c91411.jpg.296x216.jpg', '中山奥园  装修三房   高楼层 视野开阔 看房方便', '奥园二期五区  ', '高楼层(共27层)2012年建板楼  -  广丰', '168万', '单价13334元/平米')
('https://image1.ljcdn.com/442000-inspection/2f6301a4-1da4-480c-b4df-d05aabede198.jpg.296x216.jpg', '一楼带花园 朝南户型 诚意出售', '奥园三期一区  ', '低楼层(共32层)2014年建板楼  -  广丰', '155万', '单价13026元/平米')
('https://image1.ljcdn.com/442000-inspection/03254ebe-2bd9-442c-b74e-0973f0d57601.jpg.296x216.jpg', '雅居乐剑桥郡户型方正实用诚心出售', '剑桥郡花园五区睿爵  ', '低楼层(共40层)2015年建塔楼  -  铁城小学', '180万', '单价19355元/平米')
('https://image1.ljcdn.com/442000-inspection/b493b3be-cf45-4f4b-ac8a-097834e8bbad.jpg.296x216.jpg', '大信新家园二期复式房、高档装修、保养好、家电全送', '大信新家园二期  ', '高楼层(共11层)2011年建塔楼  -  彩虹', '265万', '单价21658元/平米')
('', '毛坯三房   朝南户型   诚意出售', '奥园三期一区  ', '高楼层(共31层)2014年建板楼  -  广丰', '146.4万', '单价12000元/平米')
('https://image1.ljcdn.com/442000-inspection/5507d604-23de-4785-aa59-8b29d55f56fb.jpg.296x216.jpg', '尚湖轩    动静分区 格局方正全新装修', '尚湖轩  ', '中楼层(共18层)2010年建塔楼  -  彩虹', '216万', '单价18000元/平米')
('https://image1.ljcdn.com/442000-inspection/b2193a98-148f-4713-9ee6-f860611503ad.jpg.296x216.jpg', '中山奥园 联排别墅 单边位置 前后花园 采光好', '奥园一期二区保格利区  ', '3层2011年建暂无数据  -  广丰', '450万', '单价19231元/平米')
('https://image1.ljcdn.com/442000-inspection/b822f01b-f1aa-41d5-ab87-40a6f8817175.jpg.296x216.jpg', '繁华富华道上 德顺苑业主诚意卖', '德顺苑  ', '高楼层(共9层)2000年建塔楼  -  国际酒店', '115万', '单价10551元/平米')
('https://image1.ljcdn.com/442000-inspection/6124e954-8df0-4804-be2c-a2ca2cf0dab8.jpg.296x216.jpg', '中山奥园 联排别墅 前后花园 带地下车库', '奥园一期五区索菲亚区  ', '1层暂无数据  -  广丰', '360万', '单价20000元/平米')
('', '凯旋时代公寓 1室1厅 58万', '凯旋时代公寓  ', '低楼层(共25层)2010年建板楼  -  国际酒店', '58万', '单价13230元/平米')
('', '长乐新村 步梯7楼 方正3房 无电梯', '长乐新村  ', '高楼层(共7层)塔楼  -  天悦城', '60万', '单价6250元/平米')
('https://image1.ljcdn.com/442000-inspection/e10eed8f-d8bb-40da-90b2-85458c4e52b0.jpg.296x216.jpg', '美林假日   毛坯三房  诚意出售', '美林假日  ', '高楼层(共30层)暂无数据  -  沙朗', '139万', '单价11983元/平米')
('https://image1.ljcdn.com/442000-inspection/ca99a8ef-84c1-4c40-a69b-a0761d838b02.jpg.296x216.jpg', '中山奥园 装修两房 朝南户型 视野开阔 看房方便', '奥园二期五区  ', '中楼层(共23层)2012年建板楼  -  广丰', '100万', '单价13076元/平米')
('https://image1.ljcdn.com/442000-inspection/46bbf9a1-4269-4d33-a60f-d261e37db2ff.jpg.296x216.jpg', '蓝波湾，精装复式，南北对流，诚心出售。', '蓝波湾  ', '高楼层(共11层)2005年建塔楼  -  博爱一北', '310万', '单价16417元/平米')
('', '奥园一房一厅 采光环境好  适合情侣居住', '奥园二期五区  ', '高楼层(共29层)2012年建板楼  -  广丰', '50万', '单价12500元/平米')
('', '中山西区奥园 毛坯三房 朝南向 中高楼层', '奥园三期一区  ', '高楼层(共32层)2014年建板楼  -  广丰', '140万', '单价12845元/平米')
('https://image1.ljcdn.com/442000-inspection/f018cec7-8c99-4a0e-9dab-ab0f8d86b3af.jpg.296x216.jpg', '西区奥园 南北对流 毛坯三房 采光通风', '奥园三期一区  ', '中楼层(共29层)2014年建板楼  -  广丰', '135万', '单价11740元/平米')
('https://image1.ljcdn.com/442000-inspection/5ee0f3ec-248b-4930-9c86-ebb512c92e40.jpg.296x216.jpg', '天悦城附近 一房出售 中间楼层 安静舒适', '创兴广场  ', '中楼层(共5层)2005年建塔楼  -  小商品', '39万', '单价8706元/平米')
('https://image1.ljcdn.com/442000-inspection/bcb4ccd8-ae14-48a5-9148-837ff5896801.jpg.296x216.jpg', '翠景南路 壹加壹附近精装四房+车位 只需交契税', '翠景花园四期翠景湾  ', '高楼层(共10层)2005年建塔楼  -  天悦城', '180万', '单价12858元/平米')
('', '柏景苑 3室2厅 130万', '柏景苑  ', '中楼层(共11层)2006年建板楼  -  天悦城', '130万', '单价13000元/平米')
('', '中山奥园 景观好 毛坯三房 采光通风', '奥园三期一区  ', '中楼层(共31层)板楼  -  广丰', '140万', '单价12069元/平米')
('https://image1.ljcdn.com/442000-inspection/7f976b20-5910-4682-9b0f-e66e450a82b2.jpg.296x216.jpg', '蓝波湾 东南朝向大单位 复式四层 不一样的生活居所', '蓝波湾  ', '高楼层(共7层)2005年建塔楼  -  博爱一北', '216万', '单价11678元/平米')
('https://image1.ljcdn.com/442000-inspection/d3252cf4-0a88-495c-b299-50f4bb09d2e7.jpg.296x216.jpg', '繁华中心公寓，交通方便，商业娱乐中心', '凯旋时代公寓  ', '高楼层(共25层)板楼  -  国际酒店', '53万', '单价13767元/平米')
('https://image1.ljcdn.com/442000-inspection/fb414aa0-2272-4857-9493-d7d0f361b990.jpg.296x216.jpg', '远洋一方  毛坯三房 诚心出售', '远洋一方  ', '低楼层(共31层)2016年建塔楼  -  彩虹', '169万', '单价13967元/平米')
('', '滨江一号  三房两厅二卫 毛坯出售', '滨江一号  ', '低楼层(共16层)2016年建塔楼  -  彩虹', '180万', '单价13223元/平米')
('', '凯旋时代公寓 1房1厅 户型方正 交通方便', '凯旋时代公寓  ', '中楼层(共25层)2010年建板楼  -  国际酒店', '65万', '单价13034元/平米')
('https://image1.ljcdn.com/442000-inspection/b2c1838d-88d6-4384-ad58-a13595b4fe96.jpg.296x216.jpg', '中山奥园 四房两厅 南北对流 户型方正', '奥园二期五区  ', '低楼层(共32层)2012年建板楼  -  广丰', '201.6万', '单价12000元/平米')
('https://image1.ljcdn.com/442000-inspection/85522104-91a3-4235-85ee-a49881fc73de.jpg.296x216.jpg', '翠景花园一期，顶楼三房，可上楼顶露台', '翠景花园一期  ', '高楼层(共7层)1997年建塔楼  -  天悦城', '95万', '单价10327元/平米')
('https://image1.ljcdn.com/442000-inspection/97c4325f-cbf8-4162-a8ed-3bdc0e2827bb.jpg.296x216.jpg', '西区奥园 南北对流 精装三房 户型方正', '奥园三期二区  ', '中楼层(共32层)2012年建板楼  -  广丰', '230万', '单价16789元/平米')
('', '柏景台 4室2厅 140万', '柏景台  ', '高楼层(共28层)板塔结合  -  小商品', '140万', '单价9379元/平米')
('', '西区精致3房 电梯高层 格局方正不靠路', '西苑广场  ', '高楼层(共23层)塔楼  -  国际酒店', '99万', '单价9000元/平米')
('https://image1.ljcdn.com/442000-inspection/2f5e2ab1-44d1-4947-b63c-e7463ed10e47.jpg.296x216.jpg', '美林假日 2室2厅 95万', '美林假日  ', '高楼层(共26层)2013年建塔楼  -  沙朗', '95万', '单价11047元/平米')
('https://image1.ljcdn.com/442000-inspection/e88ac5b9-3cff-468c-ab63-b90fbe685cfc.jpg.296x216.jpg', '棕榈彩虹3房2厅1厨2卫采光好房出售', '棕榈彩虹  ', '中楼层(共17层)2010年建塔楼  -  彩虹', '170万', '单价16891元/平米')
('https://image1.ljcdn.com/442000-inspection/faf36e82-1566-414b-b11e-fb7446373b2b.jpg.296x216.jpg', '雅居乐剑桥郡 2室1厅 150万', '雅居乐剑桥郡  ', '高楼层(共33层)2015年建塔楼  -  铁城小学', '150万', '单价15152元/平米')
('https://image1.ljcdn.com/442000-inspection/d5e96624-d38b-4e4c-9d06-aeb4ef708bcb.jpg.296x216.jpg', '星晨广场二期 3室2厅 160万', '星晨广场二期  ', '高楼层(共15层)2008年建塔楼  -  彩虹', '160万', '单价13676元/平米')
('', '尚湖轩二期 2室1厅 87万', '尚湖轩二期  ', '中楼层(共20层)2014年建塔楼  -  彩虹', '87万', '单价18914元/平米')
('https://image1.ljcdn.com/442000-inspection/f56dc31a-e58f-41f3-b37d-e2244500595c.jpg.296x216.jpg', '滨江一号 3室2厅 210万', '滨江一号  ', '低楼层(共16层)2016年建塔楼  -  彩虹', '210万', '单价15419元/平米')
('', '名仕天地 一房一厅 诚意出售 地段好', '名仕天地  ', '中楼层(共13层)2006年建塔楼  -  国际酒店', '52万', '单价9630元/平米')
('https://image1.ljcdn.com/442000-inspection/097704c8-46b1-43a6-b518-a805def693fb.jpg.296x216.jpg', '精装修 中高楼层 采光好 产权清晰 诚意出售', '柏景台  ', '高楼层(共28层)板塔结合  -  小商品', '100万', '单价6994元/平米')
('https://image1.ljcdn.com/442000-inspection/27b02a19-713e-4673-92d8-0401a2e211c7.jpg.296x216.jpg', '愉翠雅园，两房两厅，税费低，价格便宜，诚心出售。', '愉翠雅园  ', '低楼层(共6层)2005年建塔楼  -  小商品', '92万', '单价12398元/平米')
('https://image1.ljcdn.com/442000-inspection/cce1f35b-0d97-47d8-9140-f3f942e410ed.jpg.296x216.jpg', '剑桥郡  毛坯三房 电梯高层 无欠款 诚意卖 带入户花园', '雅居乐剑桥郡  ', '高楼层(共38层)2015年建塔楼  -  铁城小学', '170万', '单价14656元/平米')
('', '金怡苑B区 3室2厅 83万', '金怡苑B区  ', '中楼层(共6层)2004年建板楼  -  沙朗', '83万', '单价8235元/平米')
('https://image1.ljcdn.com/442000-inspection/d45684d2-289d-45e4-9a3a-b204bd350eae.jpg.296x216.jpg', '带精装修，20平方空中花园，送部分家私家电。', '美林假日  ', '高楼层(共26层)2013年建塔楼  -  沙朗', '145万', '单价12185元/平米')
('https://image1.ljcdn.com/442000-inspection/66b65ef0-5823-4ef6-b9f5-3849456a0a72.jpg.296x216.jpg', '剑桥郡 毛坯三房 赠送面积多 赠送车位', '剑桥郡花园五区睿爵  ', '高楼层(共40层)2015年建塔楼  -  铁城小学', '233万', '单价15638元/平米')
('https://image1.ljcdn.com/442000-inspection/616f754b-e52e-45d3-a463-04d1cdca84da.jpg.296x216.jpg', '西区小学 世家花园 三房诚心出售 看房方便', '名仕经典世家  ', '低楼层(共13层)2007年建板楼  -  国际酒店', '101万', '单价13467元/平米')
('https://image1.ljcdn.com/442000-inspection/211277f3-da78-43ea-a903-41462f954750.jpg.296x216.jpg', '金沙新城 2室2厅 48万', '金沙新城  ', '低楼层(共7层)暂无数据  -  沙朗', '48万', '单价7341元/平米')
('https://image1.ljcdn.com/442000-inspection/167644f4-e918-4471-b319-417b2d70ccdb.JPG.296x216.jpg', '柏景苑 天悦城侧 精致3房 诚意出售 保养良好', '柏景苑  ', '低楼层(共11层)2006年建板楼  -  天悦城', '138万', '单价13019元/平米')
('https://image1.ljcdn.com/442000-inspection/eb96e1a5-3469-482c-be56-3c41ac942f6a.jpg.296x216.jpg', '西区明景坊 简装复式出售 格局方正 采光很好 大信商圈', '明景坊  ', '高楼层(共6层)板楼  -  小商品', '43万', '单价10799元/平米')
('', '翠景花园四期翠景湾 3室2厅 130万', '翠景花园四期翠景湾  ', '低楼层(共11层)2005年建塔楼  -  天悦城', '130万', '单价13785元/平米')
('https://image1.ljcdn.com/442000-inspection/01c8ae79-76e9-4af0-ab52-a7a5d80a8aa0.jpg.296x216.jpg', '愉翠雅园 复式3房 送大平台 朝南采光好 值得拥有', '愉翠雅园  ', '高楼层(共6层)2005年建塔楼  -  小商品', '128万', '单价15059元/平米')
('https://image1.ljcdn.com/442000-inspection/42f31b47-53a6-47d3-8213-17375fe47c2e.jpg.296x216.jpg', '沙朗金怡苑 步梯二楼 带大平台 户型方正', '金怡苑A区  ', '低楼层(共7层)2004年建板楼  -  沙朗', '150万', '单价11905元/平米')
('', '龙光水悦熙园 4室2厅 188万', '龙光水悦熙园  ', '低楼层(共16层)塔楼  -  新中医院', '188万', '单价15040元/平米')
('https://image1.ljcdn.com/442000-inspection/5dc2a43e-e14c-40d7-96a7-d563352237e6.jpg.296x216.jpg', '中山奥园 毛坯两房 东南向 看别墅', '奥园三期一区  ', '高楼层(共31层)板楼  -  广丰', '110万', '单价12942元/平米')
('https://image1.ljcdn.com/442000-inspection/91fa64d0-da5b-4fa8-919a-658fc5c0b05e.jpg.296x216.jpg', '德顺苑 一房公寓 住宅性质 70年产权 出租中', '德顺苑  ', '中楼层(共9层)2000年建塔楼  -  国际酒店', '33万', '单价10323元/平米')
('', '龙光水悦熙园 4室2厅 185万', '龙光水悦熙园  ', '低楼层(共16层)2014年建塔楼  -  新中医院', '185万', '单价15447元/平米')
('https://image1.ljcdn.com/442000-inspection/8c30c5a1-b84e-4a25-a778-b6d32d0f4750.JPG.296x216.jpg', '富华道10号西苑广场电梯住宅楼3房改2房朝北高层', '西苑广场  ', '高楼层(共23层)塔楼  -  国际酒店', '90万', '单价8257元/平米')
('', '龙光水悦熙园 4室2厅 193万', '龙光水悦熙园  ', '高楼层(共16层)2014年建塔楼  -  新中医院', '193万', '单价14824元/平米')
('', '名仕经典世家 一房一厅 满五唯一 精装修 现出租', '名仕经典世家  ', '中楼层(共13层)2007年建板楼  -  国际酒店', '64万', '单价16000元/平米')
('', '凯旋时代公寓 1室1厅 65万', '凯旋时代公寓  ', '中楼层(共25层)2010年建板楼  -  国际酒店', '65万', '单价13830元/平米')
('https://image1.ljcdn.com/442000-inspection/429c9ea5-ff10-40a0-93c9-a510e7f96a96.jpg.296x216.jpg', '剑桥郡 精装2房 西南向 看小区泳池景观', '雅居乐剑桥郡  ', '低楼层(共33层)2015年建塔楼  -  铁城小学', '140万', '单价12500元/平米')
('', '奥园三期一区 3室2厅 133.7万', '奥园三期一区  ', '高楼层(共29层)2014年建板楼  -  广丰', '133.7万', '单价12496元/平米')
